inventory_id,store_id,store_area,store_demand_level,product_id,product_name,category,price,demand_frequency,storage_type,current_stock,optimal_stock,reorder_point,stock_status,avg_daily_sales,total_sold_90days,num_orders_90days,stockout_incidents,days_until_stockout,last_restock_date,inventory_value
INV00000001,DS001,T Nagar,High,P0001,Amul Taaza Toned Milk 500ml,"Dairy, Bread & Eggs",28,High,Refrigerated,10,10,3,In Stock,1.3,117,80,2,7.7,2026-02-13,280
INV00000002,DS001,T Nagar,High,P0002,Amul Taaza Toned Milk 1L,"Dairy, Bread & Eggs",56,High,Refrigerated,6,10,3,In Stock,1.49,134,87,0,4.0,2026-02-14,336
INV00000003,DS001,T Nagar,High,P0003,Amul Gold Full Cream Milk 500ml,"Dairy, Bread & Eggs",32,High,Refrigerated,9,9,3,In Stock,1.46,131,84,2,6.2,2026-02-14,288
INV00000004,DS001,T Nagar,High,P0004,Amul Gold Full Cream Milk 1L,"Dairy, Bread & Eggs",64,High,Refrigerated,10,10,3,In Stock,1.48,133,82,0,6.8,2026-02-14,640
INV00000005,DS001,T Nagar,High,P0005,Heritage Fresh Milk 500ml,"Dairy, Bread & Eggs",30,High,Refrigerated,8,9,3,In Stock,1.42,128,89,0,5.6,2026-02-10,240
INV00000006,DS001,T Nagar,High,P0006,Nandini Milk 500ml,"Dairy, Bread & Eggs",26,Medium,Refrigerated,3,5,3,Low Stock,0.42,38,29,1,7.1,2026-02-11,78
INV00000007,DS001,T Nagar,High,P0007,Amul Fresh Cream 250ml,"Dairy, Bread & Eggs",85,High,Refrigerated,6,9,3,In Stock,1.3,117,85,1,4.6,2026-02-12,510
INV00000008,DS001,T Nagar,High,P0008,Amul Masti Curd 400g,"Dairy, Bread & Eggs",32,High,Refrigerated,7,9,3,In Stock,1.43,129,90,0,4.9,2026-02-10,224
INV00000009,DS001,T Nagar,High,P0009,Mother Dairy Curd 400g,"Dairy, Bread & Eggs",30,High,Refrigerated,8,8,3,In Stock,1.24,112,82,1,6.5,2026-02-10,240
INV00000010,DS001,T Nagar,High,P0010,Nestle Dahi 400g,"Dairy, Bread & Eggs",35,High,Refrigerated,4,9,3,In Stock,1.33,120,82,2,3.0,2026-02-14,140
INV00000011,DS001,T Nagar,High,P0011,Amul Salted Butter 100g,"Dairy, Bread & Eggs",56,High,Refrigerated,4,8,3,In Stock,1.24,112,72,1,3.2,2026-02-13,224
INV00000012,DS001,T Nagar,High,P0012,Amul Salted Butter 500g,"Dairy, Bread & Eggs",270,Medium,Refrigerated,4,5,3,In Stock,0.39,35,24,1,10.3,2026-02-10,1080
INV00000013,DS001,T Nagar,High,P0013,Britannia Butter 100g,"Dairy, Bread & Eggs",54,High,Refrigerated,4,7,3,In Stock,1.16,104,74,0,3.4,2026-02-12,216
INV00000014,DS001,T Nagar,High,P0014,Amul Cheese Slices 200g,"Dairy, Bread & Eggs",130,Medium,Refrigerated,2,5,3,Low Stock,0.66,59,37,2,3.0,2026-02-09,260
INV00000015,DS001,T Nagar,High,P0015,Britannia Cheese Slices 200g,"Dairy, Bread & Eggs",125,Medium,Refrigerated,4,5,3,In Stock,0.53,48,33,0,7.5,2026-02-14,500
INV00000016,DS001,T Nagar,High,P0016,Amul Processed Cheese Block 200g,"Dairy, Bread & Eggs",110,High,Refrigerated,7,7,3,In Stock,1.2,108,75,2,5.8,2026-02-11,770
INV00000017,DS001,T Nagar,High,P0017,Mother Dairy Paneer 200g,"Dairy, Bread & Eggs",95,Medium,Refrigerated,2,5,3,Low Stock,0.4,36,20,1,5.0,2026-02-11,190
INV00000018,DS001,T Nagar,High,P0018,Amul Fresh Paneer 200g,"Dairy, Bread & Eggs",90,High,Refrigerated,7,8,3,In Stock,1.23,111,76,1,5.7,2026-02-14,630
INV00000019,DS001,T Nagar,High,P0019,Nandini Paneer 200g,"Dairy, Bread & Eggs",85,High,Refrigerated,10,10,3,In Stock,1.48,133,90,0,6.8,2026-02-09,850
INV00000020,DS001,T Nagar,High,P0020,Farm Fresh White Eggs 6 pcs,"Dairy, Bread & Eggs",48,High,Refrigerated,3,9,3,Low Stock,1.34,121,78,1,2.2,2026-02-13,144
INV00000021,DS001,T Nagar,High,P0021,Farm Fresh Brown Eggs 6 pcs,"Dairy, Bread & Eggs",60,High,Refrigerated,7,9,3,In Stock,1.6,144,89,2,4.4,2026-02-11,420
INV00000022,DS001,T Nagar,High,P0022,Farm Fresh White Eggs 10 pcs,"Dairy, Bread & Eggs",75,High,Refrigerated,6,8,3,In Stock,1.22,110,71,0,4.9,2026-02-13,450
INV00000023,DS001,T Nagar,High,P0023,Amul Kool Milk Drink 200ml,"Dairy, Bread & Eggs",20,High,Refrigerated,6,9,3,In Stock,1.43,129,85,2,4.2,2026-02-10,120
INV00000024,DS001,T Nagar,High,P0024,Amul Lassi 200ml,"Dairy, Bread & Eggs",25,High,Refrigerated,5,9,3,In Stock,1.43,129,82,2,3.5,2026-02-12,125
INV00000025,DS001,T Nagar,High,P0025,Mother Dairy Mishti Doi 400g,"Dairy, Bread & Eggs",42,Medium,Refrigerated,5,5,3,In Stock,0.51,46,29,2,9.8,2026-02-10,210
INV00000026,DS001,T Nagar,High,P0026,Britannia Bread Large,"Dairy, Bread & Eggs",40,High,Refrigerated,7,7,3,In Stock,1.1,99,75,2,6.4,2026-02-13,280
INV00000027,DS001,T Nagar,High,P0027,Modern Bread Sandwich,"Dairy, Bread & Eggs",45,Medium,Refrigerated,5,5,3,In Stock,0.57,51,35,1,8.8,2026-02-11,225
INV00000028,DS001,T Nagar,High,P0028,Harvest Gold Bread,"Dairy, Bread & Eggs",42,High,Refrigerated,9,10,3,In Stock,1.39,125,78,2,6.5,2026-02-15,378
INV00000029,DS001,T Nagar,High,P0029,English Oven Brown Bread,"Dairy, Bread & Eggs",50,High,Refrigerated,23,22,6,In Stock,0.0,0,0,0,999.0,2026-02-12,1150
INV00000030,DS001,T Nagar,High,P0030,Onion 1kg,Fruits & Vegetables,35,High,Ambient,4,5,3,In Stock,0.72,65,65,0,5.6,2026-02-14,140
INV00000031,DS001,T Nagar,High,P0031,Tomato 1kg,Fruits & Vegetables,45,High,Ambient,5,6,3,In Stock,0.78,70,70,2,6.4,2026-02-13,225
INV00000032,DS001,T Nagar,High,P0032,Potato 1kg,Fruits & Vegetables,28,High,Ambient,6,7,3,In Stock,0.96,86,86,1,6.2,2026-02-11,168
INV00000033,DS001,T Nagar,High,P0033,Green Chilli 100g,Fruits & Vegetables,15,High,Ambient,2,5,3,Low Stock,0.7,63,63,1,2.9,2026-02-12,30
INV00000034,DS001,T Nagar,High,P0034,Ginger 200g,Fruits & Vegetables,40,High,Ambient,5,6,3,In Stock,0.88,79,79,0,5.7,2026-02-10,200
INV00000035,DS001,T Nagar,High,P0035,Garlic 250g,Fruits & Vegetables,55,High,Ambient,2,5,3,Low Stock,0.83,75,75,1,2.4,2026-02-15,110
INV00000036,DS001,T Nagar,High,P0036,Coriander Leaves 100g,Fruits & Vegetables,15,High,Refrigerated,6,6,3,In Stock,0.81,73,73,2,7.4,2026-02-11,90
INV00000037,DS001,T Nagar,High,P0037,Curry Leaves 100g,Fruits & Vegetables,20,High,Refrigerated,3,5,3,Low Stock,0.76,68,68,0,3.9,2026-02-09,60
INV00000038,DS001,T Nagar,High,P0038,Lemon 250g (4-5pcs),Fruits & Vegetables,25,High,Ambient,4,5,3,In Stock,0.78,70,70,0,5.1,2026-02-12,100
INV00000039,DS001,T Nagar,High,P0039,Carrot 500g,Fruits & Vegetables,30,High,Ambient,4,5,3,In Stock,0.86,77,77,1,4.7,2026-02-09,120
INV00000040,DS001,T Nagar,High,P0040,Beans 500g,Fruits & Vegetables,45,High,Ambient,5,5,3,In Stock,0.77,69,69,1,6.5,2026-02-13,225
INV00000041,DS001,T Nagar,High,P0041,Capsicum Green 500g,Fruits & Vegetables,50,High,Ambient,4,5,3,In Stock,0.77,69,69,1,5.2,2026-02-15,200
INV00000042,DS001,T Nagar,High,P0042,Cabbage 1pc,Fruits & Vegetables,35,High,Ambient,6,6,3,In Stock,0.82,74,74,1,7.3,2026-02-10,210
INV00000043,DS001,T Nagar,High,P0043,Cauliflower 1pc,Fruits & Vegetables,40,High,Ambient,5,6,3,In Stock,1.04,94,94,2,4.8,2026-02-15,200
INV00000044,DS001,T Nagar,High,P0044,Brinjal 500g,Fruits & Vegetables,35,High,Ambient,2,6,3,Low Stock,0.8,72,72,0,2.5,2026-02-10,70
INV00000045,DS001,T Nagar,High,P0045,Ladies Finger 500g,Fruits & Vegetables,40,High,Ambient,4,5,3,In Stock,0.68,61,61,1,5.9,2026-02-09,160
INV00000046,DS001,T Nagar,High,P0046,Beetroot 500g,Fruits & Vegetables,35,High,Ambient,4,5,3,In Stock,0.64,58,58,1,6.2,2026-02-12,140
INV00000047,DS001,T Nagar,High,P0047,Radish White 500g,Fruits & Vegetables,30,High,Ambient,5,5,3,In Stock,0.74,67,67,0,6.8,2026-02-12,150
INV00000048,DS001,T Nagar,High,P0048,Bottle Gourd 1pc,Fruits & Vegetables,35,High,Ambient,2,5,3,Low Stock,0.68,61,61,0,2.9,2026-02-11,70
INV00000049,DS001,T Nagar,High,P0049,Bitter Gourd 500g,Fruits & Vegetables,45,High,Ambient,4,5,3,In Stock,0.71,64,64,1,5.6,2026-02-15,180
INV00000050,DS001,T Nagar,High,P0050,Banana Robusta 6pcs,Fruits & Vegetables,35,High,Ambient,4,5,3,In Stock,0.9,81,81,1,4.4,2026-02-13,140
INV00000051,DS001,T Nagar,High,P0051,Apple Shimla 4pcs,Fruits & Vegetables,140,High,Ambient,3,5,3,Low Stock,0.68,61,61,0,4.4,2026-02-13,420
INV00000052,DS001,T Nagar,High,P0052,Pomegranate 1pc,Fruits & Vegetables,85,High,Ambient,7,7,3,In Stock,1.13,102,102,0,6.2,2026-02-12,595
INV00000053,DS001,T Nagar,High,P0053,Orange 500g,Fruits & Vegetables,50,High,Ambient,2,5,3,Low Stock,0.67,60,60,0,3.0,2026-02-15,100
INV00000054,DS001,T Nagar,High,P0054,Sweet Lime 500g,Fruits & Vegetables,45,High,Ambient,2,5,3,Low Stock,0.77,69,69,1,2.6,2026-02-12,90
INV00000055,DS001,T Nagar,High,P0055,Watermelon 1pc (3-4kg),Fruits & Vegetables,80,High,Ambient,4,5,3,In Stock,0.67,60,60,0,6.0,2026-02-10,320
INV00000056,DS001,T Nagar,High,P0056,Papaya 1pc,Fruits & Vegetables,45,High,Ambient,5,5,3,In Stock,0.81,73,73,0,6.2,2026-02-09,225
INV00000057,DS001,T Nagar,High,P0057,Grapes Green 500g,Fruits & Vegetables,90,High,Ambient,3,6,3,Low Stock,0.84,76,76,0,3.6,2026-02-13,270
INV00000058,DS001,T Nagar,High,P0058,Mango (Seasonal),Fruits & Vegetables,120,High,Ambient,2,5,3,Low Stock,0.76,68,68,1,2.6,2026-02-10,240
INV00000059,DS001,T Nagar,High,P0059,Pineapple 1pc,Fruits & Vegetables,55,High,Ambient,4,5,3,In Stock,0.83,75,75,0,4.8,2026-02-10,220
INV00000060,DS001,T Nagar,High,P0060,Coca Cola 750ml,Cold Drinks & Juices,40,High,Refrigerated,3,6,3,Low Stock,1.02,92,63,0,2.9,2026-02-09,120
INV00000061,DS001,T Nagar,High,P0061,Coca Cola 2.25L,Cold Drinks & Juices,95,Medium,Refrigerated,5,5,3,In Stock,0.54,49,29,2,9.3,2026-02-15,475
INV00000062,DS001,T Nagar,High,P0062,Pepsi 750ml,Cold Drinks & Juices,40,Medium,Refrigerated,5,5,3,In Stock,0.57,51,32,1,8.8,2026-02-13,200
INV00000063,DS001,T Nagar,High,P0063,Pepsi 2L,Cold Drinks & Juices,90,High,Refrigerated,9,9,3,In Stock,1.3,117,71,2,6.9,2026-02-15,810
INV00000064,DS001,T Nagar,High,P0064,Sprite 750ml,Cold Drinks & Juices,40,Medium,Refrigerated,4,5,3,In Stock,0.47,42,27,1,8.5,2026-02-15,160
INV00000065,DS001,T Nagar,High,P0065,Thumbs Up 750ml,Cold Drinks & Juices,40,Medium,Refrigerated,2,5,3,Low Stock,0.33,30,21,0,6.1,2026-02-09,80
INV00000066,DS001,T Nagar,High,P0066,Fanta 750ml,Cold Drinks & Juices,40,High,Refrigerated,7,7,3,In Stock,1.09,98,66,0,6.4,2026-02-13,280
INV00000067,DS001,T Nagar,High,P0067,Mountain Dew 750ml,Cold Drinks & Juices,40,High,Refrigerated,5,7,3,In Stock,1.08,97,66,2,4.6,2026-02-15,200
INV00000068,DS001,T Nagar,High,P0068,Thums Up 2.25L,Cold Drinks & Juices,95,High,Refrigerated,5,9,3,In Stock,1.18,106,70,0,4.2,2026-02-15,475
INV00000069,DS001,T Nagar,High,P0069,Bisleri Water 1L,Cold Drinks & Juices,20,High,Ambient,7,10,3,In Stock,1.36,122,80,0,5.1,2026-02-15,140
INV00000070,DS001,T Nagar,High,P0070,Bisleri Water 2L,Cold Drinks & Juices,35,High,Ambient,10,10,3,In Stock,1.42,128,82,0,7.0,2026-02-12,350
INV00000071,DS001,T Nagar,High,P0071,Kinley Water 1L,Cold Drinks & Juices,20,High,Ambient,10,9,3,In Stock,1.33,120,80,0,7.5,2026-02-13,200
INV00000072,DS001,T Nagar,High,P0072,Aquafina Water 1L,Cold Drinks & Juices,20,Medium,Ambient,2,5,3,Low Stock,0.69,62,43,0,2.9,2026-02-10,40
INV00000073,DS001,T Nagar,High,P0073,Red Bull Energy Drink 250ml,Cold Drinks & Juices,125,Medium,Refrigerated,4,5,3,In Stock,0.7,63,38,2,5.7,2026-02-12,500
INV00000074,DS001,T Nagar,High,P0074,Sting Energy Drink 250ml,Cold Drinks & Juices,20,Medium,Refrigerated,5,5,3,In Stock,0.63,57,38,2,7.9,2026-02-14,100
INV00000075,DS001,T Nagar,High,P0075,Monster Energy Drink 500ml,Cold Drinks & Juices,150,Medium,Refrigerated,3,5,3,Low Stock,0.37,33,23,2,8.1,2026-02-15,450
INV00000076,DS001,T Nagar,High,P0076,Real Fruit Juice Mixed Fruit 1L,Cold Drinks & Juices,130,Medium,Refrigerated,2,5,3,Low Stock,0.36,32,22,2,5.6,2026-02-09,260
INV00000077,DS001,T Nagar,High,P0077,Real Fruit Juice Mango 1L,Cold Drinks & Juices,130,High,Refrigerated,6,9,3,In Stock,1.38,124,84,1,4.3,2026-02-15,780
INV00000078,DS001,T Nagar,High,P0078,Tropicana Orange 1L,Cold Drinks & Juices,145,High,Refrigerated,5,7,3,In Stock,1.17,105,73,2,4.3,2026-02-15,725
INV00000079,DS001,T Nagar,High,P0079,Tropicana Mixed Fruit 1L,Cold Drinks & Juices,145,High,Refrigerated,12,26,7,In Stock,0.0,0,0,0,999.0,2026-02-13,1740
INV00000080,DS001,T Nagar,High,P0080,Minute Maid Pulpy Orange 400ml,Cold Drinks & Juices,45,Medium,Refrigerated,5,5,3,In Stock,0.49,44,29,2,10.2,2026-02-15,225
INV00000081,DS001,T Nagar,High,P0081,Frooti Mango Drink 160ml,Cold Drinks & Juices,10,High,Refrigerated,9,8,3,In Stock,1.42,128,82,0,6.3,2026-02-15,90
INV00000082,DS001,T Nagar,High,P0082,Frooti Mango Drink 1.2L,Cold Drinks & Juices,60,High,Refrigerated,6,9,3,In Stock,1.22,110,70,1,4.9,2026-02-13,360
INV00000083,DS001,T Nagar,High,P0083,Maaza Mango Drink 1.2L,Cold Drinks & Juices,60,High,Refrigerated,10,11,3,In Stock,1.41,127,86,1,7.1,2026-02-10,600
INV00000084,DS001,T Nagar,High,P0084,Paper Boat Aam Panna 250ml,Cold Drinks & Juices,40,Medium,Refrigerated,2,5,3,Low Stock,0.38,34,27,1,5.3,2026-02-11,80
INV00000085,DS001,T Nagar,High,P0085,Paper Boat Jaljeera 250ml,Cold Drinks & Juices,40,High,Refrigerated,6,12,3,In Stock,1.57,141,88,2,3.8,2026-02-13,240
INV00000086,DS001,T Nagar,High,P0086,Rasna Orange 750ml,Cold Drinks & Juices,35,High,Refrigerated,2,5,3,Low Stock,0.97,87,61,0,2.1,2026-02-15,70
INV00000087,DS001,T Nagar,High,P0087,Tang Instant Drink 750g,Cold Drinks & Juices,320,Medium,Refrigerated,5,5,3,In Stock,0.77,69,46,1,6.5,2026-02-11,1600
INV00000088,DS001,T Nagar,High,P0088,Nestle Iced Tea Lemon 500ml,Cold Drinks & Juices,40,High,Refrigerated,8,7,3,In Stock,1.01,91,70,0,7.9,2026-02-15,320
INV00000089,DS001,T Nagar,High,P0089,Lays Classic Salted 50g,Snacks & Munchies,20,High,Ambient,3,9,3,Low Stock,1.13,102,92,0,2.7,2026-02-11,60
INV00000090,DS001,T Nagar,High,P0090,Lays Classic Salted 90g,Snacks & Munchies,35,Medium,Ambient,4,5,3,In Stock,0.47,42,37,1,8.5,2026-02-12,140
INV00000091,DS001,T Nagar,High,P0091,Lays American Style Cream & Onion 50g,Snacks & Munchies,20,High,Ambient,2,6,3,Low Stock,0.87,78,69,2,2.3,2026-02-13,40
INV00000092,DS001,T Nagar,High,P0092,Kurkure Masala Munch 90g,Snacks & Munchies,20,High,Ambient,3,6,3,Low Stock,0.89,80,73,1,3.4,2026-02-14,60
INV00000093,DS001,T Nagar,High,P0093,Kurkure Solid Masti 90g,Snacks & Munchies,20,Medium,Ambient,3,9,3,Low Stock,0.0,0,0,0,999.0,2026-02-12,60
INV00000094,DS001,T Nagar,High,P0094,Bingo Mad Angles 72g,Snacks & Munchies,20,High,Ambient,7,8,3,In Stock,1.13,102,90,2,6.2,2026-02-10,140
INV00000095,DS001,T Nagar,High,P0095,Doritos Nacho Cheese 150g,Snacks & Munchies,75,High,Ambient,5,5,3,In Stock,1.02,92,77,2,4.9,2026-02-11,375
INV00000096,DS001,T Nagar,High,P0096,Pringles Original 107g,Snacks & Munchies,130,High,Ambient,4,5,3,In Stock,0.76,68,60,1,5.3,2026-02-15,520
INV00000097,DS001,T Nagar,High,P0097,Haldirams Aloo Bhujia 200g,Snacks & Munchies,50,High,Ambient,6,9,3,In Stock,1.16,104,86,2,5.2,2026-02-14,300
INV00000098,DS001,T Nagar,High,P0098,Haldirams Moong Dal 200g,Snacks & Munchies,55,High,Ambient,5,6,3,In Stock,0.98,88,72,0,5.1,2026-02-15,275
INV00000099,DS001,T Nagar,High,P0099,Haldirams Sev Bhujia 400g,Snacks & Munchies,95,High,Ambient,6,6,3,In Stock,0.93,84,68,1,6.5,2026-02-11,570
INV00000100,DS001,T Nagar,High,P0100,Bikaji Bhujia 200g,Snacks & Munchies,48,High,Ambient,5,7,3,In Stock,0.96,86,74,1,5.2,2026-02-15,240
INV00000101,DS001,T Nagar,High,P0101,Parle G Biscuits 376g,Snacks & Munchies,40,High,Ambient,7,7,3,In Stock,1.04,94,80,2,6.7,2026-02-12,280
INV00000102,DS001,T Nagar,High,P0102,Britannia Good Day Butter 600g,Snacks & Munchies,80,High,Ambient,5,7,3,In Stock,0.94,85,75,0,5.3,2026-02-13,400
INV00000103,DS001,T Nagar,High,P0103,Britannia Marie Gold 250g,Snacks & Munchies,32,High,Ambient,5,5,3,In Stock,0.84,76,67,2,6.0,2026-02-09,160
INV00000104,DS001,T Nagar,High,P0104,Sunfeast Dark Fantasy 300g,Snacks & Munchies,110,High,Ambient,5,5,3,In Stock,0.83,75,68,2,6.0,2026-02-15,550
INV00000105,DS001,T Nagar,High,P0105,Oreo Original 300g,Snacks & Munchies,40,High,Ambient,6,6,3,In Stock,0.91,82,72,1,6.6,2026-02-10,240
INV00000106,DS001,T Nagar,High,P0106,Hide & Seek 240g,Snacks & Munchies,50,High,Ambient,5,5,3,In Stock,0.8,72,63,2,6.2,2026-02-11,250
INV00000107,DS001,T Nagar,High,P0107,Monaco Classic 200g,Snacks & Munchies,25,Medium,Ambient,3,5,3,Low Stock,0.32,29,25,1,9.4,2026-02-13,75
INV00000108,DS001,T Nagar,High,P0108,Parle 20-20 Cashew Cookies 400g,Snacks & Munchies,55,Medium,Ambient,3,5,3,Low Stock,0.29,26,23,2,10.3,2026-02-12,165
INV00000109,DS001,T Nagar,High,P0109,Cadbury Dairy Milk Silk 60g,Snacks & Munchies,100,High,Ambient,4,5,3,In Stock,0.77,69,63,1,5.2,2026-02-14,400
INV00000110,DS001,T Nagar,High,P0110,KitKat 4 Finger 37.3g,Snacks & Munchies,40,High,Ambient,12,24,7,In Stock,0.0,0,0,0,999.0,2026-02-14,480
INV00000111,DS001,T Nagar,High,P0111,5 Star Chocolate 40g,Snacks & Munchies,25,High,Ambient,4,6,3,In Stock,0.98,88,74,0,4.1,2026-02-09,100
INV00000112,DS001,T Nagar,High,P0112,Snickers 50g,Snacks & Munchies,40,High,Ambient,4,6,3,In Stock,0.89,80,72,0,4.5,2026-02-15,160
INV00000113,DS001,T Nagar,High,P0113,Munch Chocolate 30g,Snacks & Munchies,20,High,Ambient,2,7,3,Low Stock,0.96,86,73,0,2.1,2026-02-09,40
INV00000114,DS001,T Nagar,High,P0114,Too Yumm Veggie Stix 56g,Snacks & Munchies,35,High,Ambient,2,5,3,Low Stock,0.96,86,77,1,2.1,2026-02-13,70
INV00000115,DS001,T Nagar,High,P0115,Act II Popcorn Butter 60g,Snacks & Munchies,50,High,Ambient,5,6,3,In Stock,0.88,79,72,0,5.7,2026-02-14,250
INV00000116,DS001,T Nagar,High,P0116,Cornitos Nacho Chips 150g,Snacks & Munchies,70,Medium,Ambient,2,5,3,Low Stock,0.31,28,25,2,6.5,2026-02-15,140
INV00000117,DS001,T Nagar,High,P0117,Maggi Masala Noodles 70g,Breakfast & Instant Food,14,High,Ambient,3,7,3,Low Stock,1.12,101,84,1,2.7,2026-02-14,42
INV00000118,DS001,T Nagar,High,P0118,Maggi Masala Noodles 280g (4pack),Breakfast & Instant Food,52,High,Ambient,3,5,3,Low Stock,0.81,73,59,2,3.7,2026-02-13,156
INV00000119,DS001,T Nagar,High,P0119,Maggi Atta Noodles 320g,Breakfast & Instant Food,54,Medium,Ambient,4,5,3,In Stock,0.52,47,43,1,7.7,2026-02-12,216
INV00000120,DS001,T Nagar,High,P0120,Top Ramen Curry 280g,Breakfast & Instant Food,48,Medium,Ambient,3,5,3,Low Stock,0.43,39,34,1,7.0,2026-02-10,144
INV00000121,DS001,T Nagar,High,P0121,Yippee Magic Masala 240g,Breakfast & Instant Food,42,Medium,Ambient,3,5,3,Low Stock,0.36,32,28,0,8.3,2026-02-12,126
INV00000122,DS001,T Nagar,High,P0122,Sunfeast Yippee 420g,Breakfast & Instant Food,60,High,Ambient,5,5,3,In Stock,0.74,67,61,1,6.8,2026-02-13,300
INV00000123,DS001,T Nagar,High,P0123,Knorr Chicken Soup 40g,Breakfast & Instant Food,35,High,Ambient,4,5,3,In Stock,0.97,87,74,1,4.1,2026-02-15,140
INV00000124,DS001,T Nagar,High,P0124,Knorr Hot & Sour Veg Soup 42g,Breakfast & Instant Food,35,High,Ambient,3,6,3,Low Stock,0.94,85,72,2,3.2,2026-02-14,105
INV00000125,DS001,T Nagar,High,P0125,Maggi Hot Heads 73g,Breakfast & Instant Food,25,High,Ambient,7,7,3,In Stock,0.98,88,79,1,7.1,2026-02-10,175
INV00000126,DS001,T Nagar,High,P0126,Pasta Treat Penne 500g,Breakfast & Instant Food,85,High,Ambient,6,7,3,In Stock,1.1,99,83,1,5.5,2026-02-09,510
INV00000127,DS001,T Nagar,High,P0127,MTR Idli Mix 500g,Breakfast & Instant Food,75,Medium,Ambient,2,5,3,Low Stock,0.41,37,34,1,4.9,2026-02-14,150
INV00000128,DS001,T Nagar,High,P0128,MTR Dosa Mix 500g,Breakfast & Instant Food,75,High,Ambient,7,8,3,In Stock,1.18,106,88,2,5.9,2026-02-13,525
INV00000129,DS001,T Nagar,High,P0129,MTR Rava Idli 500g,Breakfast & Instant Food,70,Medium,Ambient,2,5,3,Low Stock,0.39,35,32,2,5.1,2026-02-12,140
INV00000130,DS001,T Nagar,High,P0130,ID Fresh Idli Batter 1kg,Breakfast & Instant Food,75,Medium,Ambient,3,5,3,Low Stock,0.43,39,31,1,7.0,2026-02-11,225
INV00000131,DS001,T Nagar,High,P0131,ID Fresh Dosa Batter 1kg,Breakfast & Instant Food,75,Medium,Ambient,4,5,3,In Stock,0.5,45,37,0,8.0,2026-02-14,300
INV00000132,DS001,T Nagar,High,P0132,Saffola Masala Oats 400g,Breakfast & Instant Food,145,High,Ambient,8,9,3,In Stock,1.13,102,89,0,7.1,2026-02-13,1160
INV00000133,DS001,T Nagar,High,P0133,Quaker Oats 1kg,Breakfast & Instant Food,185,High,Ambient,6,8,3,In Stock,1.02,92,77,2,5.9,2026-02-10,1110
INV00000134,DS001,T Nagar,High,P0134,Kelloggs Corn Flakes 875g,Breakfast & Instant Food,340,High,Ambient,5,5,3,In Stock,0.96,86,77,1,5.2,2026-02-10,1700
INV00000135,DS001,T Nagar,High,P0135,Kelloggs Chocos 375g,Breakfast & Instant Food,185,High,Ambient,3,7,3,Low Stock,0.9,81,68,0,3.3,2026-02-13,555
INV00000136,DS001,T Nagar,High,P0136,Nestle Ceregrow 300g,Breakfast & Instant Food,395,Medium,Ambient,2,5,3,Low Stock,0.37,33,25,1,5.4,2026-02-11,790
INV00000137,DS001,T Nagar,High,P0137,MTR Vermicelli Roasted 440g,Breakfast & Instant Food,55,Medium,Ambient,3,5,3,Low Stock,0.48,43,38,2,6.2,2026-02-11,165
INV00000138,DS001,T Nagar,High,P0138,Bambino Vermicelli 175g,Breakfast & Instant Food,25,High,Ambient,6,6,3,In Stock,1.04,94,80,0,5.8,2026-02-14,150
INV00000139,DS001,T Nagar,High,P0139,Haldiram Moong Dal 200g,Breakfast & Instant Food,55,High,Ambient,4,5,3,In Stock,1.02,92,84,1,3.9,2026-02-15,220
INV00000140,DS001,T Nagar,High,P0140,McCain French Fries 420g,Breakfast & Instant Food,145,High,Ambient,5,5,3,In Stock,0.91,82,66,0,5.5,2026-02-11,725
INV00000141,DS001,T Nagar,High,P0141,McCain Veggie Fingers 360g,Breakfast & Instant Food,180,High,Ambient,4,5,3,In Stock,0.82,74,66,0,4.9,2026-02-12,720
INV00000142,DS001,T Nagar,High,P0142,Aashirvaad Atta 5kg,"Atta, Rice & Dal",240,High,Ambient,5,5,3,In Stock,0.67,60,54,0,7.5,2026-02-11,1200
INV00000143,DS001,T Nagar,High,P0143,Aashirvaad Atta 10kg,"Atta, Rice & Dal",475,High,Ambient,2,5,3,Low Stock,0.71,64,55,2,2.8,2026-02-15,950
INV00000144,DS001,T Nagar,High,P0144,Fortune Chakki Fresh Atta 5kg,"Atta, Rice & Dal",235,High,Ambient,4,5,3,In Stock,0.62,56,46,1,6.5,2026-02-15,940
INV00000145,DS001,T Nagar,High,P0145,Pillsbury Chakki Fresh Atta 5kg,"Atta, Rice & Dal",240,High,Ambient,2,5,3,Low Stock,0.69,62,54,2,2.9,2026-02-10,480
INV00000146,DS001,T Nagar,High,P0146,India Gate Basmati Rice 1kg,"Atta, Rice & Dal",190,Medium,Ambient,3,5,3,Low Stock,0.27,24,20,1,11.1,2026-02-15,570
INV00000147,DS001,T Nagar,High,P0147,India Gate Basmati Rice 5kg,"Atta, Rice & Dal",900,High,Ambient,2,5,3,Low Stock,0.57,51,44,1,3.5,2026-02-10,1800
INV00000148,DS001,T Nagar,High,P0148,Daawat Basmati Rice 1kg,"Atta, Rice & Dal",180,High,Ambient,3,5,3,Low Stock,0.71,64,57,0,4.2,2026-02-11,540
INV00000149,DS001,T Nagar,High,P0149,Fortune Biryani Special Basmati 1kg,"Atta, Rice & Dal",170,Medium,Ambient,3,5,3,Low Stock,0.34,31,25,1,8.8,2026-02-09,510
INV00000150,DS001,T Nagar,High,P0150,Sona Masoori Rice 5kg,"Atta, Rice & Dal",280,High,Ambient,13,24,7,In Stock,0.0,0,0,0,999.0,2026-02-09,3640
INV00000151,DS001,T Nagar,High,P0151,Ponni Boiled Rice 5kg,"Atta, Rice & Dal",250,High,Ambient,3,5,3,Low Stock,0.69,62,54,1,4.3,2026-02-14,750
INV00000152,DS001,T Nagar,High,P0152,Tata Sampann Toor Dal 1kg,"Atta, Rice & Dal",160,High,Ambient,2,5,3,Low Stock,0.74,67,61,0,2.7,2026-02-15,320
INV00000153,DS001,T Nagar,High,P0153,Tata Sampann Moong Dal 500g,"Atta, Rice & Dal",85,Medium,Ambient,4,5,3,In Stock,0.38,34,28,1,10.5,2026-02-10,340
INV00000154,DS001,T Nagar,High,P0154,Tata Sampann Chana Dal 1kg,"Atta, Rice & Dal",155,High,Ambient,5,5,3,In Stock,0.77,69,60,1,6.5,2026-02-10,775
INV00000155,DS001,T Nagar,High,P0155,Tata Sampann Masoor Dal 500g,"Atta, Rice & Dal",75,High,Ambient,6,6,3,In Stock,0.77,69,59,0,7.8,2026-02-13,450
INV00000156,DS001,T Nagar,High,P0156,Tata Sampann Urad Dal 500g,"Atta, Rice & Dal",90,High,Ambient,3,5,3,Low Stock,0.62,56,47,2,4.8,2026-02-13,270
INV00000157,DS001,T Nagar,High,P0157,Rajma 500g,"Atta, Rice & Dal",110,High,Ambient,5,5,3,In Stock,0.67,60,52,2,7.5,2026-02-09,550
INV00000158,DS001,T Nagar,High,P0158,Kabuli Chana 500g,"Atta, Rice & Dal",95,High,Ambient,3,5,3,Low Stock,0.67,60,53,0,4.5,2026-02-11,285
INV00000159,DS001,T Nagar,High,P0159,Tata Salt 1kg,"Atta, Rice & Dal",22,Medium,Ambient,4,5,3,In Stock,0.17,15,12,1,23.5,2026-02-10,88
INV00000160,DS001,T Nagar,High,P0160,Tata Salt Lite 1kg,"Atta, Rice & Dal",52,High,Ambient,2,5,3,Low Stock,0.57,51,45,1,3.5,2026-02-14,104
INV00000161,DS001,T Nagar,High,P0161,Catch Salt 1kg,"Atta, Rice & Dal",20,Medium,Ambient,2,5,3,Low Stock,0.27,24,21,0,7.4,2026-02-09,40
INV00000162,DS001,T Nagar,High,P0162,Sugar 1kg,"Atta, Rice & Dal",45,High,Ambient,3,5,3,Low Stock,0.77,69,63,0,3.9,2026-02-15,135
INV00000163,DS001,T Nagar,High,P0163,Brown Sugar 500g,"Atta, Rice & Dal",50,High,Ambient,4,5,3,In Stock,0.58,52,43,0,6.9,2026-02-13,200
INV00000164,DS001,T Nagar,High,P0164,Jaggery Powder 500g,"Atta, Rice & Dal",65,High,Ambient,30,28,8,In Stock,0.0,0,0,0,999.0,2026-02-15,1950
INV00000165,DS001,T Nagar,High,P0165,Rava Medium 500g,"Atta, Rice & Dal",35,High,Ambient,5,7,3,In Stock,0.88,79,65,2,5.7,2026-02-11,175
INV00000166,DS001,T Nagar,High,P0166,Poha Thick 500g,"Atta, Rice & Dal",45,High,Ambient,3,5,3,Low Stock,0.58,52,47,1,5.2,2026-02-10,135
INV00000167,DS001,T Nagar,High,P0167,Sabudana 500g,"Atta, Rice & Dal",75,High,Ambient,3,5,3,Low Stock,0.68,61,57,1,4.4,2026-02-10,225
INV00000168,DS001,T Nagar,High,P0168,MDH Deggi Mirch 100g,"Masala, Oil & More",85,Medium,Ambient,3,5,3,Low Stock,0.21,19,16,0,14.3,2026-02-12,255
INV00000169,DS001,T Nagar,High,P0169,MDH Garam Masala 100g,"Masala, Oil & More",90,High,Ambient,5,5,3,In Stock,0.62,56,51,2,8.1,2026-02-11,450
INV00000170,DS001,T Nagar,High,P0170,MDH Chana Masala 100g,"Masala, Oil & More",85,Low,Ambient,5,5,3,In Stock,0.16,14,13,0,31.2,2026-02-10,425
INV00000171,DS001,T Nagar,High,P0171,Everest Turmeric Powder 200g,"Masala, Oil & More",95,High,Ambient,3,6,3,Low Stock,0.81,73,59,2,3.7,2026-02-11,285
INV00000172,DS001,T Nagar,High,P0172,Everest Red Chilli Powder 200g,"Masala, Oil & More",105,Medium,Ambient,2,5,3,Low Stock,0.29,26,20,1,6.9,2026-02-13,210
INV00000173,DS001,T Nagar,High,P0173,Everest Coriander Powder 200g,"Masala, Oil & More",65,Medium,Ambient,3,5,3,Low Stock,0.33,30,26,0,9.1,2026-02-09,195
INV00000174,DS001,T Nagar,High,P0174,Catch Cumin Powder 100g,"Masala, Oil & More",70,High,Ambient,5,5,3,In Stock,0.54,49,41,2,9.3,2026-02-10,350
INV00000175,DS001,T Nagar,High,P0175,Catch Chat Masala 100g,"Masala, Oil & More",60,High,Ambient,5,5,3,In Stock,0.61,55,47,0,8.2,2026-02-09,300
INV00000176,DS001,T Nagar,High,P0176,Ching Secret Manchurian 60g,"Masala, Oil & More",65,Low,Ambient,5,5,3,In Stock,0.2,18,16,2,25.0,2026-02-14,325
INV00000177,DS001,T Nagar,High,P0177,Maggi Magic Cubes 40g,"Masala, Oil & More",20,Medium,Ambient,3,5,3,Low Stock,0.23,21,18,1,13.0,2026-02-10,60
INV00000178,DS001,T Nagar,High,P0178,Kissan Fresh Tomato Ketchup 900g,"Masala, Oil & More",120,High,Ambient,3,5,3,Low Stock,0.57,51,47,1,5.3,2026-02-12,360
INV00000179,DS001,T Nagar,High,P0179,Kissan Tomato Sauce 1kg,"Masala, Oil & More",125,High,Ambient,3,5,3,Low Stock,0.68,61,53,0,4.4,2026-02-12,375
INV00000180,DS001,T Nagar,High,P0180,Maggi Hot & Sweet Sauce 1kg,"Masala, Oil & More",140,High,Ambient,4,5,3,In Stock,0.76,68,60,2,5.3,2026-02-11,560
INV00000181,DS001,T Nagar,High,P0181,Fortune Sunflower Oil 1L,"Masala, Oil & More",160,Low,Ambient,6,7,3,In Stock,0.0,0,0,0,999.0,2026-02-10,960
INV00000182,DS001,T Nagar,High,P0182,Fortune Refined Oil 5L,"Masala, Oil & More",750,Medium,Ambient,3,5,3,Low Stock,0.3,27,25,0,10.0,2026-02-10,2250
INV00000183,DS001,T Nagar,High,P0183,Sundrop Sunflower Oil 1L,"Masala, Oil & More",155,Medium,Ambient,4,5,3,In Stock,0.28,25,24,1,14.3,2026-02-09,620
INV00000184,DS001,T Nagar,High,P0184,Dhara Refined Oil 1L,"Masala, Oil & More",150,Medium,Ambient,3,5,3,Low Stock,0.26,23,21,2,11.5,2026-02-11,450
INV00000185,DS001,T Nagar,High,P0185,Fortune Mustard Oil 1L,"Masala, Oil & More",185,High,Ambient,3,6,3,Low Stock,0.78,70,60,2,3.8,2026-02-11,555
INV00000186,DS001,T Nagar,High,P0186,KS Gingelly Oil 500ml,"Masala, Oil & More",200,Medium,Ambient,2,5,3,Low Stock,0.36,32,27,1,5.6,2026-02-10,400
INV00000187,DS001,T Nagar,High,P0187,Parachute Coconut Oil 500ml,"Masala, Oil & More",195,High,Ambient,2,5,3,Low Stock,0.69,62,52,0,2.9,2026-02-12,390
INV00000188,DS001,T Nagar,High,P0188,Saffola Gold Oil 1L,"Masala, Oil & More",250,High,Ambient,4,5,3,In Stock,0.48,43,38,1,8.3,2026-02-14,1000
INV00000189,DS001,T Nagar,High,P0189,Ghee 500ml,"Masala, Oil & More",295,Low,Ambient,2,5,3,Low Stock,0.11,10,10,2,18.2,2026-02-13,590
INV00000190,DS001,T Nagar,High,P0190,Amul Pure Ghee 500ml,"Masala, Oil & More",340,Medium,Ambient,2,5,3,Low Stock,0.27,24,22,2,7.4,2026-02-10,680
INV00000191,DS001,T Nagar,High,P0191,Dalda Vanaspati 1L,"Masala, Oil & More",200,High,Ambient,3,5,3,Low Stock,0.68,61,53,1,4.4,2026-02-14,600
INV00000192,DS001,T Nagar,High,P0192,Nutella Hazelnut Spread 350g,Sauces & Spreads,385,Medium,Ambient,3,5,3,Low Stock,0.22,20,15,2,13.6,2026-02-14,1155
INV00000193,DS001,T Nagar,High,P0193,Kissan Mixed Fruit Jam 500g,Sauces & Spreads,140,Medium,Ambient,3,5,3,Low Stock,0.23,21,18,2,13.0,2026-02-10,420
INV00000194,DS001,T Nagar,High,P0194,Kissan Pineapple Jam 500g,Sauces & Spreads,135,Medium,Ambient,4,5,3,In Stock,0.22,20,18,2,18.2,2026-02-11,540
INV00000195,DS001,T Nagar,High,P0195,Mapro Mango Jam 500g,Sauces & Spreads,155,Low,Ambient,4,5,3,In Stock,0.07,6,6,2,57.1,2026-02-10,620
INV00000196,DS001,T Nagar,High,P0196,Hersheys Chocolate Syrup 623g,Sauces & Spreads,325,Medium,Ambient,5,5,3,In Stock,0.24,22,19,0,20.8,2026-02-14,1625
INV00000197,DS001,T Nagar,High,P0197,Veeba Mayonnaise 250g,Sauces & Spreads,85,Low,Ambient,4,5,3,In Stock,0.08,7,5,0,50.0,2026-02-15,340
INV00000198,DS001,T Nagar,High,P0198,Funfoods Peri Peri Sauce 325g,Sauces & Spreads,130,Medium,Ambient,3,5,3,Low Stock,0.23,21,19,0,13.0,2026-02-15,390
INV00000199,DS001,T Nagar,High,P0199,Veeba Sandwich Spread 275g,Sauces & Spreads,90,Medium,Ambient,2,5,3,Low Stock,0.21,19,16,0,9.5,2026-02-13,180
INV00000200,DS001,T Nagar,High,P0200,Ching Red Chilli Sauce 680g,Sauces & Spreads,115,Low,Ambient,3,5,3,Low Stock,0.2,18,16,0,15.0,2026-02-11,345
INV00000201,DS001,T Nagar,High,P0201,Ching Green Chilli Sauce 190g,Sauces & Spreads,60,Medium,Ambient,6,14,4,In Stock,0.0,0,0,0,999.0,2026-02-11,360
INV00000202,DS001,T Nagar,High,P0202,Del Monte Pasta Sauce 400g,Sauces & Spreads,145,Low,Ambient,5,5,3,In Stock,0.09,8,7,1,55.6,2026-02-15,725
INV00000203,DS001,T Nagar,High,P0203,Maggi Pichkoo 90g,Sauces & Spreads,45,Medium,Ambient,5,5,3,In Stock,0.24,22,20,0,20.8,2026-02-13,225
INV00000204,DS001,T Nagar,High,P0204,Tata Tea Gold 1kg,"Tea, Coffee & Health Drinks",490,High,Ambient,2,5,3,Low Stock,0.73,66,61,1,2.7,2026-02-12,980
INV00000205,DS001,T Nagar,High,P0205,Tata Tea Premium 1kg,"Tea, Coffee & Health Drinks",460,Medium,Ambient,4,5,3,In Stock,0.23,21,20,2,17.4,2026-02-11,1840
INV00000206,DS001,T Nagar,High,P0206,Red Label Natural Care 1kg,"Tea, Coffee & Health Drinks",440,Medium,Ambient,2,5,3,Low Stock,0.3,27,24,2,6.7,2026-02-15,880
INV00000207,DS001,T Nagar,High,P0207,Brooke Bond Taj Mahal 1kg,"Tea, Coffee & Health Drinks",520,High,Ambient,5,5,3,In Stock,0.89,80,68,0,5.6,2026-02-15,2600
INV00000208,DS001,T Nagar,High,P0208,Society Tea 1kg,"Tea, Coffee & Health Drinks",380,High,Ambient,4,7,3,In Stock,0.94,85,77,2,4.3,2026-02-10,1520
INV00000209,DS001,T Nagar,High,P0209,Nescafe Classic 50g,"Tea, Coffee & Health Drinks",215,High,Ambient,2,6,3,Low Stock,1.07,96,78,2,1.9,2026-02-12,430
INV00000210,DS001,T Nagar,High,P0210,Bru Instant Coffee 50g,"Tea, Coffee & Health Drinks",175,High,Ambient,5,5,3,In Stock,0.86,77,70,0,5.8,2026-02-15,875
INV00000211,DS001,T Nagar,High,P0211,Nescafe Sunrise Premium 50g,"Tea, Coffee & Health Drinks",145,High,Ambient,3,5,3,Low Stock,0.86,77,68,0,3.5,2026-02-09,435
INV00000212,DS001,T Nagar,High,P0212,Bru Gold 100g,"Tea, Coffee & Health Drinks",345,High,Ambient,2,6,3,Low Stock,0.83,75,63,1,2.4,2026-02-12,690
INV00000213,DS001,T Nagar,High,P0213,Horlicks Classic Malt 500g,"Tea, Coffee & Health Drinks",285,Medium,Ambient,4,5,3,In Stock,0.36,32,26,2,11.1,2026-02-12,1140
INV00000214,DS001,T Nagar,High,P0214,Boost Health Drink 500g,"Tea, Coffee & Health Drinks",265,High,Ambient,2,6,3,Low Stock,0.94,85,77,1,2.1,2026-02-09,530
INV00000215,DS001,T Nagar,High,P0215,Complan Chocolate 500g,"Tea, Coffee & Health Drinks",360,Medium,Ambient,4,5,3,In Stock,0.3,27,23,0,13.3,2026-02-12,1440
INV00000216,DS001,T Nagar,High,P0216,Bournvita 500g,"Tea, Coffee & Health Drinks",250,High,Ambient,4,6,3,In Stock,0.88,79,68,1,4.5,2026-02-13,1000
INV00000217,DS001,T Nagar,High,P0217,Milo 400g,"Tea, Coffee & Health Drinks",245,Medium,Ambient,4,5,3,In Stock,0.34,31,28,0,11.8,2026-02-10,980
INV00000218,DS001,T Nagar,High,P0218,Proteinex Powder 250g,"Tea, Coffee & Health Drinks",285,High,Ambient,6,6,3,In Stock,0.91,82,68,1,6.6,2026-02-13,1710
INV00000219,DS001,T Nagar,High,P0219,Green Tea 100 Bags,"Tea, Coffee & Health Drinks",350,High,Ambient,4,5,3,In Stock,0.72,65,56,2,5.6,2026-02-15,1400
INV00000220,DS001,T Nagar,High,P0220,Lipton Green Tea 25 Bags,"Tea, Coffee & Health Drinks",125,High,Ambient,4,5,3,In Stock,0.93,84,74,2,4.3,2026-02-11,500
INV00000221,DS001,T Nagar,High,P0221,Vim Dishwash Gel 750ml,Cleaning & Household,95,High,Ambient,3,5,3,Low Stock,0.79,71,64,2,3.8,2026-02-12,285
INV00000222,DS001,T Nagar,High,P0222,Vim Dishwash Bar 600g,Cleaning & Household,55,Medium,Ambient,3,5,3,Low Stock,0.4,36,31,0,7.5,2026-02-15,165
INV00000223,DS001,T Nagar,High,P0223,Pril Dishwash Liquid 750ml,Cleaning & Household,105,High,Ambient,4,5,3,In Stock,0.48,43,37,1,8.3,2026-02-09,420
INV00000224,DS001,T Nagar,High,P0224,Lizol Floor Cleaner 975ml,Cleaning & Household,185,Low,Ambient,2,5,3,Low Stock,0.22,20,17,2,9.1,2026-02-15,370
INV00000225,DS001,T Nagar,High,P0225,Harpic Toilet Cleaner 1L,Cleaning & Household,165,Medium,Ambient,4,5,3,In Stock,0.21,19,17,2,19.0,2026-02-13,660
INV00000226,DS001,T Nagar,High,P0226,Domex Toilet Cleaner 1L,Cleaning & Household,135,High,Ambient,4,5,3,In Stock,0.54,49,44,2,7.4,2026-02-10,540
INV00000227,DS001,T Nagar,High,P0227,Colin Glass Cleaner 500ml,Cleaning & Household,155,Medium,Ambient,3,5,3,Low Stock,0.24,22,17,0,12.5,2026-02-14,465
INV00000228,DS001,T Nagar,High,P0228,Surf Excel Matic 2kg,Cleaning & Household,365,Low,Ambient,2,5,3,Low Stock,0.11,10,9,1,18.2,2026-02-10,730
INV00000229,DS001,T Nagar,High,P0229,Ariel Matic 2kg,Cleaning & Household,395,Medium,Ambient,3,5,3,Low Stock,0.3,27,21,2,10.0,2026-02-09,1185
INV00000230,DS001,T Nagar,High,P0230,Tide Plus 2kg,Cleaning & Household,285,High,Ambient,2,5,3,Low Stock,0.61,55,49,0,3.3,2026-02-10,570
INV00000231,DS001,T Nagar,High,P0231,Comfort Fabric Conditioner 860ml,Cleaning & Household,195,Medium,Ambient,3,5,3,Low Stock,0.28,25,22,2,10.7,2026-02-11,585
INV00000232,DS001,T Nagar,High,P0232,Rin Detergent Bar 250g,Cleaning & Household,35,Medium,Ambient,5,5,3,In Stock,0.33,30,25,1,15.2,2026-02-12,175
INV00000233,DS001,T Nagar,High,P0233,Godrej aer Spray 240ml,Cleaning & Household,199,Low,Ambient,5,5,3,In Stock,0.12,11,9,1,41.7,2026-02-14,995
INV00000234,DS001,T Nagar,High,P0234,Good Knight Activ+ Refill 45ml,Cleaning & Household,115,High,Ambient,5,5,3,In Stock,0.69,62,54,1,7.2,2026-02-10,575
INV00000235,DS001,T Nagar,High,P0235,All Out Refill 45ml,Cleaning & Household,95,High,Ambient,21,22,6,In Stock,0.0,0,0,0,999.0,2026-02-09,1995
INV00000236,DS001,T Nagar,High,P0236,Mortein Insect Spray 425ml,Cleaning & Household,225,Medium,Ambient,2,5,3,Low Stock,0.31,28,25,2,6.5,2026-02-10,450
INV00000237,DS001,T Nagar,High,P0237,Hit Cockroach Killer 625ml,Cleaning & Household,245,High,Ambient,2,5,3,Low Stock,0.62,56,51,0,3.2,2026-02-13,490
INV00000238,DS001,T Nagar,High,P0238,Scotch Brite Scrub Pad 3pc,Cleaning & Household,75,High,Ambient,2,5,3,Low Stock,0.57,51,43,1,3.5,2026-02-10,150
INV00000239,DS001,T Nagar,High,P0239,Savlon Handwash 750ml,Cleaning & Household,135,High,Ambient,5,5,3,In Stock,0.59,53,47,0,8.5,2026-02-10,675
INV00000240,DS001,T Nagar,High,P0240,Dettol Handwash 750ml,Cleaning & Household,155,Low,Ambient,2,5,3,Low Stock,0.2,18,12,0,10.0,2026-02-15,310
INV00000241,DS001,T Nagar,High,P0241,Origami Tissues 100 Pulls,Cleaning & Household,45,Medium,Ambient,5,5,3,In Stock,0.28,25,22,0,17.9,2026-02-10,225
INV00000242,DS001,T Nagar,High,P0242,Dettol Soap 125g (4 pack),Personal Care,145,High,Ambient,4,5,3,In Stock,0.59,53,44,0,6.8,2026-02-11,580
INV00000243,DS001,T Nagar,High,P0243,Lifebuoy Soap 125g (4 pack),Personal Care,115,High,Ambient,5,5,3,In Stock,0.56,50,46,2,8.9,2026-02-09,575
INV00000244,DS001,T Nagar,High,P0244,Dove Soap 125g (3 pack),Personal Care,180,Medium,Ambient,3,5,3,Low Stock,0.32,29,28,0,9.4,2026-02-12,540
INV00000245,DS001,T Nagar,High,P0245,Pears Soap 125g (3 pack),Personal Care,150,High,Ambient,6,15,4,In Stock,0.0,0,0,0,999.0,2026-02-13,900
INV00000246,DS001,T Nagar,High,P0246,Lux Soap 125g (3 pack),Personal Care,125,High,Ambient,5,5,3,In Stock,0.59,53,52,0,8.5,2026-02-15,625
INV00000247,DS001,T Nagar,High,P0247,Clinic Plus Shampoo 650ml,Personal Care,265,Low,Ambient,2,5,3,Low Stock,0.24,22,19,2,8.3,2026-02-10,530
INV00000248,DS001,T Nagar,High,P0248,Pantene Shampoo 650ml,Personal Care,385,High,Ambient,3,5,3,Low Stock,0.59,53,48,1,5.1,2026-02-11,1155
INV00000249,DS001,T Nagar,High,P0249,Dove Shampoo 650ml,Personal Care,425,Medium,Ambient,3,5,3,Low Stock,0.29,26,22,2,10.3,2026-02-15,1275
INV00000250,DS001,T Nagar,High,P0250,Head & Shoulders 650ml,Personal Care,485,High,Ambient,2,5,3,Low Stock,0.79,71,60,1,2.5,2026-02-12,970
INV00000251,DS001,T Nagar,High,P0251,Sunsilk Shampoo 650ml,Personal Care,295,High,Ambient,2,5,3,Low Stock,0.68,61,51,1,2.9,2026-02-15,590
INV00000252,DS001,T Nagar,High,P0252,Colgate Total 300g,Personal Care,185,Medium,Ambient,5,5,3,In Stock,0.28,25,22,2,17.9,2026-02-14,925
INV00000253,DS001,T Nagar,High,P0253,Colgate Maxfresh 150g,Personal Care,105,High,Ambient,2,5,3,Low Stock,0.8,72,59,0,2.5,2026-02-10,210
INV00000254,DS001,T Nagar,High,P0254,Pepsodent 200g,Personal Care,85,High,Ambient,2,5,3,Low Stock,0.5,45,37,2,4.0,2026-02-12,170
INV00000255,DS001,T Nagar,High,P0255,Sensodyne Toothpaste 150g,Personal Care,265,Medium,Ambient,5,5,3,In Stock,0.31,28,25,2,16.1,2026-02-11,1325
INV00000256,DS001,T Nagar,High,P0256,Oral B Toothbrush,Personal Care,95,High,Ambient,6,15,4,In Stock,0.0,0,0,0,999.0,2026-02-10,570
INV00000257,DS001,T Nagar,High,P0257,Gillette Shaving Cream 418g,Personal Care,265,Medium,Ambient,2,5,3,Low Stock,0.2,18,14,0,10.0,2026-02-10,530
INV00000258,DS001,T Nagar,High,P0258,Gillette Mach 3 Razor,Personal Care,285,High,Ambient,3,5,3,Low Stock,0.64,58,49,1,4.7,2026-02-15,855
INV00000259,DS001,T Nagar,High,P0259,Veet Hair Removal Cream 100g,Personal Care,215,High,Ambient,4,5,3,In Stock,0.57,51,43,1,7.0,2026-02-14,860
INV00000260,DS001,T Nagar,High,P0260,Nivea Body Lotion 400ml,Personal Care,295,High,Ambient,3,5,3,Low Stock,0.53,48,42,0,5.7,2026-02-15,885
INV00000261,DS001,T Nagar,High,P0261,Vaseline Petroleum Jelly 100ml,Personal Care,105,High,Ambient,5,5,3,In Stock,0.68,61,58,2,7.4,2026-02-12,525
INV00000262,DS001,T Nagar,High,P0262,Ponds Face Cream 100ml,Personal Care,235,Medium,Ambient,3,5,3,Low Stock,0.24,22,20,1,12.5,2026-02-10,705
INV00000263,DS001,T Nagar,High,P0263,Fair & Lovely 80g,Personal Care,175,High,Ambient,5,5,3,In Stock,0.83,75,59,2,6.0,2026-02-13,875
INV00000264,DS001,T Nagar,High,P0264,Garnier Face Wash 100g,Personal Care,145,Medium,Ambient,2,5,3,Low Stock,0.37,33,25,2,5.4,2026-02-14,290
INV00000265,DS001,T Nagar,High,P0265,Lakmé Face Cream 60g,Personal Care,295,High,Ambient,2,5,3,Low Stock,0.71,64,59,2,2.8,2026-02-12,590
INV00000266,DS001,T Nagar,High,P0266,Johnson Baby Powder 400g,Personal Care,285,High,Ambient,2,5,3,Low Stock,0.63,57,53,2,3.2,2026-02-13,570
INV00000267,DS001,T Nagar,High,P0267,Dettol Handwash Refill 750ml,Personal Care,145,High,Ambient,5,5,3,In Stock,0.47,42,38,1,10.6,2026-02-14,725
INV00000268,DS001,T Nagar,High,P0268,Savlon Antiseptic Liquid 500ml,Personal Care,165,High,Ambient,14,29,8,In Stock,0.0,0,0,0,999.0,2026-02-11,2310
INV00000269,DS001,T Nagar,High,P0269,Band Aid 10pc,Personal Care,55,Medium,Ambient,4,5,3,In Stock,0.21,19,17,2,19.0,2026-02-14,220
INV00000270,DS001,T Nagar,High,P0270,Vicks VapoRub 50ml,Personal Care,145,High,Ambient,5,5,3,In Stock,0.67,60,53,0,7.5,2026-02-09,725
INV00000271,DS001,T Nagar,High,P0271,Dettol Antiseptic Liquid 550ml,Personal Care,195,High,Ambient,5,5,3,In Stock,0.66,59,51,1,7.6,2026-02-15,975
INV00000272,DS001,T Nagar,High,P0272,Cotton Buds 100pc,Personal Care,45,High,Ambient,3,6,3,Low Stock,0.8,72,59,2,3.8,2026-02-14,135
INV00000273,DS001,T Nagar,High,P0273,Whisper Ultra XL 15 Pads,Personal Care,185,Medium,Ambient,5,5,3,In Stock,0.27,24,19,0,18.5,2026-02-10,925
INV00000274,DS001,T Nagar,High,P0274,Stayfree Secure XL 20 Pads,Personal Care,195,High,Ambient,3,5,3,Low Stock,0.57,51,47,2,5.3,2026-02-09,585
INV00000275,DS001,T Nagar,High,P0275,Sanfe Sanitary Napkins 10pc,Personal Care,155,Medium,Ambient,4,5,3,In Stock,0.26,23,21,2,15.4,2026-02-15,620
INV00000276,DS001,T Nagar,High,P0276,Pampers Baby Diapers S 20pc,Baby Care,495,Low,Ambient,3,5,3,Low Stock,0.19,17,15,1,15.8,2026-02-14,1485
INV00000277,DS001,T Nagar,High,P0277,Pampers Baby Diapers M 18pc,Baby Care,595,Medium,Ambient,5,5,3,In Stock,0.18,16,16,1,27.8,2026-02-15,2975
INV00000278,DS001,T Nagar,High,P0278,Pampers Baby Diapers L 16pc,Baby Care,695,Low,Ambient,2,5,3,Low Stock,0.18,16,15,0,11.1,2026-02-15,1390
INV00000279,DS001,T Nagar,High,P0279,Huggies Diapers S 22pc,Baby Care,485,Medium,Ambient,4,5,3,In Stock,0.26,23,21,1,15.4,2026-02-11,1940
INV00000280,DS001,T Nagar,High,P0280,Mamy Poko Pants M 20pc,Baby Care,575,Medium,Ambient,3,5,3,Low Stock,0.23,21,20,2,13.0,2026-02-15,1725
INV00000281,DS001,T Nagar,High,P0281,Johnson Baby Soap 100g,Baby Care,55,Medium,Ambient,2,5,3,Low Stock,0.37,33,25,2,5.4,2026-02-13,110
INV00000282,DS001,T Nagar,High,P0282,Johnson Baby Shampoo 200ml,Baby Care,175,Medium,Ambient,4,5,3,In Stock,0.31,28,24,2,12.9,2026-02-10,700
INV00000283,DS001,T Nagar,High,P0283,Johnson Baby Lotion 200ml,Baby Care,195,Low,Ambient,4,5,3,In Stock,0.11,10,8,2,36.4,2026-02-12,780
INV00000284,DS001,T Nagar,High,P0284,Johnson Baby Powder 200g,Baby Care,185,Low,Ambient,3,5,3,Low Stock,0.11,10,9,2,27.3,2026-02-14,555
INV00000285,DS001,T Nagar,High,P0285,Himalaya Baby Lotion 200ml,Baby Care,165,Low,Ambient,3,5,3,Low Stock,0.14,13,11,2,21.4,2026-02-13,495
INV00000286,DS001,T Nagar,High,P0286,Cerelac Wheat 300g,Baby Care,185,Low,Ambient,3,5,3,Low Stock,0.06,5,5,1,50.0,2026-02-12,555
INV00000287,DS001,T Nagar,High,P0287,Cerelac Multi Grain 300g,Baby Care,195,Medium,Ambient,2,5,3,Low Stock,0.23,21,17,1,8.7,2026-02-09,390
INV00000288,DS001,T Nagar,High,P0288,Lactogen 1 (0-6 months) 400g,Baby Care,495,Medium,Ambient,5,5,3,In Stock,0.24,22,20,1,20.8,2026-02-09,2475
INV00000289,DS001,T Nagar,High,P0289,Farex Baby Food 300g,Baby Care,175,Medium,Ambient,3,5,3,Low Stock,0.26,23,21,2,11.5,2026-02-14,525
INV00000290,DS001,T Nagar,High,P0290,Himalaya Baby Wipes 72pc,Baby Care,165,Medium,Ambient,3,5,3,Low Stock,0.22,20,18,2,13.6,2026-02-09,495
INV00000291,DS002,Anna Nagar,High,P0001,Amul Taaza Toned Milk 500ml,"Dairy, Bread & Eggs",28,High,Refrigerated,11,12,3,In Stock,1.54,139,95,2,7.1,2026-02-14,308
INV00000292,DS002,Anna Nagar,High,P0002,Amul Taaza Toned Milk 1L,"Dairy, Bread & Eggs",56,High,Refrigerated,7,9,3,In Stock,1.67,150,96,1,4.2,2026-02-14,392
INV00000293,DS002,Anna Nagar,High,P0003,Amul Gold Full Cream Milk 500ml,"Dairy, Bread & Eggs",32,High,Refrigerated,7,9,3,In Stock,1.28,115,74,1,5.5,2026-02-14,224
INV00000294,DS002,Anna Nagar,High,P0004,Amul Gold Full Cream Milk 1L,"Dairy, Bread & Eggs",64,High,Refrigerated,10,14,4,In Stock,1.87,168,108,2,5.3,2026-02-13,640
INV00000295,DS002,Anna Nagar,High,P0005,Heritage Fresh Milk 500ml,"Dairy, Bread & Eggs",30,High,Refrigerated,5,10,3,In Stock,1.57,141,89,1,3.2,2026-02-13,150
INV00000296,DS002,Anna Nagar,High,P0006,Nandini Milk 500ml,"Dairy, Bread & Eggs",26,Medium,Refrigerated,3,5,3,Low Stock,0.59,53,38,2,5.1,2026-02-14,78
INV00000297,DS002,Anna Nagar,High,P0007,Amul Fresh Cream 250ml,"Dairy, Bread & Eggs",85,High,Refrigerated,12,11,3,In Stock,1.52,137,90,1,7.9,2026-02-11,1020
INV00000298,DS002,Anna Nagar,High,P0008,Amul Masti Curd 400g,"Dairy, Bread & Eggs",32,High,Refrigerated,4,9,3,In Stock,1.62,146,97,0,2.5,2026-02-12,128
INV00000299,DS002,Anna Nagar,High,P0009,Mother Dairy Curd 400g,"Dairy, Bread & Eggs",30,High,Refrigerated,8,11,3,In Stock,1.7,153,98,0,4.7,2026-02-10,240
INV00000300,DS002,Anna Nagar,High,P0010,Nestle Dahi 400g,"Dairy, Bread & Eggs",35,High,Refrigerated,9,11,3,In Stock,1.46,131,88,2,6.2,2026-02-15,315
INV00000301,DS002,Anna Nagar,High,P0011,Amul Salted Butter 100g,"Dairy, Bread & Eggs",56,High,Refrigerated,4,9,3,In Stock,1.31,118,78,0,3.1,2026-02-13,224
INV00000302,DS002,Anna Nagar,High,P0012,Amul Salted Butter 500g,"Dairy, Bread & Eggs",270,Medium,Refrigerated,3,5,3,Low Stock,0.58,52,33,0,5.2,2026-02-13,810
INV00000303,DS002,Anna Nagar,High,P0013,Britannia Butter 100g,"Dairy, Bread & Eggs",54,High,Refrigerated,11,10,3,In Stock,1.46,131,87,2,7.5,2026-02-14,594
INV00000304,DS002,Anna Nagar,High,P0014,Amul Cheese Slices 200g,"Dairy, Bread & Eggs",130,Medium,Refrigerated,3,5,3,Low Stock,0.69,62,40,2,4.3,2026-02-14,390
INV00000305,DS002,Anna Nagar,High,P0015,Britannia Cheese Slices 200g,"Dairy, Bread & Eggs",125,Medium,Refrigerated,5,5,3,In Stock,0.69,62,42,1,7.2,2026-02-15,625
INV00000306,DS002,Anna Nagar,High,P0016,Amul Processed Cheese Block 200g,"Dairy, Bread & Eggs",110,High,Refrigerated,4,6,3,In Stock,1.13,102,74,2,3.5,2026-02-12,440
INV00000307,DS002,Anna Nagar,High,P0017,Mother Dairy Paneer 200g,"Dairy, Bread & Eggs",95,Medium,Refrigerated,2,5,3,Low Stock,0.41,37,24,2,4.9,2026-02-15,190
INV00000308,DS002,Anna Nagar,High,P0018,Amul Fresh Paneer 200g,"Dairy, Bread & Eggs",90,High,Refrigerated,10,11,3,In Stock,1.39,125,87,2,7.2,2026-02-09,900
INV00000309,DS002,Anna Nagar,High,P0019,Nandini Paneer 200g,"Dairy, Bread & Eggs",85,High,Refrigerated,6,7,3,In Stock,1.22,110,76,0,4.9,2026-02-09,510
INV00000310,DS002,Anna Nagar,High,P0020,Farm Fresh White Eggs 6 pcs,"Dairy, Bread & Eggs",48,High,Refrigerated,9,8,3,In Stock,1.33,120,84,2,6.8,2026-02-14,432
INV00000311,DS002,Anna Nagar,High,P0021,Farm Fresh Brown Eggs 6 pcs,"Dairy, Bread & Eggs",60,High,Refrigerated,8,10,3,In Stock,1.42,128,84,1,5.6,2026-02-13,480
INV00000312,DS002,Anna Nagar,High,P0022,Farm Fresh White Eggs 10 pcs,"Dairy, Bread & Eggs",75,High,Refrigerated,5,11,3,In Stock,1.5,135,92,1,3.3,2026-02-15,375
INV00000313,DS002,Anna Nagar,High,P0023,Amul Kool Milk Drink 200ml,"Dairy, Bread & Eggs",20,High,Refrigerated,4,11,3,In Stock,1.5,135,92,2,2.7,2026-02-13,80
INV00000314,DS002,Anna Nagar,High,P0024,Amul Lassi 200ml,"Dairy, Bread & Eggs",25,High,Refrigerated,10,10,3,In Stock,1.5,135,101,0,6.7,2026-02-15,250
INV00000315,DS002,Anna Nagar,High,P0025,Mother Dairy Mishti Doi 400g,"Dairy, Bread & Eggs",42,Medium,Refrigerated,4,5,3,In Stock,0.46,41,30,1,8.7,2026-02-14,168
INV00000316,DS002,Anna Nagar,High,P0026,Britannia Bread Large,"Dairy, Bread & Eggs",40,High,Refrigerated,8,10,3,In Stock,1.82,164,102,1,4.4,2026-02-14,320
INV00000317,DS002,Anna Nagar,High,P0027,Modern Bread Sandwich,"Dairy, Bread & Eggs",45,Medium,Refrigerated,3,5,3,Low Stock,0.83,75,49,1,3.6,2026-02-10,135
INV00000318,DS002,Anna Nagar,High,P0028,Harvest Gold Bread,"Dairy, Bread & Eggs",42,High,Refrigerated,8,9,3,In Stock,1.36,122,87,2,5.9,2026-02-13,336
INV00000319,DS002,Anna Nagar,High,P0029,English Oven Brown Bread,"Dairy, Bread & Eggs",50,High,Refrigerated,11,20,6,In Stock,0.0,0,0,0,999.0,2026-02-13,550
INV00000320,DS002,Anna Nagar,High,P0030,Onion 1kg,Fruits & Vegetables,35,High,Ambient,4,6,3,In Stock,0.83,75,75,2,4.8,2026-02-13,140
INV00000321,DS002,Anna Nagar,High,P0031,Tomato 1kg,Fruits & Vegetables,45,High,Ambient,2,5,3,Low Stock,0.74,67,67,0,2.7,2026-02-12,90
INV00000322,DS002,Anna Nagar,High,P0032,Potato 1kg,Fruits & Vegetables,28,High,Ambient,5,5,3,In Stock,0.76,68,68,1,6.6,2026-02-11,140
INV00000323,DS002,Anna Nagar,High,P0033,Green Chilli 100g,Fruits & Vegetables,15,High,Ambient,3,5,3,Low Stock,0.68,61,61,2,4.4,2026-02-14,45
INV00000324,DS002,Anna Nagar,High,P0034,Ginger 200g,Fruits & Vegetables,40,High,Ambient,2,5,3,Low Stock,0.83,75,75,1,2.4,2026-02-11,80
INV00000325,DS002,Anna Nagar,High,P0035,Garlic 250g,Fruits & Vegetables,55,High,Ambient,5,5,3,In Stock,0.62,56,56,2,8.1,2026-02-10,275
INV00000326,DS002,Anna Nagar,High,P0036,Coriander Leaves 100g,Fruits & Vegetables,15,High,Refrigerated,6,7,3,In Stock,0.92,83,83,0,6.5,2026-02-13,90
INV00000327,DS002,Anna Nagar,High,P0037,Curry Leaves 100g,Fruits & Vegetables,20,High,Refrigerated,3,5,3,Low Stock,0.82,74,74,1,3.7,2026-02-11,60
INV00000328,DS002,Anna Nagar,High,P0038,Lemon 250g (4-5pcs),Fruits & Vegetables,25,High,Ambient,3,5,3,Low Stock,0.81,73,73,0,3.7,2026-02-13,75
INV00000329,DS002,Anna Nagar,High,P0039,Carrot 500g,Fruits & Vegetables,30,High,Ambient,4,5,3,In Stock,0.67,60,60,0,6.0,2026-02-09,120
INV00000330,DS002,Anna Nagar,High,P0040,Beans 500g,Fruits & Vegetables,45,High,Ambient,5,5,3,In Stock,0.79,71,71,0,6.3,2026-02-14,225
INV00000331,DS002,Anna Nagar,High,P0041,Capsicum Green 500g,Fruits & Vegetables,50,High,Ambient,3,5,3,Low Stock,0.79,71,71,2,3.8,2026-02-13,150
INV00000332,DS002,Anna Nagar,High,P0042,Cabbage 1pc,Fruits & Vegetables,35,High,Ambient,4,5,3,In Stock,0.69,62,62,0,5.8,2026-02-15,140
INV00000333,DS002,Anna Nagar,High,P0043,Cauliflower 1pc,Fruits & Vegetables,40,High,Ambient,3,5,3,Low Stock,0.77,69,69,1,3.9,2026-02-14,120
INV00000334,DS002,Anna Nagar,High,P0044,Brinjal 500g,Fruits & Vegetables,35,High,Ambient,4,5,3,In Stock,0.63,57,57,2,6.3,2026-02-11,140
INV00000335,DS002,Anna Nagar,High,P0045,Ladies Finger 500g,Fruits & Vegetables,40,High,Ambient,4,6,3,In Stock,0.86,77,77,2,4.7,2026-02-11,160
INV00000336,DS002,Anna Nagar,High,P0046,Beetroot 500g,Fruits & Vegetables,35,High,Ambient,5,5,3,In Stock,0.77,69,69,1,6.5,2026-02-13,175
INV00000337,DS002,Anna Nagar,High,P0047,Radish White 500g,Fruits & Vegetables,30,High,Ambient,3,5,3,Low Stock,0.74,67,67,2,4.1,2026-02-13,90
INV00000338,DS002,Anna Nagar,High,P0048,Bottle Gourd 1pc,Fruits & Vegetables,35,High,Ambient,2,5,3,Low Stock,0.84,76,76,2,2.4,2026-02-12,70
INV00000339,DS002,Anna Nagar,High,P0049,Bitter Gourd 500g,Fruits & Vegetables,45,High,Ambient,2,5,3,Low Stock,0.72,65,65,2,2.8,2026-02-15,90
INV00000340,DS002,Anna Nagar,High,P0050,Banana Robusta 6pcs,Fruits & Vegetables,35,High,Ambient,2,5,3,Low Stock,0.7,63,63,0,2.9,2026-02-11,70
INV00000341,DS002,Anna Nagar,High,P0051,Apple Shimla 4pcs,Fruits & Vegetables,140,High,Ambient,2,5,3,Low Stock,0.79,71,71,2,2.5,2026-02-14,280
INV00000342,DS002,Anna Nagar,High,P0052,Pomegranate 1pc,Fruits & Vegetables,85,High,Ambient,4,6,3,In Stock,0.86,77,77,1,4.7,2026-02-11,340
INV00000343,DS002,Anna Nagar,High,P0053,Orange 500g,Fruits & Vegetables,50,High,Ambient,4,5,3,In Stock,0.73,66,66,0,5.5,2026-02-13,200
INV00000344,DS002,Anna Nagar,High,P0054,Sweet Lime 500g,Fruits & Vegetables,45,High,Ambient,4,5,3,In Stock,0.6,54,54,0,6.7,2026-02-11,180
INV00000345,DS002,Anna Nagar,High,P0055,Watermelon 1pc (3-4kg),Fruits & Vegetables,80,High,Ambient,2,5,3,Low Stock,0.68,61,61,2,2.9,2026-02-10,160
INV00000346,DS002,Anna Nagar,High,P0056,Papaya 1pc,Fruits & Vegetables,45,High,Ambient,5,5,3,In Stock,0.7,63,63,1,7.1,2026-02-10,225
INV00000347,DS002,Anna Nagar,High,P0057,Grapes Green 500g,Fruits & Vegetables,90,High,Ambient,5,5,3,In Stock,0.71,64,64,2,7.0,2026-02-09,450
INV00000348,DS002,Anna Nagar,High,P0058,Mango (Seasonal),Fruits & Vegetables,120,High,Ambient,6,6,3,In Stock,0.81,73,73,0,7.4,2026-02-11,720
INV00000349,DS002,Anna Nagar,High,P0059,Pineapple 1pc,Fruits & Vegetables,55,High,Ambient,4,5,3,In Stock,0.68,61,61,1,5.9,2026-02-11,220
INV00000350,DS002,Anna Nagar,High,P0060,Coca Cola 750ml,Cold Drinks & Juices,40,High,Refrigerated,4,7,3,In Stock,1.33,120,81,2,3.0,2026-02-12,160
INV00000351,DS002,Anna Nagar,High,P0061,Coca Cola 2.25L,Cold Drinks & Juices,95,Medium,Refrigerated,5,5,3,In Stock,0.47,42,30,1,10.6,2026-02-10,475
INV00000352,DS002,Anna Nagar,High,P0062,Pepsi 750ml,Cold Drinks & Juices,40,Medium,Refrigerated,5,5,3,In Stock,0.62,56,36,1,8.1,2026-02-12,200
INV00000353,DS002,Anna Nagar,High,P0063,Pepsi 2L,Cold Drinks & Juices,90,High,Refrigerated,2,5,3,Low Stock,1.02,92,69,1,2.0,2026-02-13,180
INV00000354,DS002,Anna Nagar,High,P0064,Sprite 750ml,Cold Drinks & Juices,40,Medium,Refrigerated,5,5,3,In Stock,0.46,41,24,1,10.9,2026-02-15,200
INV00000355,DS002,Anna Nagar,High,P0065,Thumbs Up 750ml,Cold Drinks & Juices,40,Medium,Refrigerated,5,5,3,In Stock,0.53,48,31,0,9.4,2026-02-12,200
INV00000356,DS002,Anna Nagar,High,P0066,Fanta 750ml,Cold Drinks & Juices,40,High,Refrigerated,3,9,3,Low Stock,1.43,129,89,1,2.1,2026-02-11,120
INV00000357,DS002,Anna Nagar,High,P0067,Mountain Dew 750ml,Cold Drinks & Juices,40,High,Refrigerated,4,8,3,In Stock,1.39,125,79,1,2.9,2026-02-14,160
INV00000358,DS002,Anna Nagar,High,P0068,Thums Up 2.25L,Cold Drinks & Juices,95,High,Refrigerated,4,8,3,In Stock,1.37,123,78,1,2.9,2026-02-10,380
INV00000359,DS002,Anna Nagar,High,P0069,Bisleri Water 1L,Cold Drinks & Juices,20,High,Ambient,4,7,3,In Stock,1.38,124,82,0,2.9,2026-02-09,80
INV00000360,DS002,Anna Nagar,High,P0070,Bisleri Water 2L,Cold Drinks & Juices,35,High,Ambient,3,5,3,Low Stock,0.87,78,58,1,3.4,2026-02-12,105
INV00000361,DS002,Anna Nagar,High,P0071,Kinley Water 1L,Cold Drinks & Juices,20,High,Ambient,8,7,3,In Stock,1.3,117,72,2,6.2,2026-02-14,160
INV00000362,DS002,Anna Nagar,High,P0072,Aquafina Water 1L,Cold Drinks & Juices,20,Medium,Ambient,3,5,3,Low Stock,0.49,44,32,1,6.1,2026-02-15,60
INV00000363,DS002,Anna Nagar,High,P0073,Red Bull Energy Drink 250ml,Cold Drinks & Juices,125,Medium,Refrigerated,2,5,3,Low Stock,0.58,52,34,1,3.4,2026-02-09,250
INV00000364,DS002,Anna Nagar,High,P0074,Sting Energy Drink 250ml,Cold Drinks & Juices,20,Medium,Refrigerated,5,5,3,In Stock,0.6,54,35,0,8.3,2026-02-14,100
INV00000365,DS002,Anna Nagar,High,P0075,Monster Energy Drink 500ml,Cold Drinks & Juices,150,Medium,Refrigerated,2,5,3,Low Stock,0.62,56,41,1,3.2,2026-02-11,300
INV00000366,DS002,Anna Nagar,High,P0076,Real Fruit Juice Mixed Fruit 1L,Cold Drinks & Juices,130,Medium,Refrigerated,5,5,3,In Stock,0.53,48,32,2,9.4,2026-02-10,650
INV00000367,DS002,Anna Nagar,High,P0077,Real Fruit Juice Mango 1L,Cold Drinks & Juices,130,High,Refrigerated,5,8,3,In Stock,1.29,116,80,1,3.9,2026-02-10,650
INV00000368,DS002,Anna Nagar,High,P0078,Tropicana Orange 1L,Cold Drinks & Juices,145,High,Refrigerated,6,8,3,In Stock,1.33,120,77,2,4.5,2026-02-14,870
INV00000369,DS002,Anna Nagar,High,P0079,Tropicana Mixed Fruit 1L,Cold Drinks & Juices,145,High,Refrigerated,14,26,7,In Stock,0.0,0,0,0,999.0,2026-02-09,2030
INV00000370,DS002,Anna Nagar,High,P0080,Minute Maid Pulpy Orange 400ml,Cold Drinks & Juices,45,Medium,Refrigerated,5,5,3,In Stock,0.37,33,25,2,13.5,2026-02-12,225
INV00000371,DS002,Anna Nagar,High,P0081,Frooti Mango Drink 160ml,Cold Drinks & Juices,10,High,Refrigerated,2,6,3,Low Stock,1.08,97,66,1,1.9,2026-02-13,20
INV00000372,DS002,Anna Nagar,High,P0082,Frooti Mango Drink 1.2L,Cold Drinks & Juices,60,High,Refrigerated,11,10,3,In Stock,1.74,157,101,2,6.3,2026-02-11,660
INV00000373,DS002,Anna Nagar,High,P0083,Maaza Mango Drink 1.2L,Cold Drinks & Juices,60,High,Refrigerated,5,10,3,In Stock,1.68,151,90,1,3.0,2026-02-14,300
INV00000374,DS002,Anna Nagar,High,P0084,Paper Boat Aam Panna 250ml,Cold Drinks & Juices,40,Medium,Refrigerated,5,5,3,In Stock,0.38,34,22,2,13.2,2026-02-11,200
INV00000375,DS002,Anna Nagar,High,P0085,Paper Boat Jaljeera 250ml,Cold Drinks & Juices,40,High,Refrigerated,5,6,3,In Stock,0.94,85,57,0,5.3,2026-02-13,200
INV00000376,DS002,Anna Nagar,High,P0086,Rasna Orange 750ml,Cold Drinks & Juices,35,High,Refrigerated,9,10,3,In Stock,1.27,114,69,2,7.1,2026-02-10,315
INV00000377,DS002,Anna Nagar,High,P0087,Tang Instant Drink 750g,Cold Drinks & Juices,320,Medium,Refrigerated,4,5,3,In Stock,0.8,72,47,1,5.0,2026-02-11,1280
INV00000378,DS002,Anna Nagar,High,P0088,Nestle Iced Tea Lemon 500ml,Cold Drinks & Juices,40,High,Refrigerated,7,7,3,In Stock,1.28,115,74,1,5.5,2026-02-14,280
INV00000379,DS002,Anna Nagar,High,P0089,Lays Classic Salted 50g,Snacks & Munchies,20,High,Ambient,7,8,3,In Stock,1.31,118,95,2,5.3,2026-02-09,140
INV00000380,DS002,Anna Nagar,High,P0090,Lays Classic Salted 90g,Snacks & Munchies,35,Medium,Ambient,2,5,3,Low Stock,0.3,27,23,2,6.7,2026-02-11,70
INV00000381,DS002,Anna Nagar,High,P0091,Lays American Style Cream & Onion 50g,Snacks & Munchies,20,High,Ambient,6,7,3,In Stock,1.03,93,81,0,5.8,2026-02-10,120
INV00000382,DS002,Anna Nagar,High,P0092,Kurkure Masala Munch 90g,Snacks & Munchies,20,High,Ambient,8,8,3,In Stock,1.16,104,84,1,6.9,2026-02-10,160
INV00000383,DS002,Anna Nagar,High,P0093,Kurkure Solid Masti 90g,Snacks & Munchies,20,Medium,Ambient,8,15,4,In Stock,0.0,0,0,0,999.0,2026-02-11,160
INV00000384,DS002,Anna Nagar,High,P0094,Bingo Mad Angles 72g,Snacks & Munchies,20,High,Ambient,4,5,3,In Stock,0.88,79,69,1,4.5,2026-02-12,80
INV00000385,DS002,Anna Nagar,High,P0095,Doritos Nacho Cheese 150g,Snacks & Munchies,75,High,Ambient,7,8,3,In Stock,1.17,105,89,1,6.0,2026-02-11,525
INV00000386,DS002,Anna Nagar,High,P0096,Pringles Original 107g,Snacks & Munchies,130,High,Ambient,9,8,3,In Stock,1.14,103,87,0,7.9,2026-02-09,1170
INV00000387,DS002,Anna Nagar,High,P0097,Haldirams Aloo Bhujia 200g,Snacks & Munchies,50,High,Ambient,4,6,3,In Stock,0.96,86,76,0,4.2,2026-02-15,200
INV00000388,DS002,Anna Nagar,High,P0098,Haldirams Moong Dal 200g,Snacks & Munchies,55,High,Ambient,4,6,3,In Stock,0.91,82,74,0,4.4,2026-02-12,220
INV00000389,DS002,Anna Nagar,High,P0099,Haldirams Sev Bhujia 400g,Snacks & Munchies,95,High,Ambient,6,7,3,In Stock,1.01,91,82,0,5.9,2026-02-15,570
INV00000390,DS002,Anna Nagar,High,P0100,Bikaji Bhujia 200g,Snacks & Munchies,48,High,Ambient,5,7,3,In Stock,1.06,95,81,1,4.7,2026-02-11,240
INV00000391,DS002,Anna Nagar,High,P0101,Parle G Biscuits 376g,Snacks & Munchies,40,High,Ambient,2,5,3,Low Stock,0.91,82,76,2,2.2,2026-02-14,80
INV00000392,DS002,Anna Nagar,High,P0102,Britannia Good Day Butter 600g,Snacks & Munchies,80,High,Ambient,5,8,3,In Stock,1.07,96,86,2,4.7,2026-02-10,400
INV00000393,DS002,Anna Nagar,High,P0103,Britannia Marie Gold 250g,Snacks & Munchies,32,High,Ambient,6,6,3,In Stock,1.03,93,80,2,5.8,2026-02-12,192
INV00000394,DS002,Anna Nagar,High,P0104,Sunfeast Dark Fantasy 300g,Snacks & Munchies,110,High,Ambient,3,7,3,Low Stock,1.07,96,81,1,2.8,2026-02-14,330
INV00000395,DS002,Anna Nagar,High,P0105,Oreo Original 300g,Snacks & Munchies,40,High,Ambient,4,5,3,In Stock,0.77,69,65,2,5.2,2026-02-13,160
INV00000396,DS002,Anna Nagar,High,P0106,Hide & Seek 240g,Snacks & Munchies,50,High,Ambient,4,7,3,In Stock,0.96,86,79,2,4.2,2026-02-14,200
INV00000397,DS002,Anna Nagar,High,P0107,Monaco Classic 200g,Snacks & Munchies,25,Medium,Ambient,4,5,3,In Stock,0.28,25,23,0,14.3,2026-02-13,100
INV00000398,DS002,Anna Nagar,High,P0108,Parle 20-20 Cashew Cookies 400g,Snacks & Munchies,55,Medium,Ambient,4,5,3,In Stock,0.41,37,33,1,9.8,2026-02-10,220
INV00000399,DS002,Anna Nagar,High,P0109,Cadbury Dairy Milk Silk 60g,Snacks & Munchies,100,High,Ambient,4,7,3,In Stock,1.04,94,80,2,3.8,2026-02-15,400
INV00000400,DS002,Anna Nagar,High,P0110,KitKat 4 Finger 37.3g,Snacks & Munchies,40,High,Ambient,16,21,6,In Stock,0.0,0,0,0,999.0,2026-02-12,640
INV00000401,DS002,Anna Nagar,High,P0111,5 Star Chocolate 40g,Snacks & Munchies,25,High,Ambient,3,5,3,Low Stock,0.76,68,58,1,3.9,2026-02-09,75
INV00000402,DS002,Anna Nagar,High,P0112,Snickers 50g,Snacks & Munchies,40,High,Ambient,5,6,3,In Stock,0.9,81,73,2,5.6,2026-02-10,200
INV00000403,DS002,Anna Nagar,High,P0113,Munch Chocolate 30g,Snacks & Munchies,20,High,Ambient,5,5,3,In Stock,0.99,89,78,1,5.1,2026-02-14,100
INV00000404,DS002,Anna Nagar,High,P0114,Too Yumm Veggie Stix 56g,Snacks & Munchies,35,High,Ambient,7,7,3,In Stock,1.03,93,80,1,6.8,2026-02-15,245
INV00000405,DS002,Anna Nagar,High,P0115,Act II Popcorn Butter 60g,Snacks & Munchies,50,High,Ambient,3,7,3,Low Stock,0.94,85,69,2,3.2,2026-02-15,150
INV00000406,DS002,Anna Nagar,High,P0116,Cornitos Nacho Chips 150g,Snacks & Munchies,70,Medium,Ambient,2,5,3,Low Stock,0.36,32,30,2,5.6,2026-02-12,140
INV00000407,DS002,Anna Nagar,High,P0117,Maggi Masala Noodles 70g,Breakfast & Instant Food,14,High,Ambient,7,7,3,In Stock,1.07,96,82,2,6.5,2026-02-13,98
INV00000408,DS002,Anna Nagar,High,P0118,Maggi Masala Noodles 280g (4pack),Breakfast & Instant Food,52,High,Ambient,4,6,3,In Stock,0.84,76,68,2,4.8,2026-02-13,208
INV00000409,DS002,Anna Nagar,High,P0119,Maggi Atta Noodles 320g,Breakfast & Instant Food,54,Medium,Ambient,2,5,3,Low Stock,0.41,37,32,0,4.9,2026-02-10,108
INV00000410,DS002,Anna Nagar,High,P0120,Top Ramen Curry 280g,Breakfast & Instant Food,48,Medium,Ambient,4,5,3,In Stock,0.4,36,32,1,10.0,2026-02-09,192
INV00000411,DS002,Anna Nagar,High,P0121,Yippee Magic Masala 240g,Breakfast & Instant Food,42,Medium,Ambient,5,5,3,In Stock,0.41,37,33,1,12.2,2026-02-10,210
INV00000412,DS002,Anna Nagar,High,P0122,Sunfeast Yippee 420g,Breakfast & Instant Food,60,High,Ambient,3,6,3,Low Stock,1.02,92,80,1,2.9,2026-02-15,180
INV00000413,DS002,Anna Nagar,High,P0123,Knorr Chicken Soup 40g,Breakfast & Instant Food,35,High,Ambient,7,7,3,In Stock,1.13,102,90,0,6.2,2026-02-12,245
INV00000414,DS002,Anna Nagar,High,P0124,Knorr Hot & Sour Veg Soup 42g,Breakfast & Instant Food,35,High,Ambient,3,6,3,Low Stock,0.99,89,78,1,3.0,2026-02-13,105
INV00000415,DS002,Anna Nagar,High,P0125,Maggi Hot Heads 73g,Breakfast & Instant Food,25,High,Ambient,8,8,3,In Stock,1.18,106,93,1,6.8,2026-02-15,200
INV00000416,DS002,Anna Nagar,High,P0126,Pasta Treat Penne 500g,Breakfast & Instant Food,85,High,Ambient,5,5,3,In Stock,0.73,66,58,0,6.8,2026-02-11,425
INV00000417,DS002,Anna Nagar,High,P0127,MTR Idli Mix 500g,Breakfast & Instant Food,75,Medium,Ambient,2,5,3,Low Stock,0.44,40,32,0,4.5,2026-02-09,150
INV00000418,DS002,Anna Nagar,High,P0128,MTR Dosa Mix 500g,Breakfast & Instant Food,75,High,Ambient,5,5,3,In Stock,0.7,63,53,0,7.1,2026-02-15,375
INV00000419,DS002,Anna Nagar,High,P0129,MTR Rava Idli 500g,Breakfast & Instant Food,70,Medium,Ambient,2,5,3,Low Stock,0.37,33,29,1,5.4,2026-02-15,140
INV00000420,DS002,Anna Nagar,High,P0130,ID Fresh Idli Batter 1kg,Breakfast & Instant Food,75,Medium,Ambient,2,5,3,Low Stock,0.4,36,31,0,5.0,2026-02-15,150
INV00000421,DS002,Anna Nagar,High,P0131,ID Fresh Dosa Batter 1kg,Breakfast & Instant Food,75,Medium,Ambient,5,5,3,In Stock,0.47,42,38,1,10.6,2026-02-14,375
INV00000422,DS002,Anna Nagar,High,P0132,Saffola Masala Oats 400g,Breakfast & Instant Food,145,High,Ambient,3,7,3,Low Stock,1.18,106,91,0,2.5,2026-02-14,435
INV00000423,DS002,Anna Nagar,High,P0133,Quaker Oats 1kg,Breakfast & Instant Food,185,High,Ambient,4,8,3,In Stock,1.16,104,87,2,3.4,2026-02-12,740
INV00000424,DS002,Anna Nagar,High,P0134,Kelloggs Corn Flakes 875g,Breakfast & Instant Food,340,High,Ambient,8,7,3,In Stock,1.0,90,76,0,8.0,2026-02-12,2720
INV00000425,DS002,Anna Nagar,High,P0135,Kelloggs Chocos 375g,Breakfast & Instant Food,185,High,Ambient,8,8,3,In Stock,1.09,98,85,1,7.3,2026-02-10,1480
INV00000426,DS002,Anna Nagar,High,P0136,Nestle Ceregrow 300g,Breakfast & Instant Food,395,Medium,Ambient,5,5,3,In Stock,0.33,30,26,0,15.2,2026-02-09,1975
INV00000427,DS002,Anna Nagar,High,P0137,MTR Vermicelli Roasted 440g,Breakfast & Instant Food,55,Medium,Ambient,5,5,3,In Stock,0.4,36,32,2,12.5,2026-02-14,275
INV00000428,DS002,Anna Nagar,High,P0138,Bambino Vermicelli 175g,Breakfast & Instant Food,25,High,Ambient,2,5,3,Low Stock,0.67,60,54,2,3.0,2026-02-15,50
INV00000429,DS002,Anna Nagar,High,P0139,Haldiram Moong Dal 200g,Breakfast & Instant Food,55,High,Ambient,6,7,3,In Stock,1.1,99,88,1,5.5,2026-02-13,330
INV00000430,DS002,Anna Nagar,High,P0140,McCain French Fries 420g,Breakfast & Instant Food,145,High,Ambient,5,6,3,In Stock,0.98,88,78,1,5.1,2026-02-09,725
INV00000431,DS002,Anna Nagar,High,P0141,McCain Veggie Fingers 360g,Breakfast & Instant Food,180,High,Ambient,7,7,3,In Stock,1.03,93,80,0,6.8,2026-02-11,1260
INV00000432,DS002,Anna Nagar,High,P0142,Aashirvaad Atta 5kg,"Atta, Rice & Dal",240,High,Ambient,5,5,3,In Stock,0.54,49,39,1,9.3,2026-02-15,1200
INV00000433,DS002,Anna Nagar,High,P0143,Aashirvaad Atta 10kg,"Atta, Rice & Dal",475,High,Ambient,5,5,3,In Stock,0.51,46,45,0,9.8,2026-02-12,2375
INV00000434,DS002,Anna Nagar,High,P0144,Fortune Chakki Fresh Atta 5kg,"Atta, Rice & Dal",235,High,Ambient,5,5,3,In Stock,0.77,69,58,2,6.5,2026-02-13,1175
INV00000435,DS002,Anna Nagar,High,P0145,Pillsbury Chakki Fresh Atta 5kg,"Atta, Rice & Dal",240,High,Ambient,4,5,3,In Stock,0.67,60,51,0,6.0,2026-02-13,960
INV00000436,DS002,Anna Nagar,High,P0146,India Gate Basmati Rice 1kg,"Atta, Rice & Dal",190,Medium,Ambient,3,5,3,Low Stock,0.2,18,17,2,15.0,2026-02-14,570
INV00000437,DS002,Anna Nagar,High,P0147,India Gate Basmati Rice 5kg,"Atta, Rice & Dal",900,High,Ambient,4,5,3,In Stock,0.71,64,55,2,5.6,2026-02-11,3600
INV00000438,DS002,Anna Nagar,High,P0148,Daawat Basmati Rice 1kg,"Atta, Rice & Dal",180,High,Ambient,4,5,3,In Stock,0.71,64,57,0,5.6,2026-02-14,720
INV00000439,DS002,Anna Nagar,High,P0149,Fortune Biryani Special Basmati 1kg,"Atta, Rice & Dal",170,Medium,Ambient,3,5,3,Low Stock,0.39,35,29,2,7.7,2026-02-15,510
INV00000440,DS002,Anna Nagar,High,P0150,Sona Masoori Rice 5kg,"Atta, Rice & Dal",280,High,Ambient,13,18,5,In Stock,0.0,0,0,0,999.0,2026-02-13,3640
INV00000441,DS002,Anna Nagar,High,P0151,Ponni Boiled Rice 5kg,"Atta, Rice & Dal",250,High,Ambient,3,5,3,Low Stock,0.79,71,60,1,3.8,2026-02-10,750
INV00000442,DS002,Anna Nagar,High,P0152,Tata Sampann Toor Dal 1kg,"Atta, Rice & Dal",160,High,Ambient,6,6,3,In Stock,0.8,72,61,2,7.5,2026-02-11,960
INV00000443,DS002,Anna Nagar,High,P0153,Tata Sampann Moong Dal 500g,"Atta, Rice & Dal",85,Medium,Ambient,4,5,3,In Stock,0.26,23,21,0,15.4,2026-02-11,340
INV00000444,DS002,Anna Nagar,High,P0154,Tata Sampann Chana Dal 1kg,"Atta, Rice & Dal",155,High,Ambient,4,5,3,In Stock,0.79,71,54,2,5.1,2026-02-13,620
INV00000445,DS002,Anna Nagar,High,P0155,Tata Sampann Masoor Dal 500g,"Atta, Rice & Dal",75,High,Ambient,2,5,3,Low Stock,0.72,65,58,1,2.8,2026-02-09,150
INV00000446,DS002,Anna Nagar,High,P0156,Tata Sampann Urad Dal 500g,"Atta, Rice & Dal",90,High,Ambient,4,5,3,In Stock,0.59,53,45,1,6.8,2026-02-11,360
INV00000447,DS002,Anna Nagar,High,P0157,Rajma 500g,"Atta, Rice & Dal",110,High,Ambient,5,5,3,In Stock,0.63,57,48,1,7.9,2026-02-15,550
INV00000448,DS002,Anna Nagar,High,P0158,Kabuli Chana 500g,"Atta, Rice & Dal",95,High,Ambient,2,5,3,Low Stock,0.58,52,45,2,3.4,2026-02-15,190
INV00000449,DS002,Anna Nagar,High,P0159,Tata Salt 1kg,"Atta, Rice & Dal",22,Medium,Ambient,2,5,3,Low Stock,0.31,28,20,1,6.5,2026-02-10,44
INV00000450,DS002,Anna Nagar,High,P0160,Tata Salt Lite 1kg,"Atta, Rice & Dal",52,High,Ambient,2,5,3,Low Stock,0.82,74,65,0,2.4,2026-02-14,104
INV00000451,DS002,Anna Nagar,High,P0161,Catch Salt 1kg,"Atta, Rice & Dal",20,Medium,Ambient,5,5,3,In Stock,0.24,22,19,1,20.8,2026-02-14,100
INV00000452,DS002,Anna Nagar,High,P0162,Sugar 1kg,"Atta, Rice & Dal",45,High,Ambient,5,5,3,In Stock,0.49,44,41,2,10.2,2026-02-14,225
INV00000453,DS002,Anna Nagar,High,P0163,Brown Sugar 500g,"Atta, Rice & Dal",50,High,Ambient,4,5,3,In Stock,0.64,58,52,0,6.2,2026-02-14,200
INV00000454,DS002,Anna Nagar,High,P0164,Jaggery Powder 500g,"Atta, Rice & Dal",65,High,Ambient,12,18,5,In Stock,0.0,0,0,0,999.0,2026-02-12,780
INV00000455,DS002,Anna Nagar,High,P0165,Rava Medium 500g,"Atta, Rice & Dal",35,High,Ambient,3,6,3,Low Stock,0.86,77,65,1,3.5,2026-02-12,105
INV00000456,DS002,Anna Nagar,High,P0166,Poha Thick 500g,"Atta, Rice & Dal",45,High,Ambient,3,5,3,Low Stock,0.62,56,51,0,4.8,2026-02-15,135
INV00000457,DS002,Anna Nagar,High,P0167,Sabudana 500g,"Atta, Rice & Dal",75,High,Ambient,3,5,3,Low Stock,0.68,61,56,2,4.4,2026-02-14,225
INV00000458,DS002,Anna Nagar,High,P0168,MDH Deggi Mirch 100g,"Masala, Oil & More",85,Medium,Ambient,5,5,3,In Stock,0.24,22,20,0,20.8,2026-02-10,425
INV00000459,DS002,Anna Nagar,High,P0169,MDH Garam Masala 100g,"Masala, Oil & More",90,High,Ambient,4,5,3,In Stock,0.64,58,51,0,6.2,2026-02-14,360
INV00000460,DS002,Anna Nagar,High,P0170,MDH Chana Masala 100g,"Masala, Oil & More",85,Low,Ambient,4,5,3,In Stock,0.13,12,9,0,30.8,2026-02-15,340
INV00000461,DS002,Anna Nagar,High,P0171,Everest Turmeric Powder 200g,"Masala, Oil & More",95,High,Ambient,2,5,3,Low Stock,0.6,54,45,1,3.3,2026-02-12,190
INV00000462,DS002,Anna Nagar,High,P0172,Everest Red Chilli Powder 200g,"Masala, Oil & More",105,Medium,Ambient,4,5,3,In Stock,0.18,16,15,2,22.2,2026-02-09,420
INV00000463,DS002,Anna Nagar,High,P0173,Everest Coriander Powder 200g,"Masala, Oil & More",65,Medium,Ambient,4,5,3,In Stock,0.26,23,19,0,15.4,2026-02-14,260
INV00000464,DS002,Anna Nagar,High,P0174,Catch Cumin Powder 100g,"Masala, Oil & More",70,High,Ambient,4,5,3,In Stock,0.84,76,67,1,4.8,2026-02-12,280
INV00000465,DS002,Anna Nagar,High,P0175,Catch Chat Masala 100g,"Masala, Oil & More",60,High,Ambient,3,5,3,Low Stock,0.62,56,48,1,4.8,2026-02-10,180
INV00000466,DS002,Anna Nagar,High,P0176,Ching Secret Manchurian 60g,"Masala, Oil & More",65,Low,Ambient,3,5,3,Low Stock,0.17,15,11,1,17.6,2026-02-11,195
INV00000467,DS002,Anna Nagar,High,P0177,Maggi Magic Cubes 40g,"Masala, Oil & More",20,Medium,Ambient,2,5,3,Low Stock,0.33,30,27,0,6.1,2026-02-09,40
INV00000468,DS002,Anna Nagar,High,P0178,Kissan Fresh Tomato Ketchup 900g,"Masala, Oil & More",120,High,Ambient,2,5,3,Low Stock,0.81,73,58,0,2.5,2026-02-15,240
INV00000469,DS002,Anna Nagar,High,P0179,Kissan Tomato Sauce 1kg,"Masala, Oil & More",125,High,Ambient,5,5,3,In Stock,0.72,65,56,1,6.9,2026-02-11,625
INV00000470,DS002,Anna Nagar,High,P0180,Maggi Hot & Sweet Sauce 1kg,"Masala, Oil & More",140,High,Ambient,4,5,3,In Stock,0.67,60,51,1,6.0,2026-02-14,560
INV00000471,DS002,Anna Nagar,High,P0181,Fortune Sunflower Oil 1L,"Masala, Oil & More",160,Low,Ambient,2,5,3,Low Stock,0.0,0,0,0,999.0,2026-02-14,320
INV00000472,DS002,Anna Nagar,High,P0182,Fortune Refined Oil 5L,"Masala, Oil & More",750,Medium,Ambient,2,5,3,Low Stock,0.23,21,18,0,8.7,2026-02-13,1500
INV00000473,DS002,Anna Nagar,High,P0183,Sundrop Sunflower Oil 1L,"Masala, Oil & More",155,Medium,Ambient,2,5,3,Low Stock,0.36,32,30,1,5.6,2026-02-09,310
INV00000474,DS002,Anna Nagar,High,P0184,Dhara Refined Oil 1L,"Masala, Oil & More",150,Medium,Ambient,5,5,3,In Stock,0.36,32,28,0,13.9,2026-02-09,750
INV00000475,DS002,Anna Nagar,High,P0185,Fortune Mustard Oil 1L,"Masala, Oil & More",185,High,Ambient,4,5,3,In Stock,0.89,80,67,2,4.5,2026-02-12,740
INV00000476,DS002,Anna Nagar,High,P0186,KS Gingelly Oil 500ml,"Masala, Oil & More",200,Medium,Ambient,3,5,3,Low Stock,0.27,24,22,0,11.1,2026-02-11,600
INV00000477,DS002,Anna Nagar,High,P0187,Parachute Coconut Oil 500ml,"Masala, Oil & More",195,High,Ambient,5,5,3,In Stock,0.63,57,55,2,7.9,2026-02-15,975
INV00000478,DS002,Anna Nagar,High,P0188,Saffola Gold Oil 1L,"Masala, Oil & More",250,High,Ambient,4,6,3,In Stock,0.78,70,58,0,5.1,2026-02-09,1000
INV00000479,DS002,Anna Nagar,High,P0189,Ghee 500ml,"Masala, Oil & More",295,Low,Ambient,2,5,3,Low Stock,0.11,10,8,2,18.2,2026-02-15,590
INV00000480,DS002,Anna Nagar,High,P0190,Amul Pure Ghee 500ml,"Masala, Oil & More",340,Medium,Ambient,5,5,3,In Stock,0.36,32,27,2,13.9,2026-02-10,1700
INV00000481,DS002,Anna Nagar,High,P0191,Dalda Vanaspati 1L,"Masala, Oil & More",200,High,Ambient,3,5,3,Low Stock,0.73,66,63,2,4.1,2026-02-12,600
INV00000482,DS002,Anna Nagar,High,P0192,Nutella Hazelnut Spread 350g,Sauces & Spreads,385,Medium,Ambient,5,5,3,In Stock,0.3,27,25,1,16.7,2026-02-14,1925
INV00000483,DS002,Anna Nagar,High,P0193,Kissan Mixed Fruit Jam 500g,Sauces & Spreads,140,Medium,Ambient,2,5,3,Low Stock,0.28,25,21,1,7.1,2026-02-12,280
INV00000484,DS002,Anna Nagar,High,P0194,Kissan Pineapple Jam 500g,Sauces & Spreads,135,Medium,Ambient,2,5,3,Low Stock,0.28,25,21,0,7.1,2026-02-09,270
INV00000485,DS002,Anna Nagar,High,P0195,Mapro Mango Jam 500g,Sauces & Spreads,155,Low,Ambient,2,5,3,Low Stock,0.17,15,14,2,11.8,2026-02-13,310
INV00000486,DS002,Anna Nagar,High,P0196,Hersheys Chocolate Syrup 623g,Sauces & Spreads,325,Medium,Ambient,2,5,3,Low Stock,0.24,22,19,2,8.3,2026-02-12,650
INV00000487,DS002,Anna Nagar,High,P0197,Veeba Mayonnaise 250g,Sauces & Spreads,85,Low,Ambient,4,5,3,In Stock,0.18,16,13,2,22.2,2026-02-10,340
INV00000488,DS002,Anna Nagar,High,P0198,Funfoods Peri Peri Sauce 325g,Sauces & Spreads,130,Medium,Ambient,5,5,3,In Stock,0.39,35,32,2,12.8,2026-02-13,650
INV00000489,DS002,Anna Nagar,High,P0199,Veeba Sandwich Spread 275g,Sauces & Spreads,90,Medium,Ambient,3,5,3,Low Stock,0.23,21,19,2,13.0,2026-02-14,270
INV00000490,DS002,Anna Nagar,High,P0200,Ching Red Chilli Sauce 680g,Sauces & Spreads,115,Low,Ambient,3,5,3,Low Stock,0.13,12,12,2,23.1,2026-02-14,345
INV00000491,DS002,Anna Nagar,High,P0201,Ching Green Chilli Sauce 190g,Sauces & Spreads,60,Medium,Ambient,12,12,3,In Stock,0.0,0,0,0,999.0,2026-02-14,720
INV00000492,DS002,Anna Nagar,High,P0202,Del Monte Pasta Sauce 400g,Sauces & Spreads,145,Low,Ambient,5,5,3,In Stock,0.16,14,13,0,31.2,2026-02-15,725
INV00000493,DS002,Anna Nagar,High,P0203,Maggi Pichkoo 90g,Sauces & Spreads,45,Medium,Ambient,5,5,3,In Stock,0.26,23,19,0,19.2,2026-02-14,225
INV00000494,DS002,Anna Nagar,High,P0204,Tata Tea Gold 1kg,"Tea, Coffee & Health Drinks",490,High,Ambient,6,6,3,In Stock,0.99,89,77,2,6.1,2026-02-11,2940
INV00000495,DS002,Anna Nagar,High,P0205,Tata Tea Premium 1kg,"Tea, Coffee & Health Drinks",460,Medium,Ambient,3,5,3,Low Stock,0.4,36,29,1,7.5,2026-02-09,1380
INV00000496,DS002,Anna Nagar,High,P0206,Red Label Natural Care 1kg,"Tea, Coffee & Health Drinks",440,Medium,Ambient,4,5,3,In Stock,0.34,31,28,0,11.8,2026-02-13,1760
INV00000497,DS002,Anna Nagar,High,P0207,Brooke Bond Taj Mahal 1kg,"Tea, Coffee & Health Drinks",520,High,Ambient,3,7,3,Low Stock,0.99,89,82,2,3.0,2026-02-10,1560
INV00000498,DS002,Anna Nagar,High,P0208,Society Tea 1kg,"Tea, Coffee & Health Drinks",380,High,Ambient,3,7,3,Low Stock,1.04,94,82,2,2.9,2026-02-15,1140
INV00000499,DS002,Anna Nagar,High,P0209,Nescafe Classic 50g,"Tea, Coffee & Health Drinks",215,High,Ambient,4,6,3,In Stock,0.84,76,65,0,4.8,2026-02-09,860
INV00000500,DS002,Anna Nagar,High,P0210,Bru Instant Coffee 50g,"Tea, Coffee & Health Drinks",175,High,Ambient,7,8,3,In Stock,1.13,102,89,1,6.2,2026-02-11,1225
INV00000501,DS002,Anna Nagar,High,P0211,Nescafe Sunrise Premium 50g,"Tea, Coffee & Health Drinks",145,High,Ambient,6,6,3,In Stock,0.9,81,66,1,6.7,2026-02-12,870
INV00000502,DS002,Anna Nagar,High,P0212,Bru Gold 100g,"Tea, Coffee & Health Drinks",345,High,Ambient,3,6,3,Low Stock,0.94,85,72,0,3.2,2026-02-11,1035
INV00000503,DS002,Anna Nagar,High,P0213,Horlicks Classic Malt 500g,"Tea, Coffee & Health Drinks",285,Medium,Ambient,3,5,3,Low Stock,0.23,21,19,1,13.0,2026-02-10,855
INV00000504,DS002,Anna Nagar,High,P0214,Boost Health Drink 500g,"Tea, Coffee & Health Drinks",265,High,Ambient,2,5,3,Low Stock,0.88,79,69,2,2.3,2026-02-15,530
INV00000505,DS002,Anna Nagar,High,P0215,Complan Chocolate 500g,"Tea, Coffee & Health Drinks",360,Medium,Ambient,4,5,3,In Stock,0.37,33,28,1,10.8,2026-02-12,1440
INV00000506,DS002,Anna Nagar,High,P0216,Bournvita 500g,"Tea, Coffee & Health Drinks",250,High,Ambient,6,7,3,In Stock,0.98,88,74,1,6.1,2026-02-13,1500
INV00000507,DS002,Anna Nagar,High,P0217,Milo 400g,"Tea, Coffee & Health Drinks",245,Medium,Ambient,5,5,3,In Stock,0.38,34,32,1,13.2,2026-02-14,1225
INV00000508,DS002,Anna Nagar,High,P0218,Proteinex Powder 250g,"Tea, Coffee & Health Drinks",285,High,Ambient,3,6,3,Low Stock,0.83,75,69,1,3.6,2026-02-10,855
INV00000509,DS002,Anna Nagar,High,P0219,Green Tea 100 Bags,"Tea, Coffee & Health Drinks",350,High,Ambient,10,9,3,In Stock,1.14,103,89,1,8.8,2026-02-15,3500
INV00000510,DS002,Anna Nagar,High,P0220,Lipton Green Tea 25 Bags,"Tea, Coffee & Health Drinks",125,High,Ambient,6,6,3,In Stock,0.89,80,71,1,6.7,2026-02-14,750
INV00000511,DS002,Anna Nagar,High,P0221,Vim Dishwash Gel 750ml,Cleaning & Household,95,High,Ambient,4,5,3,In Stock,0.68,61,52,1,5.9,2026-02-10,380
INV00000512,DS002,Anna Nagar,High,P0222,Vim Dishwash Bar 600g,Cleaning & Household,55,Medium,Ambient,2,5,3,Low Stock,0.37,33,27,2,5.4,2026-02-10,110
INV00000513,DS002,Anna Nagar,High,P0223,Pril Dishwash Liquid 750ml,Cleaning & Household,105,High,Ambient,3,5,3,Low Stock,0.62,56,45,2,4.8,2026-02-10,315
INV00000514,DS002,Anna Nagar,High,P0224,Lizol Floor Cleaner 975ml,Cleaning & Household,185,Low,Ambient,3,5,3,Low Stock,0.2,18,14,2,15.0,2026-02-14,555
INV00000515,DS002,Anna Nagar,High,P0225,Harpic Toilet Cleaner 1L,Cleaning & Household,165,Medium,Ambient,2,5,3,Low Stock,0.27,24,21,1,7.4,2026-02-13,330
INV00000516,DS002,Anna Nagar,High,P0226,Domex Toilet Cleaner 1L,Cleaning & Household,135,High,Ambient,5,5,3,In Stock,0.67,60,52,0,7.5,2026-02-11,675
INV00000517,DS002,Anna Nagar,High,P0227,Colin Glass Cleaner 500ml,Cleaning & Household,155,Medium,Ambient,5,5,3,In Stock,0.27,24,21,2,18.5,2026-02-14,775
INV00000518,DS002,Anna Nagar,High,P0228,Surf Excel Matic 2kg,Cleaning & Household,365,Low,Ambient,5,5,3,In Stock,0.17,15,14,0,29.4,2026-02-09,1825
INV00000519,DS002,Anna Nagar,High,P0229,Ariel Matic 2kg,Cleaning & Household,395,Medium,Ambient,3,5,3,Low Stock,0.32,29,24,0,9.4,2026-02-14,1185
INV00000520,DS002,Anna Nagar,High,P0230,Tide Plus 2kg,Cleaning & Household,285,High,Ambient,5,5,3,In Stock,0.74,67,57,0,6.8,2026-02-11,1425
INV00000521,DS002,Anna Nagar,High,P0231,Comfort Fabric Conditioner 860ml,Cleaning & Household,195,Medium,Ambient,5,5,3,In Stock,0.19,17,15,0,26.3,2026-02-15,975
INV00000522,DS002,Anna Nagar,High,P0232,Rin Detergent Bar 250g,Cleaning & Household,35,Medium,Ambient,3,5,3,Low Stock,0.2,18,17,2,15.0,2026-02-11,105
INV00000523,DS002,Anna Nagar,High,P0233,Godrej aer Spray 240ml,Cleaning & Household,199,Low,Ambient,5,5,3,In Stock,0.21,19,16,1,23.8,2026-02-09,995
INV00000524,DS002,Anna Nagar,High,P0234,Good Knight Activ+ Refill 45ml,Cleaning & Household,115,High,Ambient,2,5,3,Low Stock,0.8,72,64,0,2.5,2026-02-10,230
INV00000525,DS002,Anna Nagar,High,P0235,All Out Refill 45ml,Cleaning & Household,95,High,Ambient,14,21,6,In Stock,0.0,0,0,0,999.0,2026-02-09,1330
INV00000526,DS002,Anna Nagar,High,P0236,Mortein Insect Spray 425ml,Cleaning & Household,225,Medium,Ambient,4,5,3,In Stock,0.36,32,29,1,11.1,2026-02-15,900
INV00000527,DS002,Anna Nagar,High,P0237,Hit Cockroach Killer 625ml,Cleaning & Household,245,High,Ambient,3,5,3,Low Stock,0.78,70,56,2,3.8,2026-02-11,735
INV00000528,DS002,Anna Nagar,High,P0238,Scotch Brite Scrub Pad 3pc,Cleaning & Household,75,High,Ambient,5,5,3,In Stock,0.5,45,39,0,10.0,2026-02-12,375
INV00000529,DS002,Anna Nagar,High,P0239,Savlon Handwash 750ml,Cleaning & Household,135,High,Ambient,3,5,3,Low Stock,0.77,69,59,0,3.9,2026-02-10,405
INV00000530,DS002,Anna Nagar,High,P0240,Dettol Handwash 750ml,Cleaning & Household,155,Low,Ambient,5,5,3,In Stock,0.22,20,18,0,22.7,2026-02-10,775
INV00000531,DS002,Anna Nagar,High,P0241,Origami Tissues 100 Pulls,Cleaning & Household,45,Medium,Ambient,3,5,3,Low Stock,0.22,20,18,1,13.6,2026-02-12,135
INV00000532,DS002,Anna Nagar,High,P0242,Dettol Soap 125g (4 pack),Personal Care,145,High,Ambient,3,5,3,Low Stock,0.82,74,65,2,3.7,2026-02-12,435
INV00000533,DS002,Anna Nagar,High,P0243,Lifebuoy Soap 125g (4 pack),Personal Care,115,High,Ambient,3,6,3,Low Stock,0.88,79,70,2,3.4,2026-02-10,345
INV00000534,DS002,Anna Nagar,High,P0244,Dove Soap 125g (3 pack),Personal Care,180,Medium,Ambient,5,5,3,In Stock,0.31,28,25,2,16.1,2026-02-15,900
INV00000535,DS002,Anna Nagar,High,P0245,Pears Soap 125g (3 pack),Personal Care,150,High,Ambient,13,22,6,In Stock,0.0,0,0,0,999.0,2026-02-14,1950
INV00000536,DS002,Anna Nagar,High,P0246,Lux Soap 125g (3 pack),Personal Care,125,High,Ambient,5,5,3,In Stock,0.73,66,55,2,6.8,2026-02-14,625
INV00000537,DS002,Anna Nagar,High,P0247,Clinic Plus Shampoo 650ml,Personal Care,265,Low,Ambient,4,5,3,In Stock,0.09,8,8,2,44.4,2026-02-10,1060
INV00000538,DS002,Anna Nagar,High,P0248,Pantene Shampoo 650ml,Personal Care,385,High,Ambient,5,5,3,In Stock,0.49,44,41,2,10.2,2026-02-14,1925
INV00000539,DS002,Anna Nagar,High,P0249,Dove Shampoo 650ml,Personal Care,425,Medium,Ambient,2,5,3,Low Stock,0.32,29,23,2,6.2,2026-02-12,850
INV00000540,DS002,Anna Nagar,High,P0250,Head & Shoulders 650ml,Personal Care,485,High,Ambient,3,5,3,Low Stock,0.7,63,56,2,4.3,2026-02-10,1455
INV00000541,DS002,Anna Nagar,High,P0251,Sunsilk Shampoo 650ml,Personal Care,295,High,Ambient,4,5,3,In Stock,0.73,66,58,1,5.5,2026-02-09,1180
INV00000542,DS002,Anna Nagar,High,P0252,Colgate Total 300g,Personal Care,185,Medium,Ambient,3,5,3,Low Stock,0.33,30,29,1,9.1,2026-02-09,555
INV00000543,DS002,Anna Nagar,High,P0253,Colgate Maxfresh 150g,Personal Care,105,High,Ambient,3,5,3,Low Stock,0.63,57,51,1,4.8,2026-02-11,315
INV00000544,DS002,Anna Nagar,High,P0254,Pepsodent 200g,Personal Care,85,High,Ambient,3,5,3,Low Stock,0.68,61,51,2,4.4,2026-02-09,255
INV00000545,DS002,Anna Nagar,High,P0255,Sensodyne Toothpaste 150g,Personal Care,265,Medium,Ambient,5,5,3,In Stock,0.21,19,15,1,23.8,2026-02-09,1325
INV00000546,DS002,Anna Nagar,High,P0256,Oral B Toothbrush,Personal Care,95,High,Ambient,16,26,7,In Stock,0.0,0,0,0,999.0,2026-02-09,1520
INV00000547,DS002,Anna Nagar,High,P0257,Gillette Shaving Cream 418g,Personal Care,265,Medium,Ambient,4,5,3,In Stock,0.27,24,18,0,14.8,2026-02-15,1060
INV00000548,DS002,Anna Nagar,High,P0258,Gillette Mach 3 Razor,Personal Care,285,High,Ambient,3,5,3,Low Stock,0.87,78,70,2,3.4,2026-02-12,855
INV00000549,DS002,Anna Nagar,High,P0259,Veet Hair Removal Cream 100g,Personal Care,215,High,Ambient,4,5,3,In Stock,0.79,71,60,0,5.1,2026-02-15,860
INV00000550,DS002,Anna Nagar,High,P0260,Nivea Body Lotion 400ml,Personal Care,295,High,Ambient,5,5,3,In Stock,0.56,50,44,1,8.9,2026-02-13,1475
INV00000551,DS002,Anna Nagar,High,P0261,Vaseline Petroleum Jelly 100ml,Personal Care,105,High,Ambient,3,5,3,Low Stock,0.68,61,54,0,4.4,2026-02-10,315
INV00000552,DS002,Anna Nagar,High,P0262,Ponds Face Cream 100ml,Personal Care,235,Medium,Ambient,2,5,3,Low Stock,0.32,29,27,1,6.2,2026-02-10,470
INV00000553,DS002,Anna Nagar,High,P0263,Fair & Lovely 80g,Personal Care,175,High,Ambient,5,5,3,In Stock,0.52,47,41,0,9.6,2026-02-13,875
INV00000554,DS002,Anna Nagar,High,P0264,Garnier Face Wash 100g,Personal Care,145,Medium,Ambient,2,5,3,Low Stock,0.27,24,19,0,7.4,2026-02-11,290
INV00000555,DS002,Anna Nagar,High,P0265,Lakmé Face Cream 60g,Personal Care,295,High,Ambient,2,5,3,Low Stock,0.51,46,41,0,3.9,2026-02-13,590
INV00000556,DS002,Anna Nagar,High,P0266,Johnson Baby Powder 400g,Personal Care,285,High,Ambient,2,5,3,Low Stock,0.59,53,48,1,3.4,2026-02-14,570
INV00000557,DS002,Anna Nagar,High,P0267,Dettol Handwash Refill 750ml,Personal Care,145,High,Ambient,5,5,3,In Stock,0.86,77,66,0,5.8,2026-02-13,725
INV00000558,DS002,Anna Nagar,High,P0268,Savlon Antiseptic Liquid 500ml,Personal Care,165,High,Ambient,33,29,8,In Stock,0.0,0,0,0,999.0,2026-02-13,5445
INV00000559,DS002,Anna Nagar,High,P0269,Band Aid 10pc,Personal Care,55,Medium,Ambient,2,5,3,Low Stock,0.31,28,27,1,6.5,2026-02-13,110
INV00000560,DS002,Anna Nagar,High,P0270,Vicks VapoRub 50ml,Personal Care,145,High,Ambient,3,5,3,Low Stock,0.83,75,65,1,3.6,2026-02-15,435
INV00000561,DS002,Anna Nagar,High,P0271,Dettol Antiseptic Liquid 550ml,Personal Care,195,High,Ambient,4,5,3,In Stock,0.71,64,55,0,5.6,2026-02-09,780
INV00000562,DS002,Anna Nagar,High,P0272,Cotton Buds 100pc,Personal Care,45,High,Ambient,4,5,3,In Stock,0.86,77,67,0,4.7,2026-02-11,180
INV00000563,DS002,Anna Nagar,High,P0273,Whisper Ultra XL 15 Pads,Personal Care,185,Medium,Ambient,5,5,3,In Stock,0.28,25,22,0,17.9,2026-02-10,925
INV00000564,DS002,Anna Nagar,High,P0274,Stayfree Secure XL 20 Pads,Personal Care,195,High,Ambient,2,5,3,Low Stock,0.66,59,54,1,3.0,2026-02-09,390
INV00000565,DS002,Anna Nagar,High,P0275,Sanfe Sanitary Napkins 10pc,Personal Care,155,Medium,Ambient,4,5,3,In Stock,0.23,21,19,2,17.4,2026-02-12,620
INV00000566,DS002,Anna Nagar,High,P0276,Pampers Baby Diapers S 20pc,Baby Care,495,Low,Ambient,2,5,3,Low Stock,0.12,11,9,0,16.7,2026-02-10,990
INV00000567,DS002,Anna Nagar,High,P0277,Pampers Baby Diapers M 18pc,Baby Care,595,Medium,Ambient,5,5,3,In Stock,0.33,30,25,0,15.2,2026-02-13,2975
INV00000568,DS002,Anna Nagar,High,P0278,Pampers Baby Diapers L 16pc,Baby Care,695,Low,Ambient,3,5,3,Low Stock,0.12,11,9,2,25.0,2026-02-14,2085
INV00000569,DS002,Anna Nagar,High,P0279,Huggies Diapers S 22pc,Baby Care,485,Medium,Ambient,2,5,3,Low Stock,0.29,26,24,2,6.9,2026-02-09,970
INV00000570,DS002,Anna Nagar,High,P0280,Mamy Poko Pants M 20pc,Baby Care,575,Medium,Ambient,5,5,3,In Stock,0.33,30,26,1,15.2,2026-02-09,2875
INV00000571,DS002,Anna Nagar,High,P0281,Johnson Baby Soap 100g,Baby Care,55,Medium,Ambient,3,5,3,Low Stock,0.23,21,16,1,13.0,2026-02-09,165
INV00000572,DS002,Anna Nagar,High,P0282,Johnson Baby Shampoo 200ml,Baby Care,175,Medium,Ambient,3,5,3,Low Stock,0.33,30,22,0,9.1,2026-02-09,525
INV00000573,DS002,Anna Nagar,High,P0283,Johnson Baby Lotion 200ml,Baby Care,195,Low,Ambient,4,5,3,In Stock,0.13,12,10,2,30.8,2026-02-09,780
INV00000574,DS002,Anna Nagar,High,P0284,Johnson Baby Powder 200g,Baby Care,185,Low,Ambient,4,5,3,In Stock,0.11,10,9,0,36.4,2026-02-10,740
INV00000575,DS002,Anna Nagar,High,P0285,Himalaya Baby Lotion 200ml,Baby Care,165,Low,Ambient,3,5,3,Low Stock,0.14,13,10,1,21.4,2026-02-11,495
INV00000576,DS002,Anna Nagar,High,P0286,Cerelac Wheat 300g,Baby Care,185,Low,Ambient,3,5,3,Low Stock,0.14,13,11,1,21.4,2026-02-13,555
INV00000577,DS002,Anna Nagar,High,P0287,Cerelac Multi Grain 300g,Baby Care,195,Medium,Ambient,4,5,3,In Stock,0.22,20,15,2,18.2,2026-02-09,780
INV00000578,DS002,Anna Nagar,High,P0288,Lactogen 1 (0-6 months) 400g,Baby Care,495,Medium,Ambient,5,5,3,In Stock,0.31,28,23,1,16.1,2026-02-13,2475
INV00000579,DS002,Anna Nagar,High,P0289,Farex Baby Food 300g,Baby Care,175,Medium,Ambient,2,5,3,Low Stock,0.28,25,22,1,7.1,2026-02-11,350
INV00000580,DS002,Anna Nagar,High,P0290,Himalaya Baby Wipes 72pc,Baby Care,165,Medium,Ambient,3,5,3,Low Stock,0.26,23,20,0,11.5,2026-02-10,495
INV00000581,DS003,Velachery,Very High,P0001,Amul Taaza Toned Milk 500ml,"Dairy, Bread & Eggs",28,High,Refrigerated,10,14,4,In Stock,2.16,194,135,1,4.6,2026-02-14,280
INV00000582,DS003,Velachery,Very High,P0002,Amul Taaza Toned Milk 1L,"Dairy, Bread & Eggs",56,High,Refrigerated,13,13,3,In Stock,2.06,185,117,1,6.3,2026-02-15,728
INV00000583,DS003,Velachery,Very High,P0003,Amul Gold Full Cream Milk 500ml,"Dairy, Bread & Eggs",32,High,Refrigerated,12,13,3,In Stock,2.11,190,125,2,5.7,2026-02-13,384
INV00000584,DS003,Velachery,Very High,P0004,Amul Gold Full Cream Milk 1L,"Dairy, Bread & Eggs",64,High,Refrigerated,13,17,5,In Stock,2.46,221,148,2,5.3,2026-02-11,832
INV00000585,DS003,Velachery,Very High,P0005,Heritage Fresh Milk 500ml,"Dairy, Bread & Eggs",30,High,Refrigerated,13,18,5,In Stock,2.53,228,146,4,5.1,2026-02-11,390
INV00000586,DS003,Velachery,Very High,P0006,Nandini Milk 500ml,"Dairy, Bread & Eggs",26,Medium,Refrigerated,3,5,3,Low Stock,0.77,69,47,2,3.9,2026-02-13,78
INV00000587,DS003,Velachery,Very High,P0007,Amul Fresh Cream 250ml,"Dairy, Bread & Eggs",85,High,Refrigerated,16,20,6,In Stock,2.47,222,135,2,6.5,2026-02-15,1360
INV00000588,DS003,Velachery,Very High,P0008,Amul Masti Curd 400g,"Dairy, Bread & Eggs",32,High,Refrigerated,11,17,5,In Stock,2.2,198,131,4,5.0,2026-02-09,352
INV00000589,DS003,Velachery,Very High,P0009,Mother Dairy Curd 400g,"Dairy, Bread & Eggs",30,High,Refrigerated,7,19,5,In Stock,2.51,226,152,4,2.8,2026-02-14,210
INV00000590,DS003,Velachery,Very High,P0010,Nestle Dahi 400g,"Dairy, Bread & Eggs",35,High,Refrigerated,13,19,5,In Stock,2.49,224,145,1,5.2,2026-02-10,455
INV00000591,DS003,Velachery,Very High,P0011,Amul Salted Butter 100g,"Dairy, Bread & Eggs",56,High,Refrigerated,10,16,4,In Stock,2.13,192,129,3,4.7,2026-02-09,560
INV00000592,DS003,Velachery,Very High,P0012,Amul Salted Butter 500g,"Dairy, Bread & Eggs",270,Medium,Refrigerated,5,5,3,In Stock,0.94,85,52,1,5.3,2026-02-09,1350
INV00000593,DS003,Velachery,Very High,P0013,Britannia Butter 100g,"Dairy, Bread & Eggs",54,High,Refrigerated,10,16,4,In Stock,2.19,197,137,2,4.6,2026-02-12,540
INV00000594,DS003,Velachery,Very High,P0014,Amul Cheese Slices 200g,"Dairy, Bread & Eggs",130,Medium,Refrigerated,2,5,3,Low Stock,0.9,81,57,0,2.2,2026-02-10,260
INV00000595,DS003,Velachery,Very High,P0015,Britannia Cheese Slices 200g,"Dairy, Bread & Eggs",125,Medium,Refrigerated,2,5,3,Low Stock,0.96,86,61,1,2.1,2026-02-10,250
INV00000596,DS003,Velachery,Very High,P0016,Amul Processed Cheese Block 200g,"Dairy, Bread & Eggs",110,High,Refrigerated,10,14,4,In Stock,2.22,200,126,4,4.5,2026-02-15,1100
INV00000597,DS003,Velachery,Very High,P0017,Mother Dairy Paneer 200g,"Dairy, Bread & Eggs",95,Medium,Refrigerated,2,5,3,Low Stock,0.93,84,55,0,2.2,2026-02-14,190
INV00000598,DS003,Velachery,Very High,P0018,Amul Fresh Paneer 200g,"Dairy, Bread & Eggs",90,High,Refrigerated,9,16,4,In Stock,2.09,188,128,4,4.3,2026-02-12,810
INV00000599,DS003,Velachery,Very High,P0019,Nandini Paneer 200g,"Dairy, Bread & Eggs",85,High,Refrigerated,12,20,6,In Stock,2.52,227,141,1,4.8,2026-02-13,1020
INV00000600,DS003,Velachery,Very High,P0020,Farm Fresh White Eggs 6 pcs,"Dairy, Bread & Eggs",48,High,Refrigerated,23,22,6,In Stock,2.46,221,143,2,9.3,2026-02-11,1104
INV00000601,DS003,Velachery,Very High,P0021,Farm Fresh Brown Eggs 6 pcs,"Dairy, Bread & Eggs",60,High,Refrigerated,23,21,6,In Stock,2.38,214,143,4,9.7,2026-02-14,1380
INV00000602,DS003,Velachery,Very High,P0022,Farm Fresh White Eggs 10 pcs,"Dairy, Bread & Eggs",75,High,Refrigerated,9,17,5,In Stock,2.19,197,127,3,4.1,2026-02-14,675
INV00000603,DS003,Velachery,Very High,P0023,Amul Kool Milk Drink 200ml,"Dairy, Bread & Eggs",20,High,Refrigerated,7,16,4,In Stock,2.18,196,138,4,3.2,2026-02-09,140
INV00000604,DS003,Velachery,Very High,P0024,Amul Lassi 200ml,"Dairy, Bread & Eggs",25,High,Refrigerated,18,19,5,In Stock,2.31,208,143,1,7.8,2026-02-15,450
INV00000605,DS003,Velachery,Very High,P0025,Mother Dairy Mishti Doi 400g,"Dairy, Bread & Eggs",42,Medium,Refrigerated,3,6,3,Low Stock,1.02,92,58,0,2.9,2026-02-09,126
INV00000606,DS003,Velachery,Very High,P0026,Britannia Bread Large,"Dairy, Bread & Eggs",40,High,Refrigerated,19,17,5,In Stock,2.19,197,130,4,8.7,2026-02-09,760
INV00000607,DS003,Velachery,Very High,P0027,Modern Bread Sandwich,"Dairy, Bread & Eggs",45,Medium,Refrigerated,2,5,3,Low Stock,1.04,94,60,0,1.9,2026-02-14,90
INV00000608,DS003,Velachery,Very High,P0028,Harvest Gold Bread,"Dairy, Bread & Eggs",42,High,Refrigerated,15,15,4,In Stock,2.14,193,133,2,7.0,2026-02-11,630
INV00000609,DS003,Velachery,Very High,P0029,English Oven Brown Bread,"Dairy, Bread & Eggs",50,High,Refrigerated,13,21,6,In Stock,0.0,0,0,0,999.0,2026-02-10,650
INV00000610,DS003,Velachery,Very High,P0030,Onion 1kg,Fruits & Vegetables,35,High,Ambient,3,7,3,Low Stock,1.11,100,100,2,2.7,2026-02-14,105
INV00000611,DS003,Velachery,Very High,P0031,Tomato 1kg,Fruits & Vegetables,45,High,Ambient,7,7,3,In Stock,1.08,97,97,2,6.5,2026-02-14,315
INV00000612,DS003,Velachery,Very High,P0032,Potato 1kg,Fruits & Vegetables,28,High,Ambient,9,10,3,In Stock,1.41,127,127,0,6.4,2026-02-14,252
INV00000613,DS003,Velachery,Very High,P0033,Green Chilli 100g,Fruits & Vegetables,15,High,Ambient,7,7,3,In Stock,1.06,95,95,1,6.6,2026-02-11,105
INV00000614,DS003,Velachery,Very High,P0034,Ginger 200g,Fruits & Vegetables,40,High,Ambient,2,7,3,Low Stock,1.18,106,106,2,1.7,2026-02-14,80
INV00000615,DS003,Velachery,Very High,P0035,Garlic 250g,Fruits & Vegetables,55,High,Ambient,11,10,3,In Stock,1.31,118,118,1,8.4,2026-02-14,605
INV00000616,DS003,Velachery,Very High,P0036,Coriander Leaves 100g,Fruits & Vegetables,15,High,Refrigerated,8,8,3,In Stock,1.12,101,101,0,7.1,2026-02-13,120
INV00000617,DS003,Velachery,Very High,P0037,Curry Leaves 100g,Fruits & Vegetables,20,High,Refrigerated,4,9,3,In Stock,1.38,124,124,1,2.9,2026-02-11,80
INV00000618,DS003,Velachery,Very High,P0038,Lemon 250g (4-5pcs),Fruits & Vegetables,25,High,Ambient,11,10,3,In Stock,1.27,114,114,2,8.7,2026-02-11,275
INV00000619,DS003,Velachery,Very High,P0039,Carrot 500g,Fruits & Vegetables,30,High,Ambient,6,10,3,In Stock,1.28,115,115,0,4.7,2026-02-15,180
INV00000620,DS003,Velachery,Very High,P0040,Beans 500g,Fruits & Vegetables,45,High,Ambient,5,9,3,In Stock,1.23,111,111,1,4.1,2026-02-09,225
INV00000621,DS003,Velachery,Very High,P0041,Capsicum Green 500g,Fruits & Vegetables,50,High,Ambient,3,6,3,Low Stock,1.03,93,93,1,2.9,2026-02-10,150
INV00000622,DS003,Velachery,Very High,P0042,Cabbage 1pc,Fruits & Vegetables,35,High,Ambient,9,8,3,In Stock,1.13,102,102,0,8.0,2026-02-13,315
INV00000623,DS003,Velachery,Very High,P0043,Cauliflower 1pc,Fruits & Vegetables,40,High,Ambient,5,6,3,In Stock,1.02,92,92,2,4.9,2026-02-09,200
INV00000624,DS003,Velachery,Very High,P0044,Brinjal 500g,Fruits & Vegetables,35,High,Ambient,5,11,3,In Stock,1.23,111,111,0,4.1,2026-02-11,175
INV00000625,DS003,Velachery,Very High,P0045,Ladies Finger 500g,Fruits & Vegetables,40,High,Ambient,6,12,3,In Stock,1.46,131,131,2,4.1,2026-02-13,240
INV00000626,DS003,Velachery,Very High,P0046,Beetroot 500g,Fruits & Vegetables,35,High,Ambient,3,8,3,Low Stock,1.1,99,99,1,2.7,2026-02-15,105
INV00000627,DS003,Velachery,Very High,P0047,Radish White 500g,Fruits & Vegetables,30,High,Ambient,10,9,3,In Stock,1.37,123,123,0,7.3,2026-02-10,300
INV00000628,DS003,Velachery,Very High,P0048,Bottle Gourd 1pc,Fruits & Vegetables,35,High,Ambient,4,10,3,In Stock,1.26,113,113,2,3.2,2026-02-13,140
INV00000629,DS003,Velachery,Very High,P0049,Bitter Gourd 500g,Fruits & Vegetables,45,High,Ambient,7,7,3,In Stock,1.09,98,98,0,6.4,2026-02-11,315
INV00000630,DS003,Velachery,Very High,P0050,Banana Robusta 6pcs,Fruits & Vegetables,35,High,Ambient,5,9,3,In Stock,1.28,115,115,1,3.9,2026-02-14,175
INV00000631,DS003,Velachery,Very High,P0051,Apple Shimla 4pcs,Fruits & Vegetables,140,High,Ambient,3,8,3,Low Stock,1.22,110,110,2,2.5,2026-02-09,420
INV00000632,DS003,Velachery,Very High,P0052,Pomegranate 1pc,Fruits & Vegetables,85,High,Ambient,3,7,3,Low Stock,0.97,87,87,2,3.1,2026-02-14,255
INV00000633,DS003,Velachery,Very High,P0053,Orange 500g,Fruits & Vegetables,50,High,Ambient,5,9,3,In Stock,1.23,111,111,0,4.1,2026-02-13,250
INV00000634,DS003,Velachery,Very High,P0054,Sweet Lime 500g,Fruits & Vegetables,45,High,Ambient,3,9,3,Low Stock,1.08,97,97,1,2.8,2026-02-13,135
INV00000635,DS003,Velachery,Very High,P0055,Watermelon 1pc (3-4kg),Fruits & Vegetables,80,High,Ambient,4,6,3,In Stock,1.04,94,94,0,3.8,2026-02-14,320
INV00000636,DS003,Velachery,Very High,P0056,Papaya 1pc,Fruits & Vegetables,45,High,Ambient,7,7,3,In Stock,0.99,89,89,2,7.1,2026-02-13,315
INV00000637,DS003,Velachery,Very High,P0057,Grapes Green 500g,Fruits & Vegetables,90,High,Ambient,8,9,3,In Stock,1.24,112,112,1,6.5,2026-02-15,720
INV00000638,DS003,Velachery,Very High,P0058,Mango (Seasonal),Fruits & Vegetables,120,High,Ambient,7,8,3,In Stock,1.04,94,94,2,6.7,2026-02-12,840
INV00000639,DS003,Velachery,Very High,P0059,Pineapple 1pc,Fruits & Vegetables,55,High,Ambient,4,7,3,In Stock,1.18,106,106,2,3.4,2026-02-12,220
INV00000640,DS003,Velachery,Very High,P0060,Coca Cola 750ml,Cold Drinks & Juices,40,High,Refrigerated,16,15,4,In Stock,2.0,180,124,1,8.0,2026-02-12,640
INV00000641,DS003,Velachery,Very High,P0061,Coca Cola 2.25L,Cold Drinks & Juices,95,Medium,Refrigerated,2,5,3,Low Stock,0.68,61,43,2,2.9,2026-02-10,190
INV00000642,DS003,Velachery,Very High,P0062,Pepsi 750ml,Cold Drinks & Juices,40,Medium,Refrigerated,5,5,3,In Stock,0.84,76,49,1,6.0,2026-02-11,200
INV00000643,DS003,Velachery,Very High,P0063,Pepsi 2L,Cold Drinks & Juices,90,High,Refrigerated,13,14,4,In Stock,2.09,188,131,2,6.2,2026-02-10,1170
INV00000644,DS003,Velachery,Very High,P0064,Sprite 750ml,Cold Drinks & Juices,40,Medium,Refrigerated,2,5,3,Low Stock,0.8,72,49,0,2.5,2026-02-12,80
INV00000645,DS003,Velachery,Very High,P0065,Thumbs Up 750ml,Cold Drinks & Juices,40,Medium,Refrigerated,3,5,3,Low Stock,0.69,62,39,2,4.3,2026-02-11,120
INV00000646,DS003,Velachery,Very High,P0066,Fanta 750ml,Cold Drinks & Juices,40,High,Refrigerated,15,15,4,In Stock,1.82,164,121,0,8.2,2026-02-09,600
INV00000647,DS003,Velachery,Very High,P0067,Mountain Dew 750ml,Cold Drinks & Juices,40,High,Refrigerated,7,15,4,In Stock,2.09,188,126,1,3.3,2026-02-15,280
INV00000648,DS003,Velachery,Very High,P0068,Thums Up 2.25L,Cold Drinks & Juices,95,High,Refrigerated,15,16,4,In Stock,1.98,178,125,2,7.6,2026-02-15,1425
INV00000649,DS003,Velachery,Very High,P0069,Bisleri Water 1L,Cold Drinks & Juices,20,High,Ambient,13,13,3,In Stock,2.03,183,122,3,6.4,2026-02-11,260
INV00000650,DS003,Velachery,Very High,P0070,Bisleri Water 2L,Cold Drinks & Juices,35,High,Ambient,11,18,5,In Stock,2.18,196,132,1,5.0,2026-02-14,385
INV00000651,DS003,Velachery,Very High,P0071,Kinley Water 1L,Cold Drinks & Juices,20,High,Ambient,14,16,4,In Stock,2.32,209,138,2,6.0,2026-02-09,280
INV00000652,DS003,Velachery,Very High,P0072,Aquafina Water 1L,Cold Drinks & Juices,20,Medium,Ambient,4,5,3,In Stock,0.74,67,46,0,5.4,2026-02-09,80
INV00000653,DS003,Velachery,Very High,P0073,Red Bull Energy Drink 250ml,Cold Drinks & Juices,125,Medium,Refrigerated,2,5,3,Low Stock,0.86,77,52,2,2.3,2026-02-11,250
INV00000654,DS003,Velachery,Very High,P0074,Sting Energy Drink 250ml,Cold Drinks & Juices,20,Medium,Refrigerated,2,5,3,Low Stock,0.8,72,46,1,2.5,2026-02-13,40
INV00000655,DS003,Velachery,Very High,P0075,Monster Energy Drink 500ml,Cold Drinks & Juices,150,Medium,Refrigerated,4,5,3,In Stock,0.76,68,52,1,5.3,2026-02-11,600
INV00000656,DS003,Velachery,Very High,P0076,Real Fruit Juice Mixed Fruit 1L,Cold Drinks & Juices,130,Medium,Refrigerated,4,5,3,In Stock,0.79,71,47,1,5.1,2026-02-13,520
INV00000657,DS003,Velachery,Very High,P0077,Real Fruit Juice Mango 1L,Cold Drinks & Juices,130,High,Refrigerated,9,15,4,In Stock,2.04,184,122,3,4.4,2026-02-15,1170
INV00000658,DS003,Velachery,Very High,P0078,Tropicana Orange 1L,Cold Drinks & Juices,145,High,Refrigerated,14,14,4,In Stock,2.03,183,114,3,6.9,2026-02-11,2030
INV00000659,DS003,Velachery,Very High,P0079,Tropicana Mixed Fruit 1L,Cold Drinks & Juices,145,High,Refrigerated,20,21,6,In Stock,0.0,0,0,0,999.0,2026-02-15,2900
INV00000660,DS003,Velachery,Very High,P0080,Minute Maid Pulpy Orange 400ml,Cold Drinks & Juices,45,Medium,Refrigerated,5,5,3,In Stock,0.84,76,53,1,6.0,2026-02-11,225
INV00000661,DS003,Velachery,Very High,P0081,Frooti Mango Drink 160ml,Cold Drinks & Juices,10,High,Refrigerated,10,16,4,In Stock,1.93,174,119,2,5.2,2026-02-14,100
INV00000662,DS003,Velachery,Very High,P0082,Frooti Mango Drink 1.2L,Cold Drinks & Juices,60,High,Refrigerated,16,18,5,In Stock,2.08,187,121,2,7.7,2026-02-11,960
INV00000663,DS003,Velachery,Very High,P0083,Maaza Mango Drink 1.2L,Cold Drinks & Juices,60,High,Refrigerated,11,14,4,In Stock,2.06,185,127,4,5.3,2026-02-10,660
INV00000664,DS003,Velachery,Very High,P0084,Paper Boat Aam Panna 250ml,Cold Drinks & Juices,40,Medium,Refrigerated,3,5,3,Low Stock,0.7,63,48,2,4.3,2026-02-09,120
INV00000665,DS003,Velachery,Very High,P0085,Paper Boat Jaljeera 250ml,Cold Drinks & Juices,40,High,Refrigerated,6,14,4,In Stock,1.93,174,115,2,3.1,2026-02-12,240
INV00000666,DS003,Velachery,Very High,P0086,Rasna Orange 750ml,Cold Drinks & Juices,35,High,Refrigerated,12,14,4,In Stock,1.86,167,111,0,6.5,2026-02-11,420
INV00000667,DS003,Velachery,Very High,P0087,Tang Instant Drink 750g,Cold Drinks & Juices,320,Medium,Refrigerated,2,5,3,Low Stock,0.6,54,37,2,3.3,2026-02-13,640
INV00000668,DS003,Velachery,Very High,P0088,Nestle Iced Tea Lemon 500ml,Cold Drinks & Juices,40,High,Refrigerated,12,16,4,In Stock,1.97,177,117,1,6.1,2026-02-09,480
INV00000669,DS003,Velachery,Very High,P0089,Lays Classic Salted 50g,Snacks & Munchies,20,High,Ambient,10,12,3,In Stock,1.67,150,131,2,6.0,2026-02-12,200
INV00000670,DS003,Velachery,Very High,P0090,Lays Classic Salted 90g,Snacks & Munchies,35,Medium,Ambient,3,5,3,Low Stock,0.62,56,48,0,4.8,2026-02-12,105
INV00000671,DS003,Velachery,Very High,P0091,Lays American Style Cream & Onion 50g,Snacks & Munchies,20,High,Ambient,8,10,3,In Stock,1.29,116,103,1,6.2,2026-02-15,160
INV00000672,DS003,Velachery,Very High,P0092,Kurkure Masala Munch 90g,Snacks & Munchies,20,High,Ambient,11,14,4,In Stock,1.63,147,133,2,6.7,2026-02-10,220
INV00000673,DS003,Velachery,Very High,P0093,Kurkure Solid Masti 90g,Snacks & Munchies,20,Medium,Ambient,12,13,3,In Stock,0.0,0,0,0,999.0,2026-02-11,240
INV00000674,DS003,Velachery,Very High,P0094,Bingo Mad Angles 72g,Snacks & Munchies,20,High,Ambient,11,14,4,In Stock,1.59,143,111,2,6.9,2026-02-15,220
INV00000675,DS003,Velachery,Very High,P0095,Doritos Nacho Cheese 150g,Snacks & Munchies,75,High,Ambient,9,9,3,In Stock,1.47,132,110,1,6.1,2026-02-15,675
INV00000676,DS003,Velachery,Very High,P0096,Pringles Original 107g,Snacks & Munchies,130,High,Ambient,10,10,3,In Stock,1.57,141,119,2,6.4,2026-02-13,1300
INV00000677,DS003,Velachery,Very High,P0097,Haldirams Aloo Bhujia 200g,Snacks & Munchies,50,High,Ambient,8,12,3,In Stock,1.72,155,138,2,4.7,2026-02-15,400
INV00000678,DS003,Velachery,Very High,P0098,Haldirams Moong Dal 200g,Snacks & Munchies,55,High,Ambient,10,13,3,In Stock,1.92,173,150,0,5.2,2026-02-09,550
INV00000679,DS003,Velachery,Very High,P0099,Haldirams Sev Bhujia 400g,Snacks & Munchies,95,High,Ambient,10,11,3,In Stock,1.57,141,128,2,6.4,2026-02-14,950
INV00000680,DS003,Velachery,Very High,P0100,Bikaji Bhujia 200g,Snacks & Munchies,48,High,Ambient,6,13,3,In Stock,1.6,144,127,0,3.8,2026-02-12,288
INV00000681,DS003,Velachery,Very High,P0101,Parle G Biscuits 376g,Snacks & Munchies,40,High,Ambient,6,11,3,In Stock,1.59,143,119,0,3.8,2026-02-13,240
INV00000682,DS003,Velachery,Very High,P0102,Britannia Good Day Butter 600g,Snacks & Munchies,80,High,Ambient,7,13,3,In Stock,1.68,151,130,1,4.2,2026-02-09,560
INV00000683,DS003,Velachery,Very High,P0103,Britannia Marie Gold 250g,Snacks & Munchies,32,High,Ambient,8,13,3,In Stock,1.81,163,140,1,4.4,2026-02-15,256
INV00000684,DS003,Velachery,Very High,P0104,Sunfeast Dark Fantasy 300g,Snacks & Munchies,110,High,Ambient,6,11,3,In Stock,1.5,135,114,0,4.0,2026-02-13,660
INV00000685,DS003,Velachery,Very High,P0105,Oreo Original 300g,Snacks & Munchies,40,High,Ambient,8,13,3,In Stock,1.64,148,131,0,4.9,2026-02-14,320
INV00000686,DS003,Velachery,Very High,P0106,Hide & Seek 240g,Snacks & Munchies,50,High,Ambient,10,10,3,In Stock,1.32,119,107,1,7.6,2026-02-13,500
INV00000687,DS003,Velachery,Very High,P0107,Monaco Classic 200g,Snacks & Munchies,25,Medium,Ambient,5,5,3,In Stock,0.63,57,50,0,7.9,2026-02-15,125
INV00000688,DS003,Velachery,Very High,P0108,Parle 20-20 Cashew Cookies 400g,Snacks & Munchies,55,Medium,Ambient,4,5,3,In Stock,0.68,61,53,2,5.9,2026-02-11,220
INV00000689,DS003,Velachery,Very High,P0109,Cadbury Dairy Milk Silk 60g,Snacks & Munchies,100,High,Ambient,9,11,3,In Stock,1.37,123,108,0,6.6,2026-02-09,900
INV00000690,DS003,Velachery,Very High,P0110,KitKat 4 Finger 37.3g,Snacks & Munchies,40,High,Ambient,24,25,7,In Stock,0.0,0,0,0,999.0,2026-02-15,960
INV00000691,DS003,Velachery,Very High,P0111,5 Star Chocolate 40g,Snacks & Munchies,25,High,Ambient,6,11,3,In Stock,1.4,126,106,2,4.3,2026-02-10,150
INV00000692,DS003,Velachery,Very High,P0112,Snickers 50g,Snacks & Munchies,40,High,Ambient,10,10,3,In Stock,1.61,145,126,0,6.2,2026-02-14,400
INV00000693,DS003,Velachery,Very High,P0113,Munch Chocolate 30g,Snacks & Munchies,20,High,Ambient,11,13,3,In Stock,1.77,159,131,2,6.2,2026-02-10,220
INV00000694,DS003,Velachery,Very High,P0114,Too Yumm Veggie Stix 56g,Snacks & Munchies,35,High,Ambient,11,13,3,In Stock,1.51,136,122,1,7.3,2026-02-14,385
INV00000695,DS003,Velachery,Very High,P0115,Act II Popcorn Butter 60g,Snacks & Munchies,50,High,Ambient,7,14,4,In Stock,1.68,151,136,2,4.2,2026-02-11,350
INV00000696,DS003,Velachery,Very High,P0116,Cornitos Nacho Chips 150g,Snacks & Munchies,70,Medium,Ambient,2,5,3,Low Stock,0.7,63,54,1,2.9,2026-02-15,140
INV00000697,DS003,Velachery,Very High,P0117,Maggi Masala Noodles 70g,Breakfast & Instant Food,14,High,Ambient,10,12,3,In Stock,1.66,149,122,0,6.0,2026-02-15,140
INV00000698,DS003,Velachery,Very High,P0118,Maggi Masala Noodles 280g (4pack),Breakfast & Instant Food,52,High,Ambient,6,14,4,In Stock,1.72,155,134,1,3.5,2026-02-15,312
INV00000699,DS003,Velachery,Very High,P0119,Maggi Atta Noodles 320g,Breakfast & Instant Food,54,Medium,Ambient,2,5,3,Low Stock,0.61,55,49,2,3.3,2026-02-14,108
INV00000700,DS003,Velachery,Very High,P0120,Top Ramen Curry 280g,Breakfast & Instant Food,48,Medium,Ambient,4,5,3,In Stock,0.74,67,60,1,5.4,2026-02-09,192
INV00000701,DS003,Velachery,Very High,P0121,Yippee Magic Masala 240g,Breakfast & Instant Food,42,Medium,Ambient,2,5,3,Low Stock,0.74,67,55,1,2.7,2026-02-12,84
INV00000702,DS003,Velachery,Very High,P0122,Sunfeast Yippee 420g,Breakfast & Instant Food,60,High,Ambient,9,12,3,In Stock,1.64,148,122,1,5.5,2026-02-09,540
INV00000703,DS003,Velachery,Very High,P0123,Knorr Chicken Soup 40g,Breakfast & Instant Food,35,High,Ambient,9,10,3,In Stock,1.57,141,120,1,5.7,2026-02-15,315
INV00000704,DS003,Velachery,Very High,P0124,Knorr Hot & Sour Veg Soup 42g,Breakfast & Instant Food,35,High,Ambient,9,12,3,In Stock,1.92,173,147,1,4.7,2026-02-13,315
INV00000705,DS003,Velachery,Very High,P0125,Maggi Hot Heads 73g,Breakfast & Instant Food,25,High,Ambient,9,9,3,In Stock,1.43,129,111,2,6.3,2026-02-15,225
INV00000706,DS003,Velachery,Very High,P0126,Pasta Treat Penne 500g,Breakfast & Instant Food,85,High,Ambient,7,14,4,In Stock,1.63,147,132,2,4.3,2026-02-12,595
INV00000707,DS003,Velachery,Very High,P0127,MTR Idli Mix 500g,Breakfast & Instant Food,75,Medium,Ambient,2,5,3,Low Stock,0.52,47,41,0,3.8,2026-02-11,150
INV00000708,DS003,Velachery,Very High,P0128,MTR Dosa Mix 500g,Breakfast & Instant Food,75,High,Ambient,6,11,3,In Stock,1.72,155,131,0,3.5,2026-02-10,450
INV00000709,DS003,Velachery,Very High,P0129,MTR Rava Idli 500g,Breakfast & Instant Food,70,Medium,Ambient,4,5,3,In Stock,0.64,58,52,2,6.2,2026-02-13,280
INV00000710,DS003,Velachery,Very High,P0130,ID Fresh Idli Batter 1kg,Breakfast & Instant Food,75,Medium,Ambient,3,5,3,Low Stock,0.66,59,49,1,4.5,2026-02-15,225
INV00000711,DS003,Velachery,Very High,P0131,ID Fresh Dosa Batter 1kg,Breakfast & Instant Food,75,Medium,Ambient,3,5,3,Low Stock,0.66,59,51,1,4.5,2026-02-09,225
INV00000712,DS003,Velachery,Very High,P0132,Saffola Masala Oats 400g,Breakfast & Instant Food,145,High,Ambient,12,11,3,In Stock,1.54,139,129,0,7.8,2026-02-15,1740
INV00000713,DS003,Velachery,Very High,P0133,Quaker Oats 1kg,Breakfast & Instant Food,185,High,Ambient,10,15,4,In Stock,1.91,172,145,2,5.2,2026-02-15,1850
INV00000714,DS003,Velachery,Very High,P0134,Kelloggs Corn Flakes 875g,Breakfast & Instant Food,340,High,Ambient,10,15,4,In Stock,1.98,178,141,0,5.1,2026-02-11,3400
INV00000715,DS003,Velachery,Very High,P0135,Kelloggs Chocos 375g,Breakfast & Instant Food,185,High,Ambient,9,12,3,In Stock,1.53,138,118,2,5.9,2026-02-10,1665
INV00000716,DS003,Velachery,Very High,P0136,Nestle Ceregrow 300g,Breakfast & Instant Food,395,Medium,Ambient,5,5,3,In Stock,0.64,58,48,2,7.8,2026-02-12,1975
INV00000717,DS003,Velachery,Very High,P0137,MTR Vermicelli Roasted 440g,Breakfast & Instant Food,55,Medium,Ambient,2,5,3,Low Stock,0.59,53,46,2,3.4,2026-02-14,110
INV00000718,DS003,Velachery,Very High,P0138,Bambino Vermicelli 175g,Breakfast & Instant Food,25,High,Ambient,10,9,3,In Stock,1.41,127,113,1,7.1,2026-02-12,250
INV00000719,DS003,Velachery,Very High,P0139,Haldiram Moong Dal 200g,Breakfast & Instant Food,55,High,Ambient,9,12,3,In Stock,1.48,133,120,2,6.1,2026-02-13,495
INV00000720,DS003,Velachery,Very High,P0140,McCain French Fries 420g,Breakfast & Instant Food,145,High,Ambient,16,14,4,In Stock,1.89,170,147,1,8.5,2026-02-09,2320
INV00000721,DS003,Velachery,Very High,P0141,McCain Veggie Fingers 360g,Breakfast & Instant Food,180,High,Ambient,11,12,3,In Stock,1.77,159,140,1,6.2,2026-02-10,1980
INV00000722,DS003,Velachery,Very High,P0142,Aashirvaad Atta 5kg,"Atta, Rice & Dal",240,High,Ambient,7,7,3,In Stock,0.9,81,70,0,7.8,2026-02-15,1680
INV00000723,DS003,Velachery,Very High,P0143,Aashirvaad Atta 10kg,"Atta, Rice & Dal",475,High,Ambient,6,7,3,In Stock,1.08,97,85,2,5.6,2026-02-13,2850
INV00000724,DS003,Velachery,Very High,P0144,Fortune Chakki Fresh Atta 5kg,"Atta, Rice & Dal",235,High,Ambient,6,9,3,In Stock,1.12,101,85,1,5.4,2026-02-10,1410
INV00000725,DS003,Velachery,Very High,P0145,Pillsbury Chakki Fresh Atta 5kg,"Atta, Rice & Dal",240,High,Ambient,8,7,3,In Stock,1.1,99,88,1,7.3,2026-02-13,1920
INV00000726,DS003,Velachery,Very High,P0146,India Gate Basmati Rice 1kg,"Atta, Rice & Dal",190,Medium,Ambient,3,5,3,Low Stock,0.58,52,48,1,5.2,2026-02-11,570
INV00000727,DS003,Velachery,Very High,P0147,India Gate Basmati Rice 5kg,"Atta, Rice & Dal",900,High,Ambient,5,9,3,In Stock,1.03,93,84,0,4.9,2026-02-13,4500
INV00000728,DS003,Velachery,Very High,P0148,Daawat Basmati Rice 1kg,"Atta, Rice & Dal",180,High,Ambient,6,9,3,In Stock,1.1,99,86,0,5.5,2026-02-10,1080
INV00000729,DS003,Velachery,Very High,P0149,Fortune Biryani Special Basmati 1kg,"Atta, Rice & Dal",170,Medium,Ambient,3,5,3,Low Stock,0.53,48,41,2,5.7,2026-02-15,510
INV00000730,DS003,Velachery,Very High,P0150,Sona Masoori Rice 5kg,"Atta, Rice & Dal",280,High,Ambient,13,23,6,In Stock,0.0,0,0,0,999.0,2026-02-15,3640
INV00000731,DS003,Velachery,Very High,P0151,Ponni Boiled Rice 5kg,"Atta, Rice & Dal",250,High,Ambient,5,6,3,In Stock,1.04,94,83,0,4.8,2026-02-12,1250
INV00000732,DS003,Velachery,Very High,P0152,Tata Sampann Toor Dal 1kg,"Atta, Rice & Dal",160,High,Ambient,4,5,3,In Stock,0.84,76,68,0,4.8,2026-02-10,640
INV00000733,DS003,Velachery,Very High,P0153,Tata Sampann Moong Dal 500g,"Atta, Rice & Dal",85,Medium,Ambient,2,5,3,Low Stock,0.33,30,28,1,6.1,2026-02-09,170
INV00000734,DS003,Velachery,Very High,P0154,Tata Sampann Chana Dal 1kg,"Atta, Rice & Dal",155,High,Ambient,5,7,3,In Stock,0.99,89,77,1,5.1,2026-02-12,775
INV00000735,DS003,Velachery,Very High,P0155,Tata Sampann Masoor Dal 500g,"Atta, Rice & Dal",75,High,Ambient,8,8,3,In Stock,1.17,105,93,0,6.8,2026-02-14,600
INV00000736,DS003,Velachery,Very High,P0156,Tata Sampann Urad Dal 500g,"Atta, Rice & Dal",90,High,Ambient,7,7,3,In Stock,0.96,86,77,2,7.3,2026-02-12,630
INV00000737,DS003,Velachery,Very High,P0157,Rajma 500g,"Atta, Rice & Dal",110,High,Ambient,5,9,3,In Stock,1.19,107,94,2,4.2,2026-02-13,550
INV00000738,DS003,Velachery,Very High,P0158,Kabuli Chana 500g,"Atta, Rice & Dal",95,High,Ambient,4,8,3,In Stock,1.17,105,94,0,3.4,2026-02-11,380
INV00000739,DS003,Velachery,Very High,P0159,Tata Salt 1kg,"Atta, Rice & Dal",22,Medium,Ambient,4,5,3,In Stock,0.4,36,33,0,10.0,2026-02-12,88
INV00000740,DS003,Velachery,Very High,P0160,Tata Salt Lite 1kg,"Atta, Rice & Dal",52,High,Ambient,9,9,3,In Stock,1.19,107,94,2,7.6,2026-02-12,468
INV00000741,DS003,Velachery,Very High,P0161,Catch Salt 1kg,"Atta, Rice & Dal",20,Medium,Ambient,4,5,3,In Stock,0.48,43,36,0,8.3,2026-02-13,80
INV00000742,DS003,Velachery,Very High,P0162,Sugar 1kg,"Atta, Rice & Dal",45,High,Ambient,9,9,3,In Stock,1.19,107,91,0,7.6,2026-02-15,405
INV00000743,DS003,Velachery,Very High,P0163,Brown Sugar 500g,"Atta, Rice & Dal",50,High,Ambient,7,8,3,In Stock,1.19,107,93,0,5.9,2026-02-15,350
INV00000744,DS003,Velachery,Very High,P0164,Jaggery Powder 500g,"Atta, Rice & Dal",65,High,Ambient,16,29,8,In Stock,0.0,0,0,0,999.0,2026-02-11,1040
INV00000745,DS003,Velachery,Very High,P0165,Rava Medium 500g,"Atta, Rice & Dal",35,High,Ambient,3,7,3,Low Stock,1.06,95,85,2,2.8,2026-02-15,105
INV00000746,DS003,Velachery,Very High,P0166,Poha Thick 500g,"Atta, Rice & Dal",45,High,Ambient,11,10,3,In Stock,1.34,121,108,1,8.2,2026-02-15,495
INV00000747,DS003,Velachery,Very High,P0167,Sabudana 500g,"Atta, Rice & Dal",75,High,Ambient,3,7,3,Low Stock,0.93,84,76,0,3.2,2026-02-15,225
INV00000748,DS003,Velachery,Very High,P0168,MDH Deggi Mirch 100g,"Masala, Oil & More",85,Medium,Ambient,3,5,3,Low Stock,0.47,42,41,0,6.4,2026-02-12,255
INV00000749,DS003,Velachery,Very High,P0169,MDH Garam Masala 100g,"Masala, Oil & More",90,High,Ambient,4,7,3,In Stock,1.16,104,89,1,3.4,2026-02-15,360
INV00000750,DS003,Velachery,Very High,P0170,MDH Chana Masala 100g,"Masala, Oil & More",85,Low,Ambient,4,5,3,In Stock,0.27,24,21,0,14.8,2026-02-15,340
INV00000751,DS003,Velachery,Very High,P0171,Everest Turmeric Powder 200g,"Masala, Oil & More",95,High,Ambient,10,10,3,In Stock,1.22,110,93,0,8.2,2026-02-09,950
INV00000752,DS003,Velachery,Very High,P0172,Everest Red Chilli Powder 200g,"Masala, Oil & More",105,Medium,Ambient,3,5,3,Low Stock,0.52,47,42,1,5.8,2026-02-09,315
INV00000753,DS003,Velachery,Very High,P0173,Everest Coriander Powder 200g,"Masala, Oil & More",65,Medium,Ambient,3,5,3,Low Stock,0.38,34,31,2,7.9,2026-02-10,195
INV00000754,DS003,Velachery,Very High,P0174,Catch Cumin Powder 100g,"Masala, Oil & More",70,High,Ambient,5,6,3,In Stock,0.97,87,83,0,5.2,2026-02-11,350
INV00000755,DS003,Velachery,Very High,P0175,Catch Chat Masala 100g,"Masala, Oil & More",60,High,Ambient,7,10,3,In Stock,1.13,102,92,1,6.2,2026-02-13,420
INV00000756,DS003,Velachery,Very High,P0176,Ching Secret Manchurian 60g,"Masala, Oil & More",65,Low,Ambient,4,5,3,In Stock,0.23,21,19,0,17.4,2026-02-10,260
INV00000757,DS003,Velachery,Very High,P0177,Maggi Magic Cubes 40g,"Masala, Oil & More",20,Medium,Ambient,2,5,3,Low Stock,0.47,42,38,2,4.3,2026-02-13,40
INV00000758,DS003,Velachery,Very High,P0178,Kissan Fresh Tomato Ketchup 900g,"Masala, Oil & More",120,High,Ambient,5,9,3,In Stock,1.4,126,110,2,3.6,2026-02-11,600
INV00000759,DS003,Velachery,Very High,P0179,Kissan Tomato Sauce 1kg,"Masala, Oil & More",125,High,Ambient,4,10,3,In Stock,1.27,114,102,2,3.1,2026-02-10,500
INV00000760,DS003,Velachery,Very High,P0180,Maggi Hot & Sweet Sauce 1kg,"Masala, Oil & More",140,High,Ambient,3,7,3,Low Stock,1.02,92,80,1,2.9,2026-02-15,420
INV00000761,DS003,Velachery,Very High,P0181,Fortune Sunflower Oil 1L,"Masala, Oil & More",160,Low,Ambient,2,5,3,Low Stock,0.0,0,0,0,999.0,2026-02-09,320
INV00000762,DS003,Velachery,Very High,P0182,Fortune Refined Oil 5L,"Masala, Oil & More",750,Medium,Ambient,5,5,3,In Stock,0.56,50,42,2,8.9,2026-02-09,3750
INV00000763,DS003,Velachery,Very High,P0183,Sundrop Sunflower Oil 1L,"Masala, Oil & More",155,Medium,Ambient,3,5,3,Low Stock,0.41,37,33,0,7.3,2026-02-12,465
INV00000764,DS003,Velachery,Very High,P0184,Dhara Refined Oil 1L,"Masala, Oil & More",150,Medium,Ambient,4,5,3,In Stock,0.28,25,23,0,14.3,2026-02-13,600
INV00000765,DS003,Velachery,Very High,P0185,Fortune Mustard Oil 1L,"Masala, Oil & More",185,High,Ambient,4,9,3,In Stock,1.16,104,84,0,3.4,2026-02-11,740
INV00000766,DS003,Velachery,Very High,P0186,KS Gingelly Oil 500ml,"Masala, Oil & More",200,Medium,Ambient,3,5,3,Low Stock,0.41,37,31,1,7.3,2026-02-15,600
INV00000767,DS003,Velachery,Very High,P0187,Parachute Coconut Oil 500ml,"Masala, Oil & More",195,High,Ambient,6,8,3,In Stock,1.32,119,104,1,4.5,2026-02-13,1170
INV00000768,DS003,Velachery,Very High,P0188,Saffola Gold Oil 1L,"Masala, Oil & More",250,High,Ambient,3,7,3,Low Stock,1.08,97,90,2,2.8,2026-02-12,750
INV00000769,DS003,Velachery,Very High,P0189,Ghee 500ml,"Masala, Oil & More",295,Low,Ambient,3,5,3,Low Stock,0.19,17,14,0,15.8,2026-02-13,885
INV00000770,DS003,Velachery,Very High,P0190,Amul Pure Ghee 500ml,"Masala, Oil & More",340,Medium,Ambient,5,5,3,In Stock,0.47,42,35,0,10.6,2026-02-14,1700
INV00000771,DS003,Velachery,Very High,P0191,Dalda Vanaspati 1L,"Masala, Oil & More",200,High,Ambient,8,8,3,In Stock,1.1,99,87,1,7.3,2026-02-10,1600
INV00000772,DS003,Velachery,Very High,P0192,Nutella Hazelnut Spread 350g,Sauces & Spreads,385,Medium,Ambient,2,5,3,Low Stock,0.61,55,46,2,3.3,2026-02-12,770
INV00000773,DS003,Velachery,Very High,P0193,Kissan Mixed Fruit Jam 500g,Sauces & Spreads,140,Medium,Ambient,2,5,3,Low Stock,0.52,47,43,2,3.8,2026-02-12,280
INV00000774,DS003,Velachery,Very High,P0194,Kissan Pineapple Jam 500g,Sauces & Spreads,135,Medium,Ambient,4,5,3,In Stock,0.41,37,30,0,9.8,2026-02-14,540
INV00000775,DS003,Velachery,Very High,P0195,Mapro Mango Jam 500g,Sauces & Spreads,155,Low,Ambient,4,5,3,In Stock,0.2,18,18,2,20.0,2026-02-13,620
INV00000776,DS003,Velachery,Very High,P0196,Hersheys Chocolate Syrup 623g,Sauces & Spreads,325,Medium,Ambient,4,5,3,In Stock,0.53,48,43,1,7.5,2026-02-12,1300
INV00000777,DS003,Velachery,Very High,P0197,Veeba Mayonnaise 250g,Sauces & Spreads,85,Low,Ambient,2,5,3,Low Stock,0.19,17,15,0,10.5,2026-02-12,170
INV00000778,DS003,Velachery,Very High,P0198,Funfoods Peri Peri Sauce 325g,Sauces & Spreads,130,Medium,Ambient,4,5,3,In Stock,0.54,49,44,0,7.4,2026-02-13,520
INV00000779,DS003,Velachery,Very High,P0199,Veeba Sandwich Spread 275g,Sauces & Spreads,90,Medium,Ambient,5,5,3,In Stock,0.7,63,54,2,7.1,2026-02-10,450
INV00000780,DS003,Velachery,Very High,P0200,Ching Red Chilli Sauce 680g,Sauces & Spreads,115,Low,Ambient,3,5,3,Low Stock,0.22,20,20,1,13.6,2026-02-14,345
INV00000781,DS003,Velachery,Very High,P0201,Ching Green Chilli Sauce 190g,Sauces & Spreads,60,Medium,Ambient,5,9,3,In Stock,0.0,0,0,0,999.0,2026-02-11,300
INV00000782,DS003,Velachery,Very High,P0202,Del Monte Pasta Sauce 400g,Sauces & Spreads,145,Low,Ambient,5,5,3,In Stock,0.19,17,17,2,26.3,2026-02-10,725
INV00000783,DS003,Velachery,Very High,P0203,Maggi Pichkoo 90g,Sauces & Spreads,45,Medium,Ambient,3,5,3,Low Stock,0.46,41,36,0,6.5,2026-02-12,135
INV00000784,DS003,Velachery,Very High,P0204,Tata Tea Gold 1kg,"Tea, Coffee & Health Drinks",490,High,Ambient,9,10,3,In Stock,1.29,116,103,1,7.0,2026-02-09,4410
INV00000785,DS003,Velachery,Very High,P0205,Tata Tea Premium 1kg,"Tea, Coffee & Health Drinks",460,Medium,Ambient,4,5,3,In Stock,0.69,62,50,0,5.8,2026-02-14,1840
INV00000786,DS003,Velachery,Very High,P0206,Red Label Natural Care 1kg,"Tea, Coffee & Health Drinks",440,Medium,Ambient,3,5,3,Low Stock,0.56,50,41,0,5.4,2026-02-15,1320
INV00000787,DS003,Velachery,Very High,P0207,Brooke Bond Taj Mahal 1kg,"Tea, Coffee & Health Drinks",520,High,Ambient,10,13,3,In Stock,1.46,131,113,2,6.8,2026-02-14,5200
INV00000788,DS003,Velachery,Very High,P0208,Society Tea 1kg,"Tea, Coffee & Health Drinks",380,High,Ambient,9,9,3,In Stock,1.49,134,107,1,6.0,2026-02-15,3420
INV00000789,DS003,Velachery,Very High,P0209,Nescafe Classic 50g,"Tea, Coffee & Health Drinks",215,High,Ambient,8,13,3,In Stock,1.61,145,129,2,5.0,2026-02-14,1720
INV00000790,DS003,Velachery,Very High,P0210,Bru Instant Coffee 50g,"Tea, Coffee & Health Drinks",175,High,Ambient,10,11,3,In Stock,1.51,136,118,0,6.6,2026-02-12,1750
INV00000791,DS003,Velachery,Very High,P0211,Nescafe Sunrise Premium 50g,"Tea, Coffee & Health Drinks",145,High,Ambient,12,11,3,In Stock,1.37,123,110,1,8.8,2026-02-11,1740
INV00000792,DS003,Velachery,Very High,P0212,Bru Gold 100g,"Tea, Coffee & Health Drinks",345,High,Ambient,9,10,3,In Stock,1.28,115,104,1,7.0,2026-02-15,3105
INV00000793,DS003,Velachery,Very High,P0213,Horlicks Classic Malt 500g,"Tea, Coffee & Health Drinks",285,Medium,Ambient,3,5,3,Low Stock,0.58,52,48,2,5.2,2026-02-14,855
INV00000794,DS003,Velachery,Very High,P0214,Boost Health Drink 500g,"Tea, Coffee & Health Drinks",265,High,Ambient,7,10,3,In Stock,1.52,137,123,0,4.6,2026-02-10,1855
INV00000795,DS003,Velachery,Very High,P0215,Complan Chocolate 500g,"Tea, Coffee & Health Drinks",360,Medium,Ambient,2,5,3,Low Stock,0.67,60,52,2,3.0,2026-02-10,720
INV00000796,DS003,Velachery,Very High,P0216,Bournvita 500g,"Tea, Coffee & Health Drinks",250,High,Ambient,14,12,3,In Stock,1.42,128,117,0,9.9,2026-02-10,3500
INV00000797,DS003,Velachery,Very High,P0217,Milo 400g,"Tea, Coffee & Health Drinks",245,Medium,Ambient,5,5,3,In Stock,0.41,37,33,0,12.2,2026-02-12,1225
INV00000798,DS003,Velachery,Very High,P0218,Proteinex Powder 250g,"Tea, Coffee & Health Drinks",285,High,Ambient,7,9,3,In Stock,1.2,108,92,2,5.8,2026-02-09,1995
INV00000799,DS003,Velachery,Very High,P0219,Green Tea 100 Bags,"Tea, Coffee & Health Drinks",350,High,Ambient,8,12,3,In Stock,1.44,130,108,1,5.6,2026-02-13,2800
INV00000800,DS003,Velachery,Very High,P0220,Lipton Green Tea 25 Bags,"Tea, Coffee & Health Drinks",125,High,Ambient,6,9,3,In Stock,1.3,117,106,2,4.6,2026-02-10,750
INV00000801,DS003,Velachery,Very High,P0221,Vim Dishwash Gel 750ml,Cleaning & Household,95,High,Ambient,4,8,3,In Stock,0.94,85,74,2,4.3,2026-02-11,380
INV00000802,DS003,Velachery,Very High,P0222,Vim Dishwash Bar 600g,Cleaning & Household,55,Medium,Ambient,5,5,3,In Stock,0.29,26,23,2,17.2,2026-02-09,275
INV00000803,DS003,Velachery,Very High,P0223,Pril Dishwash Liquid 750ml,Cleaning & Household,105,High,Ambient,4,8,3,In Stock,1.03,93,81,2,3.9,2026-02-11,420
INV00000804,DS003,Velachery,Very High,P0224,Lizol Floor Cleaner 975ml,Cleaning & Household,185,Low,Ambient,5,5,3,In Stock,0.29,26,20,2,17.2,2026-02-11,925
INV00000805,DS003,Velachery,Very High,P0225,Harpic Toilet Cleaner 1L,Cleaning & Household,165,Medium,Ambient,4,5,3,In Stock,0.43,39,36,1,9.3,2026-02-10,660
INV00000806,DS003,Velachery,Very High,P0226,Domex Toilet Cleaner 1L,Cleaning & Household,135,High,Ambient,7,9,3,In Stock,1.13,102,90,1,6.2,2026-02-12,945
INV00000807,DS003,Velachery,Very High,P0227,Colin Glass Cleaner 500ml,Cleaning & Household,155,Medium,Ambient,4,5,3,In Stock,0.43,39,33,1,9.3,2026-02-15,620
INV00000808,DS003,Velachery,Very High,P0228,Surf Excel Matic 2kg,Cleaning & Household,365,Low,Ambient,5,5,3,In Stock,0.27,24,23,2,18.5,2026-02-13,1825
INV00000809,DS003,Velachery,Very High,P0229,Ariel Matic 2kg,Cleaning & Household,395,Medium,Ambient,5,5,3,In Stock,0.51,46,37,0,9.8,2026-02-11,1975
INV00000810,DS003,Velachery,Very High,P0230,Tide Plus 2kg,Cleaning & Household,285,High,Ambient,8,8,3,In Stock,0.94,85,76,2,8.5,2026-02-12,2280
INV00000811,DS003,Velachery,Very High,P0231,Comfort Fabric Conditioner 860ml,Cleaning & Household,195,Medium,Ambient,5,5,3,In Stock,0.36,32,28,2,13.9,2026-02-09,975
INV00000812,DS003,Velachery,Very High,P0232,Rin Detergent Bar 250g,Cleaning & Household,35,Medium,Ambient,3,5,3,Low Stock,0.62,56,46,1,4.8,2026-02-13,105
INV00000813,DS003,Velachery,Very High,P0233,Godrej aer Spray 240ml,Cleaning & Household,199,Low,Ambient,2,5,3,Low Stock,0.2,18,16,1,10.0,2026-02-14,398
INV00000814,DS003,Velachery,Very High,P0234,Good Knight Activ+ Refill 45ml,Cleaning & Household,115,High,Ambient,4,9,3,In Stock,1.22,110,96,1,3.3,2026-02-13,460
INV00000815,DS003,Velachery,Very High,P0235,All Out Refill 45ml,Cleaning & Household,95,High,Ambient,25,26,7,In Stock,0.0,0,0,0,999.0,2026-02-13,2375
INV00000816,DS003,Velachery,Very High,P0236,Mortein Insect Spray 425ml,Cleaning & Household,225,Medium,Ambient,5,5,3,In Stock,0.37,33,27,1,13.5,2026-02-09,1125
INV00000817,DS003,Velachery,Very High,P0237,Hit Cockroach Killer 625ml,Cleaning & Household,245,High,Ambient,10,9,3,In Stock,1.3,117,98,2,7.7,2026-02-13,2450
INV00000818,DS003,Velachery,Very High,P0238,Scotch Brite Scrub Pad 3pc,Cleaning & Household,75,High,Ambient,5,8,3,In Stock,1.19,107,91,2,4.2,2026-02-14,375
INV00000819,DS003,Velachery,Very High,P0239,Savlon Handwash 750ml,Cleaning & Household,135,High,Ambient,5,7,3,In Stock,1.08,97,84,2,4.6,2026-02-14,675
INV00000820,DS003,Velachery,Very High,P0240,Dettol Handwash 750ml,Cleaning & Household,155,Low,Ambient,5,5,3,In Stock,0.18,16,14,0,27.8,2026-02-14,775
INV00000821,DS003,Velachery,Very High,P0241,Origami Tissues 100 Pulls,Cleaning & Household,45,Medium,Ambient,3,5,3,Low Stock,0.42,38,34,2,7.1,2026-02-10,135
INV00000822,DS003,Velachery,Very High,P0242,Dettol Soap 125g (4 pack),Personal Care,145,High,Ambient,4,8,3,In Stock,1.04,94,83,0,3.8,2026-02-13,580
INV00000823,DS003,Velachery,Very High,P0243,Lifebuoy Soap 125g (4 pack),Personal Care,115,High,Ambient,9,10,3,In Stock,1.19,107,97,0,7.6,2026-02-09,1035
INV00000824,DS003,Velachery,Very High,P0244,Dove Soap 125g (3 pack),Personal Care,180,Medium,Ambient,2,5,3,Low Stock,0.41,37,33,1,4.9,2026-02-14,360
INV00000825,DS003,Velachery,Very High,P0245,Pears Soap 125g (3 pack),Personal Care,150,High,Ambient,10,17,5,In Stock,0.0,0,0,0,999.0,2026-02-09,1500
INV00000826,DS003,Velachery,Very High,P0246,Lux Soap 125g (3 pack),Personal Care,125,High,Ambient,5,8,3,In Stock,1.1,99,85,1,4.5,2026-02-13,625
INV00000827,DS003,Velachery,Very High,P0247,Clinic Plus Shampoo 650ml,Personal Care,265,Low,Ambient,5,5,3,In Stock,0.2,18,14,2,25.0,2026-02-14,1325
INV00000828,DS003,Velachery,Very High,P0248,Pantene Shampoo 650ml,Personal Care,385,High,Ambient,9,8,3,In Stock,1.04,94,80,0,8.7,2026-02-09,3465
INV00000829,DS003,Velachery,Very High,P0249,Dove Shampoo 650ml,Personal Care,425,Medium,Ambient,4,5,3,In Stock,0.39,35,29,1,10.3,2026-02-11,1700
INV00000830,DS003,Velachery,Very High,P0250,Head & Shoulders 650ml,Personal Care,485,High,Ambient,10,10,3,In Stock,1.27,114,94,2,7.9,2026-02-14,4850
INV00000831,DS003,Velachery,Very High,P0251,Sunsilk Shampoo 650ml,Personal Care,295,High,Ambient,7,9,3,In Stock,1.13,102,86,0,6.2,2026-02-15,2065
INV00000832,DS003,Velachery,Very High,P0252,Colgate Total 300g,Personal Care,185,Medium,Ambient,5,5,3,In Stock,0.44,40,38,2,11.4,2026-02-12,925
INV00000833,DS003,Velachery,Very High,P0253,Colgate Maxfresh 150g,Personal Care,105,High,Ambient,9,9,3,In Stock,1.28,115,99,0,7.0,2026-02-13,945
INV00000834,DS003,Velachery,Very High,P0254,Pepsodent 200g,Personal Care,85,High,Ambient,3,8,3,Low Stock,1.26,113,98,2,2.4,2026-02-10,255
INV00000835,DS003,Velachery,Very High,P0255,Sensodyne Toothpaste 150g,Personal Care,265,Medium,Ambient,4,5,3,In Stock,0.5,45,38,1,8.0,2026-02-14,1060
INV00000836,DS003,Velachery,Very High,P0256,Oral B Toothbrush,Personal Care,95,High,Ambient,17,21,6,In Stock,0.0,0,0,0,999.0,2026-02-13,1615
INV00000837,DS003,Velachery,Very High,P0257,Gillette Shaving Cream 418g,Personal Care,265,Medium,Ambient,5,5,3,In Stock,0.39,35,32,1,12.8,2026-02-15,1325
INV00000838,DS003,Velachery,Very High,P0258,Gillette Mach 3 Razor,Personal Care,285,High,Ambient,7,8,3,In Stock,1.16,104,90,0,6.0,2026-02-09,1995
INV00000839,DS003,Velachery,Very High,P0259,Veet Hair Removal Cream 100g,Personal Care,215,High,Ambient,5,10,3,In Stock,1.21,109,96,1,4.1,2026-02-12,1075
INV00000840,DS003,Velachery,Very High,P0260,Nivea Body Lotion 400ml,Personal Care,295,High,Ambient,6,8,3,In Stock,1.01,91,77,0,5.9,2026-02-14,1770
INV00000841,DS003,Velachery,Very High,P0261,Vaseline Petroleum Jelly 100ml,Personal Care,105,High,Ambient,4,7,3,In Stock,0.93,84,75,2,4.3,2026-02-13,420
INV00000842,DS003,Velachery,Very High,P0262,Ponds Face Cream 100ml,Personal Care,235,Medium,Ambient,2,5,3,Low Stock,0.46,41,34,0,4.3,2026-02-09,470
INV00000843,DS003,Velachery,Very High,P0263,Fair & Lovely 80g,Personal Care,175,High,Ambient,5,7,3,In Stock,1.01,91,82,1,5.0,2026-02-13,875
INV00000844,DS003,Velachery,Very High,P0264,Garnier Face Wash 100g,Personal Care,145,Medium,Ambient,5,5,3,In Stock,0.32,29,25,0,15.6,2026-02-09,725
INV00000845,DS003,Velachery,Very High,P0265,Lakmé Face Cream 60g,Personal Care,295,High,Ambient,11,10,3,In Stock,1.32,119,104,2,8.3,2026-02-11,3245
INV00000846,DS003,Velachery,Very High,P0266,Johnson Baby Powder 400g,Personal Care,285,High,Ambient,4,7,3,In Stock,0.82,74,65,0,4.9,2026-02-14,1140
INV00000847,DS003,Velachery,Very High,P0267,Dettol Handwash Refill 750ml,Personal Care,145,High,Ambient,5,7,3,In Stock,1.07,96,82,2,4.7,2026-02-15,725
INV00000848,DS003,Velachery,Very High,P0268,Savlon Antiseptic Liquid 500ml,Personal Care,165,High,Ambient,11,16,4,In Stock,0.0,0,0,0,999.0,2026-02-13,1815
INV00000849,DS003,Velachery,Very High,P0269,Band Aid 10pc,Personal Care,55,Medium,Ambient,3,5,3,Low Stock,0.43,39,32,1,7.0,2026-02-15,165
INV00000850,DS003,Velachery,Very High,P0270,Vicks VapoRub 50ml,Personal Care,145,High,Ambient,11,10,3,In Stock,1.29,116,98,1,8.5,2026-02-09,1595
INV00000851,DS003,Velachery,Very High,P0271,Dettol Antiseptic Liquid 550ml,Personal Care,195,High,Ambient,8,9,3,In Stock,1.26,113,95,2,6.3,2026-02-15,1560
INV00000852,DS003,Velachery,Very High,P0272,Cotton Buds 100pc,Personal Care,45,High,Ambient,8,9,3,In Stock,1.09,98,89,0,7.3,2026-02-13,360
INV00000853,DS003,Velachery,Very High,P0273,Whisper Ultra XL 15 Pads,Personal Care,185,Medium,Ambient,2,5,3,Low Stock,0.4,36,31,0,5.0,2026-02-09,370
INV00000854,DS003,Velachery,Very High,P0274,Stayfree Secure XL 20 Pads,Personal Care,195,High,Ambient,5,9,3,In Stock,1.22,110,98,1,4.1,2026-02-13,975
INV00000855,DS003,Velachery,Very High,P0275,Sanfe Sanitary Napkins 10pc,Personal Care,155,Medium,Ambient,4,5,3,In Stock,0.53,48,43,2,7.5,2026-02-15,620
INV00000856,DS003,Velachery,Very High,P0276,Pampers Baby Diapers S 20pc,Baby Care,495,Low,Ambient,4,5,3,In Stock,0.12,11,9,2,33.3,2026-02-13,1980
INV00000857,DS003,Velachery,Very High,P0277,Pampers Baby Diapers M 18pc,Baby Care,595,Medium,Ambient,4,5,3,In Stock,0.36,32,30,1,11.1,2026-02-11,2380
INV00000858,DS003,Velachery,Very High,P0278,Pampers Baby Diapers L 16pc,Baby Care,695,Low,Ambient,4,5,3,In Stock,0.29,26,22,1,13.8,2026-02-12,2780
INV00000859,DS003,Velachery,Very High,P0279,Huggies Diapers S 22pc,Baby Care,485,Medium,Ambient,2,5,3,Low Stock,0.56,50,46,0,3.6,2026-02-09,970
INV00000860,DS003,Velachery,Very High,P0280,Mamy Poko Pants M 20pc,Baby Care,575,Medium,Ambient,5,5,3,In Stock,0.44,40,36,0,11.4,2026-02-15,2875
INV00000861,DS003,Velachery,Very High,P0281,Johnson Baby Soap 100g,Baby Care,55,Medium,Ambient,3,5,3,Low Stock,0.48,43,35,1,6.2,2026-02-11,165
INV00000862,DS003,Velachery,Very High,P0282,Johnson Baby Shampoo 200ml,Baby Care,175,Medium,Ambient,4,5,3,In Stock,0.41,37,29,1,9.8,2026-02-12,700
INV00000863,DS003,Velachery,Very High,P0283,Johnson Baby Lotion 200ml,Baby Care,195,Low,Ambient,3,5,3,Low Stock,0.19,17,16,2,15.8,2026-02-15,585
INV00000864,DS003,Velachery,Very High,P0284,Johnson Baby Powder 200g,Baby Care,185,Low,Ambient,4,5,3,In Stock,0.23,21,19,0,17.4,2026-02-10,740
INV00000865,DS003,Velachery,Very High,P0285,Himalaya Baby Lotion 200ml,Baby Care,165,Low,Ambient,4,5,3,In Stock,0.26,23,20,1,15.4,2026-02-09,660
INV00000866,DS003,Velachery,Very High,P0286,Cerelac Wheat 300g,Baby Care,185,Low,Ambient,4,5,3,In Stock,0.16,14,13,1,25.0,2026-02-11,740
INV00000867,DS003,Velachery,Very High,P0287,Cerelac Multi Grain 300g,Baby Care,195,Medium,Ambient,4,5,3,In Stock,0.28,25,20,0,14.3,2026-02-09,780
INV00000868,DS003,Velachery,Very High,P0288,Lactogen 1 (0-6 months) 400g,Baby Care,495,Medium,Ambient,3,5,3,Low Stock,0.42,38,31,0,7.1,2026-02-10,1485
INV00000869,DS003,Velachery,Very High,P0289,Farex Baby Food 300g,Baby Care,175,Medium,Ambient,5,5,3,In Stock,0.36,32,27,2,13.9,2026-02-13,875
INV00000870,DS003,Velachery,Very High,P0290,Himalaya Baby Wipes 72pc,Baby Care,165,Medium,Ambient,3,5,3,Low Stock,0.42,38,32,2,7.1,2026-02-10,495
INV00000871,DS004,Adyar,High,P0001,Amul Taaza Toned Milk 500ml,"Dairy, Bread & Eggs",28,High,Refrigerated,7,8,3,In Stock,1.19,107,74,1,5.9,2026-02-09,196
INV00000872,DS004,Adyar,High,P0002,Amul Taaza Toned Milk 1L,"Dairy, Bread & Eggs",56,High,Refrigerated,3,8,3,Low Stock,1.3,117,85,1,2.3,2026-02-12,168
INV00000873,DS004,Adyar,High,P0003,Amul Gold Full Cream Milk 500ml,"Dairy, Bread & Eggs",32,High,Refrigerated,9,9,3,In Stock,1.31,118,82,1,6.9,2026-02-09,288
INV00000874,DS004,Adyar,High,P0004,Amul Gold Full Cream Milk 1L,"Dairy, Bread & Eggs",64,High,Refrigerated,9,8,3,In Stock,1.33,120,80,0,6.8,2026-02-14,576
INV00000875,DS004,Adyar,High,P0005,Heritage Fresh Milk 500ml,"Dairy, Bread & Eggs",30,High,Refrigerated,7,9,3,In Stock,1.56,140,91,0,4.5,2026-02-11,210
INV00000876,DS004,Adyar,High,P0006,Nandini Milk 500ml,"Dairy, Bread & Eggs",26,Medium,Refrigerated,2,5,3,Low Stock,0.38,34,22,1,5.3,2026-02-12,52
INV00000877,DS004,Adyar,High,P0007,Amul Fresh Cream 250ml,"Dairy, Bread & Eggs",85,High,Refrigerated,7,10,3,In Stock,1.53,138,94,1,4.6,2026-02-14,595
INV00000878,DS004,Adyar,High,P0008,Amul Masti Curd 400g,"Dairy, Bread & Eggs",32,High,Refrigerated,6,9,3,In Stock,1.64,148,97,0,3.7,2026-02-12,192
INV00000879,DS004,Adyar,High,P0009,Mother Dairy Curd 400g,"Dairy, Bread & Eggs",30,High,Refrigerated,2,7,3,Low Stock,1.33,120,85,2,1.5,2026-02-10,60
INV00000880,DS004,Adyar,High,P0010,Nestle Dahi 400g,"Dairy, Bread & Eggs",35,High,Refrigerated,10,9,3,In Stock,1.31,118,76,1,7.6,2026-02-13,350
INV00000881,DS004,Adyar,High,P0011,Amul Salted Butter 100g,"Dairy, Bread & Eggs",56,High,Refrigerated,6,8,3,In Stock,1.18,106,74,2,5.1,2026-02-09,336
INV00000882,DS004,Adyar,High,P0012,Amul Salted Butter 500g,"Dairy, Bread & Eggs",270,Medium,Refrigerated,3,5,3,Low Stock,0.51,46,32,1,5.9,2026-02-11,810
INV00000883,DS004,Adyar,High,P0013,Britannia Butter 100g,"Dairy, Bread & Eggs",54,High,Refrigerated,4,9,3,In Stock,1.47,132,89,1,2.7,2026-02-10,216
INV00000884,DS004,Adyar,High,P0014,Amul Cheese Slices 200g,"Dairy, Bread & Eggs",130,Medium,Refrigerated,3,5,3,Low Stock,0.64,58,38,1,4.7,2026-02-12,390
INV00000885,DS004,Adyar,High,P0015,Britannia Cheese Slices 200g,"Dairy, Bread & Eggs",125,Medium,Refrigerated,4,5,3,In Stock,0.53,48,34,2,7.5,2026-02-10,500
INV00000886,DS004,Adyar,High,P0016,Amul Processed Cheese Block 200g,"Dairy, Bread & Eggs",110,High,Refrigerated,4,10,3,In Stock,1.34,121,88,1,3.0,2026-02-12,440
INV00000887,DS004,Adyar,High,P0017,Mother Dairy Paneer 200g,"Dairy, Bread & Eggs",95,Medium,Refrigerated,5,5,3,In Stock,0.49,44,30,2,10.2,2026-02-09,475
INV00000888,DS004,Adyar,High,P0018,Amul Fresh Paneer 200g,"Dairy, Bread & Eggs",90,High,Refrigerated,6,7,3,In Stock,1.11,100,68,2,5.4,2026-02-11,540
INV00000889,DS004,Adyar,High,P0019,Nandini Paneer 200g,"Dairy, Bread & Eggs",85,High,Refrigerated,9,9,3,In Stock,1.2,108,70,2,7.5,2026-02-13,765
INV00000890,DS004,Adyar,High,P0020,Farm Fresh White Eggs 6 pcs,"Dairy, Bread & Eggs",48,High,Refrigerated,2,5,3,Low Stock,0.88,79,50,2,2.3,2026-02-10,96
INV00000891,DS004,Adyar,High,P0021,Farm Fresh Brown Eggs 6 pcs,"Dairy, Bread & Eggs",60,High,Refrigerated,5,9,3,In Stock,1.46,131,84,0,3.4,2026-02-11,300
INV00000892,DS004,Adyar,High,P0022,Farm Fresh White Eggs 10 pcs,"Dairy, Bread & Eggs",75,High,Refrigerated,7,10,3,In Stock,1.59,143,94,0,4.4,2026-02-12,525
INV00000893,DS004,Adyar,High,P0023,Amul Kool Milk Drink 200ml,"Dairy, Bread & Eggs",20,High,Refrigerated,3,8,3,Low Stock,1.36,122,86,2,2.2,2026-02-14,60
INV00000894,DS004,Adyar,High,P0024,Amul Lassi 200ml,"Dairy, Bread & Eggs",25,High,Refrigerated,5,7,3,In Stock,1.19,107,74,2,4.2,2026-02-12,125
INV00000895,DS004,Adyar,High,P0025,Mother Dairy Mishti Doi 400g,"Dairy, Bread & Eggs",42,Medium,Refrigerated,4,5,3,In Stock,0.49,44,30,1,8.2,2026-02-15,168
INV00000896,DS004,Adyar,High,P0026,Britannia Bread Large,"Dairy, Bread & Eggs",40,High,Refrigerated,7,11,3,In Stock,1.53,138,87,0,4.6,2026-02-10,280
INV00000897,DS004,Adyar,High,P0027,Modern Bread Sandwich,"Dairy, Bread & Eggs",45,Medium,Refrigerated,5,5,3,In Stock,0.5,45,32,2,10.0,2026-02-15,225
INV00000898,DS004,Adyar,High,P0028,Harvest Gold Bread,"Dairy, Bread & Eggs",42,High,Refrigerated,5,11,3,In Stock,1.49,134,98,2,3.4,2026-02-15,210
INV00000899,DS004,Adyar,High,P0029,English Oven Brown Bread,"Dairy, Bread & Eggs",50,High,Refrigerated,11,28,8,In Stock,0.0,0,0,0,999.0,2026-02-09,550
INV00000900,DS004,Adyar,High,P0030,Onion 1kg,Fruits & Vegetables,35,High,Ambient,4,5,3,In Stock,0.77,69,69,0,5.2,2026-02-14,140
INV00000901,DS004,Adyar,High,P0031,Tomato 1kg,Fruits & Vegetables,45,High,Ambient,3,5,3,Low Stock,0.94,85,85,0,3.2,2026-02-15,135
INV00000902,DS004,Adyar,High,P0032,Potato 1kg,Fruits & Vegetables,28,High,Ambient,3,5,3,Low Stock,0.87,78,78,1,3.4,2026-02-10,84
INV00000903,DS004,Adyar,High,P0033,Green Chilli 100g,Fruits & Vegetables,15,High,Ambient,4,5,3,In Stock,0.76,68,68,2,5.3,2026-02-13,60
INV00000904,DS004,Adyar,High,P0034,Ginger 200g,Fruits & Vegetables,40,High,Ambient,2,5,3,Low Stock,0.69,62,62,2,2.9,2026-02-14,80
INV00000905,DS004,Adyar,High,P0035,Garlic 250g,Fruits & Vegetables,55,High,Ambient,2,5,3,Low Stock,0.7,63,63,2,2.9,2026-02-09,110
INV00000906,DS004,Adyar,High,P0036,Coriander Leaves 100g,Fruits & Vegetables,15,High,Refrigerated,2,5,3,Low Stock,0.76,68,68,1,2.6,2026-02-10,30
INV00000907,DS004,Adyar,High,P0037,Curry Leaves 100g,Fruits & Vegetables,20,High,Refrigerated,4,6,3,In Stock,0.9,81,81,0,4.4,2026-02-14,80
INV00000908,DS004,Adyar,High,P0038,Lemon 250g (4-5pcs),Fruits & Vegetables,25,High,Ambient,2,5,3,Low Stock,0.69,62,62,1,2.9,2026-02-10,50
INV00000909,DS004,Adyar,High,P0039,Carrot 500g,Fruits & Vegetables,30,High,Ambient,4,5,3,In Stock,0.74,67,67,0,5.4,2026-02-10,120
INV00000910,DS004,Adyar,High,P0040,Beans 500g,Fruits & Vegetables,45,High,Ambient,4,5,3,In Stock,0.77,69,69,2,5.2,2026-02-10,180
INV00000911,DS004,Adyar,High,P0041,Capsicum Green 500g,Fruits & Vegetables,50,High,Ambient,5,6,3,In Stock,0.84,76,76,1,6.0,2026-02-15,250
INV00000912,DS004,Adyar,High,P0042,Cabbage 1pc,Fruits & Vegetables,35,High,Ambient,4,5,3,In Stock,0.8,72,72,1,5.0,2026-02-15,140
INV00000913,DS004,Adyar,High,P0043,Cauliflower 1pc,Fruits & Vegetables,40,High,Ambient,4,5,3,In Stock,0.63,57,57,1,6.3,2026-02-10,160
INV00000914,DS004,Adyar,High,P0044,Brinjal 500g,Fruits & Vegetables,35,High,Ambient,4,5,3,In Stock,0.73,66,66,0,5.5,2026-02-15,140
INV00000915,DS004,Adyar,High,P0045,Ladies Finger 500g,Fruits & Vegetables,40,High,Ambient,4,6,3,In Stock,0.76,68,68,2,5.3,2026-02-15,160
INV00000916,DS004,Adyar,High,P0046,Beetroot 500g,Fruits & Vegetables,35,High,Ambient,5,5,3,In Stock,0.83,75,75,1,6.0,2026-02-15,175
INV00000917,DS004,Adyar,High,P0047,Radish White 500g,Fruits & Vegetables,30,High,Ambient,4,6,3,In Stock,0.97,87,87,2,4.1,2026-02-15,120
INV00000918,DS004,Adyar,High,P0048,Bottle Gourd 1pc,Fruits & Vegetables,35,High,Ambient,2,5,3,Low Stock,0.68,61,61,2,2.9,2026-02-13,70
INV00000919,DS004,Adyar,High,P0049,Bitter Gourd 500g,Fruits & Vegetables,45,High,Ambient,5,6,3,In Stock,0.88,79,79,2,5.7,2026-02-10,225
INV00000920,DS004,Adyar,High,P0050,Banana Robusta 6pcs,Fruits & Vegetables,35,High,Ambient,4,5,3,In Stock,0.7,63,63,2,5.7,2026-02-15,140
INV00000921,DS004,Adyar,High,P0051,Apple Shimla 4pcs,Fruits & Vegetables,140,High,Ambient,6,7,3,In Stock,0.99,89,89,0,6.1,2026-02-13,840
INV00000922,DS004,Adyar,High,P0052,Pomegranate 1pc,Fruits & Vegetables,85,High,Ambient,4,5,3,In Stock,0.78,70,70,2,5.1,2026-02-14,340
INV00000923,DS004,Adyar,High,P0053,Orange 500g,Fruits & Vegetables,50,High,Ambient,3,5,3,Low Stock,0.66,59,59,2,4.5,2026-02-13,150
INV00000924,DS004,Adyar,High,P0054,Sweet Lime 500g,Fruits & Vegetables,45,High,Ambient,3,5,3,Low Stock,0.67,60,60,2,4.5,2026-02-14,135
INV00000925,DS004,Adyar,High,P0055,Watermelon 1pc (3-4kg),Fruits & Vegetables,80,High,Ambient,3,6,3,Low Stock,0.83,75,75,0,3.6,2026-02-14,240
INV00000926,DS004,Adyar,High,P0056,Papaya 1pc,Fruits & Vegetables,45,High,Ambient,2,5,3,Low Stock,0.69,62,62,0,2.9,2026-02-12,90
INV00000927,DS004,Adyar,High,P0057,Grapes Green 500g,Fruits & Vegetables,90,High,Ambient,2,5,3,Low Stock,0.73,66,66,1,2.7,2026-02-11,180
INV00000928,DS004,Adyar,High,P0058,Mango (Seasonal),Fruits & Vegetables,120,High,Ambient,5,5,3,In Stock,0.72,65,65,0,6.9,2026-02-12,600
INV00000929,DS004,Adyar,High,P0059,Pineapple 1pc,Fruits & Vegetables,55,High,Ambient,3,5,3,Low Stock,0.77,69,69,0,3.9,2026-02-12,165
INV00000930,DS004,Adyar,High,P0060,Coca Cola 750ml,Cold Drinks & Juices,40,High,Refrigerated,8,9,3,In Stock,1.22,110,74,0,6.6,2026-02-10,320
INV00000931,DS004,Adyar,High,P0061,Coca Cola 2.25L,Cold Drinks & Juices,95,Medium,Refrigerated,4,5,3,In Stock,0.44,40,31,2,9.1,2026-02-09,380
INV00000932,DS004,Adyar,High,P0062,Pepsi 750ml,Cold Drinks & Juices,40,Medium,Refrigerated,3,5,3,Low Stock,0.69,62,39,2,4.3,2026-02-12,120
INV00000933,DS004,Adyar,High,P0063,Pepsi 2L,Cold Drinks & Juices,90,High,Refrigerated,6,6,3,In Stock,1.03,93,62,1,5.8,2026-02-14,540
INV00000934,DS004,Adyar,High,P0064,Sprite 750ml,Cold Drinks & Juices,40,Medium,Refrigerated,3,5,3,Low Stock,0.38,34,25,0,7.9,2026-02-14,120
INV00000935,DS004,Adyar,High,P0065,Thumbs Up 750ml,Cold Drinks & Juices,40,Medium,Refrigerated,2,5,3,Low Stock,0.46,41,31,0,4.3,2026-02-15,80
INV00000936,DS004,Adyar,High,P0066,Fanta 750ml,Cold Drinks & Juices,40,High,Refrigerated,2,5,3,Low Stock,1.02,92,64,1,2.0,2026-02-09,80
INV00000937,DS004,Adyar,High,P0067,Mountain Dew 750ml,Cold Drinks & Juices,40,High,Refrigerated,8,9,3,In Stock,1.32,119,77,1,6.1,2026-02-12,320
INV00000938,DS004,Adyar,High,P0068,Thums Up 2.25L,Cold Drinks & Juices,95,High,Refrigerated,6,8,3,In Stock,1.17,105,72,1,5.1,2026-02-09,570
INV00000939,DS004,Adyar,High,P0069,Bisleri Water 1L,Cold Drinks & Juices,20,High,Ambient,6,7,3,In Stock,1.17,105,68,0,5.1,2026-02-13,120
INV00000940,DS004,Adyar,High,P0070,Bisleri Water 2L,Cold Drinks & Juices,35,High,Ambient,7,7,3,In Stock,1.22,110,73,0,5.7,2026-02-11,245
INV00000941,DS004,Adyar,High,P0071,Kinley Water 1L,Cold Drinks & Juices,20,High,Ambient,4,9,3,In Stock,1.36,122,80,1,2.9,2026-02-09,80
INV00000942,DS004,Adyar,High,P0072,Aquafina Water 1L,Cold Drinks & Juices,20,Medium,Ambient,3,5,3,Low Stock,0.56,50,32,1,5.4,2026-02-11,60
INV00000943,DS004,Adyar,High,P0073,Red Bull Energy Drink 250ml,Cold Drinks & Juices,125,Medium,Refrigerated,3,5,3,Low Stock,0.4,36,27,1,7.5,2026-02-09,375
INV00000944,DS004,Adyar,High,P0074,Sting Energy Drink 250ml,Cold Drinks & Juices,20,Medium,Refrigerated,4,5,3,In Stock,0.48,43,27,2,8.3,2026-02-09,80
INV00000945,DS004,Adyar,High,P0075,Monster Energy Drink 500ml,Cold Drinks & Juices,150,Medium,Refrigerated,4,5,3,In Stock,0.49,44,27,2,8.2,2026-02-15,600
INV00000946,DS004,Adyar,High,P0076,Real Fruit Juice Mixed Fruit 1L,Cold Drinks & Juices,130,Medium,Refrigerated,5,5,3,In Stock,0.53,48,27,0,9.4,2026-02-15,650
INV00000947,DS004,Adyar,High,P0077,Real Fruit Juice Mango 1L,Cold Drinks & Juices,130,High,Refrigerated,7,9,3,In Stock,1.38,124,82,0,5.1,2026-02-14,910
INV00000948,DS004,Adyar,High,P0078,Tropicana Orange 1L,Cold Drinks & Juices,145,High,Refrigerated,5,8,3,In Stock,1.24,112,75,1,4.0,2026-02-14,725
INV00000949,DS004,Adyar,High,P0079,Tropicana Mixed Fruit 1L,Cold Drinks & Juices,145,High,Refrigerated,7,15,4,In Stock,0.0,0,0,0,999.0,2026-02-10,1015
INV00000950,DS004,Adyar,High,P0080,Minute Maid Pulpy Orange 400ml,Cold Drinks & Juices,45,Medium,Refrigerated,3,5,3,Low Stock,0.46,41,31,0,6.5,2026-02-13,135
INV00000951,DS004,Adyar,High,P0081,Frooti Mango Drink 160ml,Cold Drinks & Juices,10,High,Refrigerated,3,5,3,Low Stock,0.98,88,61,2,3.1,2026-02-12,30
INV00000952,DS004,Adyar,High,P0082,Frooti Mango Drink 1.2L,Cold Drinks & Juices,60,High,Refrigerated,8,9,3,In Stock,1.27,114,74,2,6.3,2026-02-09,480
INV00000953,DS004,Adyar,High,P0083,Maaza Mango Drink 1.2L,Cold Drinks & Juices,60,High,Refrigerated,3,7,3,Low Stock,1.02,92,64,0,2.9,2026-02-13,180
INV00000954,DS004,Adyar,High,P0084,Paper Boat Aam Panna 250ml,Cold Drinks & Juices,40,Medium,Refrigerated,3,5,3,Low Stock,0.56,50,28,2,5.4,2026-02-15,120
INV00000955,DS004,Adyar,High,P0085,Paper Boat Jaljeera 250ml,Cold Drinks & Juices,40,High,Refrigerated,8,9,3,In Stock,1.36,122,87,2,5.9,2026-02-12,320
INV00000956,DS004,Adyar,High,P0086,Rasna Orange 750ml,Cold Drinks & Juices,35,High,Refrigerated,5,8,3,In Stock,1.17,105,75,2,4.3,2026-02-09,175
INV00000957,DS004,Adyar,High,P0087,Tang Instant Drink 750g,Cold Drinks & Juices,320,Medium,Refrigerated,4,5,3,In Stock,0.47,42,31,2,8.5,2026-02-12,1280
INV00000958,DS004,Adyar,High,P0088,Nestle Iced Tea Lemon 500ml,Cold Drinks & Juices,40,High,Refrigerated,7,7,3,In Stock,1.07,96,65,1,6.5,2026-02-09,280
INV00000959,DS004,Adyar,High,P0089,Lays Classic Salted 50g,Snacks & Munchies,20,High,Ambient,4,8,3,In Stock,1.14,103,85,1,3.5,2026-02-09,80
INV00000960,DS004,Adyar,High,P0090,Lays Classic Salted 90g,Snacks & Munchies,35,Medium,Ambient,3,5,3,Low Stock,0.34,31,28,2,8.8,2026-02-11,105
INV00000961,DS004,Adyar,High,P0091,Lays American Style Cream & Onion 50g,Snacks & Munchies,20,High,Ambient,6,6,3,In Stock,0.89,80,70,0,6.7,2026-02-15,120
INV00000962,DS004,Adyar,High,P0092,Kurkure Masala Munch 90g,Snacks & Munchies,20,High,Ambient,2,5,3,Low Stock,0.77,69,61,2,2.6,2026-02-10,40
INV00000963,DS004,Adyar,High,P0093,Kurkure Solid Masti 90g,Snacks & Munchies,20,Medium,Ambient,6,13,3,In Stock,0.0,0,0,0,999.0,2026-02-15,120
INV00000964,DS004,Adyar,High,P0094,Bingo Mad Angles 72g,Snacks & Munchies,20,High,Ambient,5,7,3,In Stock,1.13,102,88,1,4.4,2026-02-12,100
INV00000965,DS004,Adyar,High,P0095,Doritos Nacho Cheese 150g,Snacks & Munchies,75,High,Ambient,4,6,3,In Stock,1.12,101,86,0,3.6,2026-02-14,300
INV00000966,DS004,Adyar,High,P0096,Pringles Original 107g,Snacks & Munchies,130,High,Ambient,7,7,3,In Stock,1.08,97,86,1,6.5,2026-02-15,910
INV00000967,DS004,Adyar,High,P0097,Haldirams Aloo Bhujia 200g,Snacks & Munchies,50,High,Ambient,4,6,3,In Stock,0.92,83,77,2,4.3,2026-02-14,200
INV00000968,DS004,Adyar,High,P0098,Haldirams Moong Dal 200g,Snacks & Munchies,55,High,Ambient,4,5,3,In Stock,0.77,69,55,0,5.2,2026-02-12,220
INV00000969,DS004,Adyar,High,P0099,Haldirams Sev Bhujia 400g,Snacks & Munchies,95,High,Ambient,5,6,3,In Stock,1.02,92,80,2,4.9,2026-02-13,475
INV00000970,DS004,Adyar,High,P0100,Bikaji Bhujia 200g,Snacks & Munchies,48,High,Ambient,4,6,3,In Stock,0.91,82,72,1,4.4,2026-02-10,192
INV00000971,DS004,Adyar,High,P0101,Parle G Biscuits 376g,Snacks & Munchies,40,High,Ambient,3,7,3,Low Stock,1.0,90,73,2,3.0,2026-02-14,120
INV00000972,DS004,Adyar,High,P0102,Britannia Good Day Butter 600g,Snacks & Munchies,80,High,Ambient,6,6,3,In Stock,0.86,77,63,2,7.0,2026-02-09,480
INV00000973,DS004,Adyar,High,P0103,Britannia Marie Gold 250g,Snacks & Munchies,32,High,Ambient,5,5,3,In Stock,0.81,73,59,1,6.2,2026-02-12,160
INV00000974,DS004,Adyar,High,P0104,Sunfeast Dark Fantasy 300g,Snacks & Munchies,110,High,Ambient,5,7,3,In Stock,1.23,111,95,1,4.1,2026-02-15,550
INV00000975,DS004,Adyar,High,P0105,Oreo Original 300g,Snacks & Munchies,40,High,Ambient,5,6,3,In Stock,0.99,89,78,1,5.1,2026-02-11,200
INV00000976,DS004,Adyar,High,P0106,Hide & Seek 240g,Snacks & Munchies,50,High,Ambient,6,6,3,In Stock,0.91,82,71,2,6.6,2026-02-11,300
INV00000977,DS004,Adyar,High,P0107,Monaco Classic 200g,Snacks & Munchies,25,Medium,Ambient,2,5,3,Low Stock,0.3,27,22,1,6.7,2026-02-13,50
INV00000978,DS004,Adyar,High,P0108,Parle 20-20 Cashew Cookies 400g,Snacks & Munchies,55,Medium,Ambient,2,5,3,Low Stock,0.4,36,32,0,5.0,2026-02-15,110
INV00000979,DS004,Adyar,High,P0109,Cadbury Dairy Milk Silk 60g,Snacks & Munchies,100,High,Ambient,5,5,3,In Stock,0.92,83,72,0,5.4,2026-02-12,500
INV00000980,DS004,Adyar,High,P0110,KitKat 4 Finger 37.3g,Snacks & Munchies,40,High,Ambient,15,16,4,In Stock,0.0,0,0,0,999.0,2026-02-11,600
INV00000981,DS004,Adyar,High,P0111,5 Star Chocolate 40g,Snacks & Munchies,25,High,Ambient,5,5,3,In Stock,0.92,83,77,0,5.4,2026-02-12,125
INV00000982,DS004,Adyar,High,P0112,Snickers 50g,Snacks & Munchies,40,High,Ambient,5,5,3,In Stock,0.9,81,70,0,5.6,2026-02-13,200
INV00000983,DS004,Adyar,High,P0113,Munch Chocolate 30g,Snacks & Munchies,20,High,Ambient,2,6,3,Low Stock,0.87,78,66,1,2.3,2026-02-11,40
INV00000984,DS004,Adyar,High,P0114,Too Yumm Veggie Stix 56g,Snacks & Munchies,35,High,Ambient,5,6,3,In Stock,0.92,83,74,2,5.4,2026-02-09,175
INV00000985,DS004,Adyar,High,P0115,Act II Popcorn Butter 60g,Snacks & Munchies,50,High,Ambient,4,6,3,In Stock,0.99,89,71,0,4.0,2026-02-12,200
INV00000986,DS004,Adyar,High,P0116,Cornitos Nacho Chips 150g,Snacks & Munchies,70,Medium,Ambient,3,5,3,Low Stock,0.43,39,34,2,7.0,2026-02-10,210
INV00000987,DS004,Adyar,High,P0117,Maggi Masala Noodles 70g,Breakfast & Instant Food,14,High,Ambient,5,6,3,In Stock,1.1,99,83,1,4.5,2026-02-12,70
INV00000988,DS004,Adyar,High,P0118,Maggi Masala Noodles 280g (4pack),Breakfast & Instant Food,52,High,Ambient,5,7,3,In Stock,1.04,94,83,0,4.8,2026-02-14,260
INV00000989,DS004,Adyar,High,P0119,Maggi Atta Noodles 320g,Breakfast & Instant Food,54,Medium,Ambient,3,5,3,Low Stock,0.37,33,27,0,8.1,2026-02-11,162
INV00000990,DS004,Adyar,High,P0120,Top Ramen Curry 280g,Breakfast & Instant Food,48,Medium,Ambient,5,5,3,In Stock,0.31,28,26,0,16.1,2026-02-14,240
INV00000991,DS004,Adyar,High,P0121,Yippee Magic Masala 240g,Breakfast & Instant Food,42,Medium,Ambient,4,5,3,In Stock,0.47,42,35,0,8.5,2026-02-09,168
INV00000992,DS004,Adyar,High,P0122,Sunfeast Yippee 420g,Breakfast & Instant Food,60,High,Ambient,4,6,3,In Stock,1.1,99,77,0,3.6,2026-02-14,240
INV00000993,DS004,Adyar,High,P0123,Knorr Chicken Soup 40g,Breakfast & Instant Food,35,High,Ambient,5,6,3,In Stock,0.99,89,78,0,5.1,2026-02-10,175
INV00000994,DS004,Adyar,High,P0124,Knorr Hot & Sour Veg Soup 42g,Breakfast & Instant Food,35,High,Ambient,5,5,3,In Stock,0.89,80,67,0,5.6,2026-02-11,175
INV00000995,DS004,Adyar,High,P0125,Maggi Hot Heads 73g,Breakfast & Instant Food,25,High,Ambient,5,7,3,In Stock,0.96,86,74,0,5.2,2026-02-11,125
INV00000996,DS004,Adyar,High,P0126,Pasta Treat Penne 500g,Breakfast & Instant Food,85,High,Ambient,5,5,3,In Stock,0.73,66,59,2,6.8,2026-02-09,425
INV00000997,DS004,Adyar,High,P0127,MTR Idli Mix 500g,Breakfast & Instant Food,75,Medium,Ambient,5,5,3,In Stock,0.38,34,30,0,13.2,2026-02-11,375
INV00000998,DS004,Adyar,High,P0128,MTR Dosa Mix 500g,Breakfast & Instant Food,75,High,Ambient,5,6,3,In Stock,0.81,73,65,1,6.2,2026-02-09,375
INV00000999,DS004,Adyar,High,P0129,MTR Rava Idli 500g,Breakfast & Instant Food,70,Medium,Ambient,4,5,3,In Stock,0.5,45,37,1,8.0,2026-02-10,280
INV00001000,DS004,Adyar,High,P0130,ID Fresh Idli Batter 1kg,Breakfast & Instant Food,75,Medium,Ambient,5,5,3,In Stock,0.48,43,36,0,10.4,2026-02-12,375
INV00001001,DS004,Adyar,High,P0131,ID Fresh Dosa Batter 1kg,Breakfast & Instant Food,75,Medium,Ambient,5,5,3,In Stock,0.39,35,31,0,12.8,2026-02-09,375
INV00001002,DS004,Adyar,High,P0132,Saffola Masala Oats 400g,Breakfast & Instant Food,145,High,Ambient,6,6,3,In Stock,0.9,81,73,1,6.7,2026-02-12,870
INV00001003,DS004,Adyar,High,P0133,Quaker Oats 1kg,Breakfast & Instant Food,185,High,Ambient,2,6,3,Low Stock,0.96,86,76,0,2.1,2026-02-13,370
INV00001004,DS004,Adyar,High,P0134,Kelloggs Corn Flakes 875g,Breakfast & Instant Food,340,High,Ambient,4,5,3,In Stock,0.91,82,66,2,4.4,2026-02-12,1360
INV00001005,DS004,Adyar,High,P0135,Kelloggs Chocos 375g,Breakfast & Instant Food,185,High,Ambient,6,6,3,In Stock,0.9,81,72,2,6.7,2026-02-10,1110
INV00001006,DS004,Adyar,High,P0136,Nestle Ceregrow 300g,Breakfast & Instant Food,395,Medium,Ambient,2,5,3,Low Stock,0.39,35,32,2,5.1,2026-02-12,790
INV00001007,DS004,Adyar,High,P0137,MTR Vermicelli Roasted 440g,Breakfast & Instant Food,55,Medium,Ambient,3,5,3,Low Stock,0.26,23,21,1,11.5,2026-02-12,165
INV00001008,DS004,Adyar,High,P0138,Bambino Vermicelli 175g,Breakfast & Instant Food,25,High,Ambient,4,6,3,In Stock,1.06,95,78,1,3.8,2026-02-15,100
INV00001009,DS004,Adyar,High,P0139,Haldiram Moong Dal 200g,Breakfast & Instant Food,55,High,Ambient,3,5,3,Low Stock,0.79,71,62,2,3.8,2026-02-13,165
INV00001010,DS004,Adyar,High,P0140,McCain French Fries 420g,Breakfast & Instant Food,145,High,Ambient,3,5,3,Low Stock,1.01,91,76,1,3.0,2026-02-14,435
INV00001011,DS004,Adyar,High,P0141,McCain Veggie Fingers 360g,Breakfast & Instant Food,180,High,Ambient,8,8,3,In Stock,1.11,100,88,1,7.2,2026-02-12,1440
INV00001012,DS004,Adyar,High,P0142,Aashirvaad Atta 5kg,"Atta, Rice & Dal",240,High,Ambient,5,6,3,In Stock,0.78,70,60,2,6.4,2026-02-14,1200
INV00001013,DS004,Adyar,High,P0143,Aashirvaad Atta 10kg,"Atta, Rice & Dal",475,High,Ambient,4,5,3,In Stock,0.63,57,49,1,6.3,2026-02-14,1900
INV00001014,DS004,Adyar,High,P0144,Fortune Chakki Fresh Atta 5kg,"Atta, Rice & Dal",235,High,Ambient,2,5,3,Low Stock,0.79,71,64,2,2.5,2026-02-15,470
INV00001015,DS004,Adyar,High,P0145,Pillsbury Chakki Fresh Atta 5kg,"Atta, Rice & Dal",240,High,Ambient,4,5,3,In Stock,0.74,67,59,0,5.4,2026-02-12,960
INV00001016,DS004,Adyar,High,P0146,India Gate Basmati Rice 1kg,"Atta, Rice & Dal",190,Medium,Ambient,4,5,3,In Stock,0.24,22,19,0,16.7,2026-02-11,760
INV00001017,DS004,Adyar,High,P0147,India Gate Basmati Rice 5kg,"Atta, Rice & Dal",900,High,Ambient,4,5,3,In Stock,0.86,77,65,2,4.7,2026-02-15,3600
INV00001018,DS004,Adyar,High,P0148,Daawat Basmati Rice 1kg,"Atta, Rice & Dal",180,High,Ambient,5,5,3,In Stock,0.58,52,45,0,8.6,2026-02-09,900
INV00001019,DS004,Adyar,High,P0149,Fortune Biryani Special Basmati 1kg,"Atta, Rice & Dal",170,Medium,Ambient,3,5,3,Low Stock,0.4,36,30,0,7.5,2026-02-10,510
INV00001020,DS004,Adyar,High,P0150,Sona Masoori Rice 5kg,"Atta, Rice & Dal",280,High,Ambient,13,27,8,In Stock,0.0,0,0,0,999.0,2026-02-15,3640
INV00001021,DS004,Adyar,High,P0151,Ponni Boiled Rice 5kg,"Atta, Rice & Dal",250,High,Ambient,4,5,3,In Stock,0.52,47,43,0,7.7,2026-02-15,1000
INV00001022,DS004,Adyar,High,P0152,Tata Sampann Toor Dal 1kg,"Atta, Rice & Dal",160,High,Ambient,3,5,3,Low Stock,0.62,56,50,1,4.8,2026-02-12,480
INV00001023,DS004,Adyar,High,P0153,Tata Sampann Moong Dal 500g,"Atta, Rice & Dal",85,Medium,Ambient,3,5,3,Low Stock,0.17,15,13,2,17.6,2026-02-13,255
INV00001024,DS004,Adyar,High,P0154,Tata Sampann Chana Dal 1kg,"Atta, Rice & Dal",155,High,Ambient,3,5,3,Low Stock,0.73,66,56,0,4.1,2026-02-11,465
INV00001025,DS004,Adyar,High,P0155,Tata Sampann Masoor Dal 500g,"Atta, Rice & Dal",75,High,Ambient,3,5,3,Low Stock,0.62,56,46,0,4.8,2026-02-13,225
INV00001026,DS004,Adyar,High,P0156,Tata Sampann Urad Dal 500g,"Atta, Rice & Dal",90,High,Ambient,5,5,3,In Stock,0.76,68,62,2,6.6,2026-02-13,450
INV00001027,DS004,Adyar,High,P0157,Rajma 500g,"Atta, Rice & Dal",110,High,Ambient,4,5,3,In Stock,0.66,59,55,0,6.1,2026-02-13,440
INV00001028,DS004,Adyar,High,P0158,Kabuli Chana 500g,"Atta, Rice & Dal",95,High,Ambient,3,5,3,Low Stock,0.74,67,60,2,4.1,2026-02-12,285
INV00001029,DS004,Adyar,High,P0159,Tata Salt 1kg,"Atta, Rice & Dal",22,Medium,Ambient,2,5,3,Low Stock,0.31,28,23,2,6.5,2026-02-11,44
INV00001030,DS004,Adyar,High,P0160,Tata Salt Lite 1kg,"Atta, Rice & Dal",52,High,Ambient,4,6,3,In Stock,0.81,73,59,2,4.9,2026-02-14,208
INV00001031,DS004,Adyar,High,P0161,Catch Salt 1kg,"Atta, Rice & Dal",20,Medium,Ambient,3,5,3,Low Stock,0.27,24,22,2,11.1,2026-02-11,60
INV00001032,DS004,Adyar,High,P0162,Sugar 1kg,"Atta, Rice & Dal",45,High,Ambient,4,5,3,In Stock,0.63,57,53,0,6.3,2026-02-12,180
INV00001033,DS004,Adyar,High,P0163,Brown Sugar 500g,"Atta, Rice & Dal",50,High,Ambient,3,5,3,Low Stock,0.62,56,47,2,4.8,2026-02-13,150
INV00001034,DS004,Adyar,High,P0164,Jaggery Powder 500g,"Atta, Rice & Dal",65,High,Ambient,17,30,9,In Stock,0.0,0,0,0,999.0,2026-02-10,1105
INV00001035,DS004,Adyar,High,P0165,Rava Medium 500g,"Atta, Rice & Dal",35,High,Ambient,4,5,3,In Stock,0.72,65,57,0,5.6,2026-02-12,140
INV00001036,DS004,Adyar,High,P0166,Poha Thick 500g,"Atta, Rice & Dal",45,High,Ambient,4,5,3,In Stock,0.71,64,52,1,5.6,2026-02-13,180
INV00001037,DS004,Adyar,High,P0167,Sabudana 500g,"Atta, Rice & Dal",75,High,Ambient,2,5,3,Low Stock,0.7,63,57,0,2.9,2026-02-09,150
INV00001038,DS004,Adyar,High,P0168,MDH Deggi Mirch 100g,"Masala, Oil & More",85,Medium,Ambient,5,5,3,In Stock,0.31,28,26,2,16.1,2026-02-10,425
INV00001039,DS004,Adyar,High,P0169,MDH Garam Masala 100g,"Masala, Oil & More",90,High,Ambient,3,6,3,Low Stock,0.82,74,63,0,3.7,2026-02-14,270
INV00001040,DS004,Adyar,High,P0170,MDH Chana Masala 100g,"Masala, Oil & More",85,Low,Ambient,3,5,3,Low Stock,0.12,11,11,1,25.0,2026-02-12,255
INV00001041,DS004,Adyar,High,P0171,Everest Turmeric Powder 200g,"Masala, Oil & More",95,High,Ambient,3,5,3,Low Stock,0.62,56,48,1,4.8,2026-02-14,285
INV00001042,DS004,Adyar,High,P0172,Everest Red Chilli Powder 200g,"Masala, Oil & More",105,Medium,Ambient,3,5,3,Low Stock,0.32,29,23,2,9.4,2026-02-13,315
INV00001043,DS004,Adyar,High,P0173,Everest Coriander Powder 200g,"Masala, Oil & More",65,Medium,Ambient,5,5,3,In Stock,0.24,22,19,2,20.8,2026-02-12,325
INV00001044,DS004,Adyar,High,P0174,Catch Cumin Powder 100g,"Masala, Oil & More",70,High,Ambient,5,5,3,In Stock,0.63,57,51,0,7.9,2026-02-11,350
INV00001045,DS004,Adyar,High,P0175,Catch Chat Masala 100g,"Masala, Oil & More",60,High,Ambient,4,5,3,In Stock,0.72,65,52,1,5.6,2026-02-11,240
INV00001046,DS004,Adyar,High,P0176,Ching Secret Manchurian 60g,"Masala, Oil & More",65,Low,Ambient,2,5,3,Low Stock,0.13,12,12,0,15.4,2026-02-14,130
INV00001047,DS004,Adyar,High,P0177,Maggi Magic Cubes 40g,"Masala, Oil & More",20,Medium,Ambient,5,5,3,In Stock,0.4,36,33,0,12.5,2026-02-13,100
INV00001048,DS004,Adyar,High,P0178,Kissan Fresh Tomato Ketchup 900g,"Masala, Oil & More",120,High,Ambient,6,6,3,In Stock,0.9,81,67,0,6.7,2026-02-12,720
INV00001049,DS004,Adyar,High,P0179,Kissan Tomato Sauce 1kg,"Masala, Oil & More",125,High,Ambient,4,5,3,In Stock,0.69,62,55,0,5.8,2026-02-14,500
INV00001050,DS004,Adyar,High,P0180,Maggi Hot & Sweet Sauce 1kg,"Masala, Oil & More",140,High,Ambient,5,5,3,In Stock,0.62,56,46,1,8.1,2026-02-15,700
INV00001051,DS004,Adyar,High,P0181,Fortune Sunflower Oil 1L,"Masala, Oil & More",160,Low,Ambient,2,5,3,Low Stock,0.0,0,0,0,999.0,2026-02-14,320
INV00001052,DS004,Adyar,High,P0182,Fortune Refined Oil 5L,"Masala, Oil & More",750,Medium,Ambient,5,5,3,In Stock,0.3,27,23,0,16.7,2026-02-14,3750
INV00001053,DS004,Adyar,High,P0183,Sundrop Sunflower Oil 1L,"Masala, Oil & More",155,Medium,Ambient,3,5,3,Low Stock,0.18,16,15,2,16.7,2026-02-11,465
INV00001054,DS004,Adyar,High,P0184,Dhara Refined Oil 1L,"Masala, Oil & More",150,Medium,Ambient,4,5,3,In Stock,0.3,27,24,0,13.3,2026-02-13,600
INV00001055,DS004,Adyar,High,P0185,Fortune Mustard Oil 1L,"Masala, Oil & More",185,High,Ambient,5,5,3,In Stock,0.8,72,61,0,6.2,2026-02-10,925
INV00001056,DS004,Adyar,High,P0186,KS Gingelly Oil 500ml,"Masala, Oil & More",200,Medium,Ambient,2,5,3,Low Stock,0.28,25,21,2,7.1,2026-02-12,400
INV00001057,DS004,Adyar,High,P0187,Parachute Coconut Oil 500ml,"Masala, Oil & More",195,High,Ambient,4,5,3,In Stock,0.67,60,52,0,6.0,2026-02-13,780
INV00001058,DS004,Adyar,High,P0188,Saffola Gold Oil 1L,"Masala, Oil & More",250,High,Ambient,6,6,3,In Stock,0.78,70,64,1,7.7,2026-02-15,1500
INV00001059,DS004,Adyar,High,P0189,Ghee 500ml,"Masala, Oil & More",295,Low,Ambient,4,5,3,In Stock,0.13,12,11,2,30.8,2026-02-09,1180
INV00001060,DS004,Adyar,High,P0190,Amul Pure Ghee 500ml,"Masala, Oil & More",340,Medium,Ambient,3,5,3,Low Stock,0.22,20,19,1,13.6,2026-02-09,1020
INV00001061,DS004,Adyar,High,P0191,Dalda Vanaspati 1L,"Masala, Oil & More",200,High,Ambient,4,5,3,In Stock,0.71,64,54,2,5.6,2026-02-11,800
INV00001062,DS004,Adyar,High,P0192,Nutella Hazelnut Spread 350g,Sauces & Spreads,385,Medium,Ambient,4,5,3,In Stock,0.29,26,25,0,13.8,2026-02-10,1540
INV00001063,DS004,Adyar,High,P0193,Kissan Mixed Fruit Jam 500g,Sauces & Spreads,140,Medium,Ambient,4,5,3,In Stock,0.24,22,20,0,16.7,2026-02-15,560
INV00001064,DS004,Adyar,High,P0194,Kissan Pineapple Jam 500g,Sauces & Spreads,135,Medium,Ambient,2,5,3,Low Stock,0.34,31,26,0,5.9,2026-02-14,270
INV00001065,DS004,Adyar,High,P0195,Mapro Mango Jam 500g,Sauces & Spreads,155,Low,Ambient,4,5,3,In Stock,0.12,11,11,0,33.3,2026-02-15,620
INV00001066,DS004,Adyar,High,P0196,Hersheys Chocolate Syrup 623g,Sauces & Spreads,325,Medium,Ambient,4,5,3,In Stock,0.32,29,27,0,12.5,2026-02-12,1300
INV00001067,DS004,Adyar,High,P0197,Veeba Mayonnaise 250g,Sauces & Spreads,85,Low,Ambient,4,5,3,In Stock,0.11,10,9,1,36.4,2026-02-10,340
INV00001068,DS004,Adyar,High,P0198,Funfoods Peri Peri Sauce 325g,Sauces & Spreads,130,Medium,Ambient,2,5,3,Low Stock,0.42,38,33,2,4.8,2026-02-13,260
INV00001069,DS004,Adyar,High,P0199,Veeba Sandwich Spread 275g,Sauces & Spreads,90,Medium,Ambient,3,5,3,Low Stock,0.24,22,22,2,12.5,2026-02-11,270
INV00001070,DS004,Adyar,High,P0200,Ching Red Chilli Sauce 680g,Sauces & Spreads,115,Low,Ambient,3,5,3,Low Stock,0.19,17,15,0,15.8,2026-02-09,345
INV00001071,DS004,Adyar,High,P0201,Ching Green Chilli Sauce 190g,Sauces & Spreads,60,Medium,Ambient,7,14,4,In Stock,0.0,0,0,0,999.0,2026-02-15,420
INV00001072,DS004,Adyar,High,P0202,Del Monte Pasta Sauce 400g,Sauces & Spreads,145,Low,Ambient,4,5,3,In Stock,0.1,9,8,2,40.0,2026-02-12,580
INV00001073,DS004,Adyar,High,P0203,Maggi Pichkoo 90g,Sauces & Spreads,45,Medium,Ambient,2,5,3,Low Stock,0.17,15,14,1,11.8,2026-02-14,90
INV00001074,DS004,Adyar,High,P0204,Tata Tea Gold 1kg,"Tea, Coffee & Health Drinks",490,High,Ambient,3,6,3,Low Stock,0.83,75,62,1,3.6,2026-02-14,1470
INV00001075,DS004,Adyar,High,P0205,Tata Tea Premium 1kg,"Tea, Coffee & Health Drinks",460,Medium,Ambient,3,5,3,Low Stock,0.27,24,21,1,11.1,2026-02-10,1380
INV00001076,DS004,Adyar,High,P0206,Red Label Natural Care 1kg,"Tea, Coffee & Health Drinks",440,Medium,Ambient,3,5,3,Low Stock,0.44,40,35,1,6.8,2026-02-15,1320
INV00001077,DS004,Adyar,High,P0207,Brooke Bond Taj Mahal 1kg,"Tea, Coffee & Health Drinks",520,High,Ambient,5,5,3,In Stock,0.81,73,62,0,6.2,2026-02-11,2600
INV00001078,DS004,Adyar,High,P0208,Society Tea 1kg,"Tea, Coffee & Health Drinks",380,High,Ambient,2,5,3,Low Stock,0.94,85,71,1,2.1,2026-02-13,760
INV00001079,DS004,Adyar,High,P0209,Nescafe Classic 50g,"Tea, Coffee & Health Drinks",215,High,Ambient,3,5,3,Low Stock,0.83,75,65,1,3.6,2026-02-10,645
INV00001080,DS004,Adyar,High,P0210,Bru Instant Coffee 50g,"Tea, Coffee & Health Drinks",175,High,Ambient,3,7,3,Low Stock,0.9,81,70,0,3.3,2026-02-11,525
INV00001081,DS004,Adyar,High,P0211,Nescafe Sunrise Premium 50g,"Tea, Coffee & Health Drinks",145,High,Ambient,3,6,3,Low Stock,1.01,91,80,2,3.0,2026-02-10,435
INV00001082,DS004,Adyar,High,P0212,Bru Gold 100g,"Tea, Coffee & Health Drinks",345,High,Ambient,4,5,3,In Stock,0.84,76,67,1,4.8,2026-02-11,1380
INV00001083,DS004,Adyar,High,P0213,Horlicks Classic Malt 500g,"Tea, Coffee & Health Drinks",285,Medium,Ambient,4,5,3,In Stock,0.43,39,32,2,9.3,2026-02-09,1140
INV00001084,DS004,Adyar,High,P0214,Boost Health Drink 500g,"Tea, Coffee & Health Drinks",265,High,Ambient,5,6,3,In Stock,0.86,77,67,2,5.8,2026-02-12,1325
INV00001085,DS004,Adyar,High,P0215,Complan Chocolate 500g,"Tea, Coffee & Health Drinks",360,Medium,Ambient,2,5,3,Low Stock,0.47,42,36,0,4.3,2026-02-15,720
INV00001086,DS004,Adyar,High,P0216,Bournvita 500g,"Tea, Coffee & Health Drinks",250,High,Ambient,3,7,3,Low Stock,0.99,89,75,0,3.0,2026-02-12,750
INV00001087,DS004,Adyar,High,P0217,Milo 400g,"Tea, Coffee & Health Drinks",245,Medium,Ambient,2,5,3,Low Stock,0.41,37,32,2,4.9,2026-02-15,490
INV00001088,DS004,Adyar,High,P0218,Proteinex Powder 250g,"Tea, Coffee & Health Drinks",285,High,Ambient,4,6,3,In Stock,0.99,89,76,1,4.0,2026-02-14,1140
INV00001089,DS004,Adyar,High,P0219,Green Tea 100 Bags,"Tea, Coffee & Health Drinks",350,High,Ambient,2,5,3,Low Stock,0.91,82,70,1,2.2,2026-02-09,700
INV00001090,DS004,Adyar,High,P0220,Lipton Green Tea 25 Bags,"Tea, Coffee & Health Drinks",125,High,Ambient,3,6,3,Low Stock,0.84,76,62,1,3.6,2026-02-10,375
INV00001091,DS004,Adyar,High,P0221,Vim Dishwash Gel 750ml,Cleaning & Household,95,High,Ambient,5,5,3,In Stock,0.62,56,50,1,8.1,2026-02-13,475
INV00001092,DS004,Adyar,High,P0222,Vim Dishwash Bar 600g,Cleaning & Household,55,Medium,Ambient,3,5,3,Low Stock,0.26,23,20,0,11.5,2026-02-15,165
INV00001093,DS004,Adyar,High,P0223,Pril Dishwash Liquid 750ml,Cleaning & Household,105,High,Ambient,4,5,3,In Stock,0.8,72,59,2,5.0,2026-02-10,420
INV00001094,DS004,Adyar,High,P0224,Lizol Floor Cleaner 975ml,Cleaning & Household,185,Low,Ambient,4,5,3,In Stock,0.11,10,9,0,36.4,2026-02-14,740
INV00001095,DS004,Adyar,High,P0225,Harpic Toilet Cleaner 1L,Cleaning & Household,165,Medium,Ambient,4,5,3,In Stock,0.34,31,27,0,11.8,2026-02-10,660
INV00001096,DS004,Adyar,High,P0226,Domex Toilet Cleaner 1L,Cleaning & Household,135,High,Ambient,2,5,3,Low Stock,0.66,59,55,0,3.0,2026-02-09,270
INV00001097,DS004,Adyar,High,P0227,Colin Glass Cleaner 500ml,Cleaning & Household,155,Medium,Ambient,4,5,3,In Stock,0.27,24,22,1,14.8,2026-02-13,620
INV00001098,DS004,Adyar,High,P0228,Surf Excel Matic 2kg,Cleaning & Household,365,Low,Ambient,2,5,3,Low Stock,0.13,12,10,2,15.4,2026-02-11,730
INV00001099,DS004,Adyar,High,P0229,Ariel Matic 2kg,Cleaning & Household,395,Medium,Ambient,4,5,3,In Stock,0.38,34,31,1,10.5,2026-02-10,1580
INV00001100,DS004,Adyar,High,P0230,Tide Plus 2kg,Cleaning & Household,285,High,Ambient,3,5,3,Low Stock,0.71,64,56,2,4.2,2026-02-15,855
INV00001101,DS004,Adyar,High,P0231,Comfort Fabric Conditioner 860ml,Cleaning & Household,195,Medium,Ambient,4,5,3,In Stock,0.28,25,21,2,14.3,2026-02-15,780
INV00001102,DS004,Adyar,High,P0232,Rin Detergent Bar 250g,Cleaning & Household,35,Medium,Ambient,5,5,3,In Stock,0.28,25,24,0,17.9,2026-02-09,175
INV00001103,DS004,Adyar,High,P0233,Godrej aer Spray 240ml,Cleaning & Household,199,Low,Ambient,2,5,3,Low Stock,0.11,10,9,2,18.2,2026-02-13,398
INV00001104,DS004,Adyar,High,P0234,Good Knight Activ+ Refill 45ml,Cleaning & Household,115,High,Ambient,3,5,3,Low Stock,0.5,45,42,2,6.0,2026-02-14,345
INV00001105,DS004,Adyar,High,P0235,All Out Refill 45ml,Cleaning & Household,95,High,Ambient,11,23,6,In Stock,0.0,0,0,0,999.0,2026-02-10,1045
INV00001106,DS004,Adyar,High,P0236,Mortein Insect Spray 425ml,Cleaning & Household,225,Medium,Ambient,3,5,3,Low Stock,0.26,23,20,0,11.5,2026-02-14,675
INV00001107,DS004,Adyar,High,P0237,Hit Cockroach Killer 625ml,Cleaning & Household,245,High,Ambient,5,5,3,In Stock,0.73,66,56,0,6.8,2026-02-15,1225
INV00001108,DS004,Adyar,High,P0238,Scotch Brite Scrub Pad 3pc,Cleaning & Household,75,High,Ambient,2,5,3,Low Stock,0.5,45,41,2,4.0,2026-02-13,150
INV00001109,DS004,Adyar,High,P0239,Savlon Handwash 750ml,Cleaning & Household,135,High,Ambient,5,5,3,In Stock,0.8,72,63,2,6.2,2026-02-14,675
INV00001110,DS004,Adyar,High,P0240,Dettol Handwash 750ml,Cleaning & Household,155,Low,Ambient,5,5,3,In Stock,0.09,8,7,0,55.6,2026-02-11,775
INV00001111,DS004,Adyar,High,P0241,Origami Tissues 100 Pulls,Cleaning & Household,45,Medium,Ambient,5,5,3,In Stock,0.31,28,25,2,16.1,2026-02-14,225
INV00001112,DS004,Adyar,High,P0242,Dettol Soap 125g (4 pack),Personal Care,145,High,Ambient,4,5,3,In Stock,0.72,65,55,0,5.6,2026-02-10,580
INV00001113,DS004,Adyar,High,P0243,Lifebuoy Soap 125g (4 pack),Personal Care,115,High,Ambient,5,5,3,In Stock,0.77,69,58,1,6.5,2026-02-11,575
INV00001114,DS004,Adyar,High,P0244,Dove Soap 125g (3 pack),Personal Care,180,Medium,Ambient,5,5,3,In Stock,0.27,24,22,1,18.5,2026-02-15,900
INV00001115,DS004,Adyar,High,P0245,Pears Soap 125g (3 pack),Personal Care,150,High,Ambient,18,17,5,In Stock,0.0,0,0,0,999.0,2026-02-13,2700
INV00001116,DS004,Adyar,High,P0246,Lux Soap 125g (3 pack),Personal Care,125,High,Ambient,3,5,3,Low Stock,0.61,55,52,1,4.9,2026-02-09,375
INV00001117,DS004,Adyar,High,P0247,Clinic Plus Shampoo 650ml,Personal Care,265,Low,Ambient,4,5,3,In Stock,0.12,11,8,1,33.3,2026-02-12,1060
INV00001118,DS004,Adyar,High,P0248,Pantene Shampoo 650ml,Personal Care,385,High,Ambient,4,5,3,In Stock,0.68,61,50,2,5.9,2026-02-09,1540
INV00001119,DS004,Adyar,High,P0249,Dove Shampoo 650ml,Personal Care,425,Medium,Ambient,3,5,3,Low Stock,0.26,23,21,0,11.5,2026-02-14,1275
INV00001120,DS004,Adyar,High,P0250,Head & Shoulders 650ml,Personal Care,485,High,Ambient,5,5,3,In Stock,0.76,68,60,1,6.6,2026-02-13,2425
INV00001121,DS004,Adyar,High,P0251,Sunsilk Shampoo 650ml,Personal Care,295,High,Ambient,4,5,3,In Stock,0.63,57,50,0,6.3,2026-02-10,1180
INV00001122,DS004,Adyar,High,P0252,Colgate Total 300g,Personal Care,185,Medium,Ambient,5,5,3,In Stock,0.29,26,22,1,17.2,2026-02-09,925
INV00001123,DS004,Adyar,High,P0253,Colgate Maxfresh 150g,Personal Care,105,High,Ambient,4,5,3,In Stock,0.77,69,60,0,5.2,2026-02-13,420
INV00001124,DS004,Adyar,High,P0254,Pepsodent 200g,Personal Care,85,High,Ambient,4,5,3,In Stock,0.68,61,52,2,5.9,2026-02-11,340
INV00001125,DS004,Adyar,High,P0255,Sensodyne Toothpaste 150g,Personal Care,265,Medium,Ambient,5,5,3,In Stock,0.32,29,27,2,15.6,2026-02-13,1325
INV00001126,DS004,Adyar,High,P0256,Oral B Toothbrush,Personal Care,95,High,Ambient,14,27,8,In Stock,0.0,0,0,0,999.0,2026-02-10,1330
INV00001127,DS004,Adyar,High,P0257,Gillette Shaving Cream 418g,Personal Care,265,Medium,Ambient,2,5,3,Low Stock,0.27,24,22,1,7.4,2026-02-14,530
INV00001128,DS004,Adyar,High,P0258,Gillette Mach 3 Razor,Personal Care,285,High,Ambient,4,5,3,In Stock,0.88,79,67,2,4.5,2026-02-12,1140
INV00001129,DS004,Adyar,High,P0259,Veet Hair Removal Cream 100g,Personal Care,215,High,Ambient,2,5,3,Low Stock,0.73,66,55,2,2.7,2026-02-12,430
INV00001130,DS004,Adyar,High,P0260,Nivea Body Lotion 400ml,Personal Care,295,High,Ambient,2,5,3,Low Stock,0.64,58,50,0,3.1,2026-02-12,590
INV00001131,DS004,Adyar,High,P0261,Vaseline Petroleum Jelly 100ml,Personal Care,105,High,Ambient,4,5,3,In Stock,0.63,57,50,1,6.3,2026-02-10,420
INV00001132,DS004,Adyar,High,P0262,Ponds Face Cream 100ml,Personal Care,235,Medium,Ambient,3,5,3,Low Stock,0.4,36,29,1,7.5,2026-02-12,705
INV00001133,DS004,Adyar,High,P0263,Fair & Lovely 80g,Personal Care,175,High,Ambient,2,5,3,Low Stock,0.66,59,52,0,3.0,2026-02-12,350
INV00001134,DS004,Adyar,High,P0264,Garnier Face Wash 100g,Personal Care,145,Medium,Ambient,4,5,3,In Stock,0.36,32,30,2,11.1,2026-02-15,580
INV00001135,DS004,Adyar,High,P0265,Lakmé Face Cream 60g,Personal Care,295,High,Ambient,5,5,3,In Stock,0.76,68,61,2,6.6,2026-02-15,1475
INV00001136,DS004,Adyar,High,P0266,Johnson Baby Powder 400g,Personal Care,285,High,Ambient,3,5,3,Low Stock,0.49,44,40,0,6.1,2026-02-09,855
INV00001137,DS004,Adyar,High,P0267,Dettol Handwash Refill 750ml,Personal Care,145,High,Ambient,4,5,3,In Stock,0.68,61,51,1,5.9,2026-02-15,580
INV00001138,DS004,Adyar,High,P0268,Savlon Antiseptic Liquid 500ml,Personal Care,165,High,Ambient,11,24,7,In Stock,0.0,0,0,0,999.0,2026-02-10,1815
INV00001139,DS004,Adyar,High,P0269,Band Aid 10pc,Personal Care,55,Medium,Ambient,2,5,3,Low Stock,0.37,33,27,0,5.4,2026-02-13,110
INV00001140,DS004,Adyar,High,P0270,Vicks VapoRub 50ml,Personal Care,145,High,Ambient,2,5,3,Low Stock,0.62,56,53,1,3.2,2026-02-10,290
INV00001141,DS004,Adyar,High,P0271,Dettol Antiseptic Liquid 550ml,Personal Care,195,High,Ambient,5,5,3,In Stock,0.68,61,55,0,7.4,2026-02-12,975
INV00001142,DS004,Adyar,High,P0272,Cotton Buds 100pc,Personal Care,45,High,Ambient,2,5,3,Low Stock,0.59,53,49,0,3.4,2026-02-11,90
INV00001143,DS004,Adyar,High,P0273,Whisper Ultra XL 15 Pads,Personal Care,185,Medium,Ambient,2,5,3,Low Stock,0.32,29,26,2,6.2,2026-02-11,370
INV00001144,DS004,Adyar,High,P0274,Stayfree Secure XL 20 Pads,Personal Care,195,High,Ambient,4,5,3,In Stock,0.78,70,58,1,5.1,2026-02-14,780
INV00001145,DS004,Adyar,High,P0275,Sanfe Sanitary Napkins 10pc,Personal Care,155,Medium,Ambient,2,5,3,Low Stock,0.19,17,14,1,10.5,2026-02-10,310
INV00001146,DS004,Adyar,High,P0276,Pampers Baby Diapers S 20pc,Baby Care,495,Low,Ambient,2,5,3,Low Stock,0.11,10,10,1,18.2,2026-02-15,990
INV00001147,DS004,Adyar,High,P0277,Pampers Baby Diapers M 18pc,Baby Care,595,Medium,Ambient,5,5,3,In Stock,0.3,27,24,2,16.7,2026-02-10,2975
INV00001148,DS004,Adyar,High,P0278,Pampers Baby Diapers L 16pc,Baby Care,695,Low,Ambient,4,5,3,In Stock,0.13,12,12,0,30.8,2026-02-14,2780
INV00001149,DS004,Adyar,High,P0279,Huggies Diapers S 22pc,Baby Care,485,Medium,Ambient,2,5,3,Low Stock,0.33,30,28,0,6.1,2026-02-09,970
INV00001150,DS004,Adyar,High,P0280,Mamy Poko Pants M 20pc,Baby Care,575,Medium,Ambient,2,5,3,Low Stock,0.28,25,23,0,7.1,2026-02-12,1150
INV00001151,DS004,Adyar,High,P0281,Johnson Baby Soap 100g,Baby Care,55,Medium,Ambient,5,5,3,In Stock,0.31,28,25,2,16.1,2026-02-13,275
INV00001152,DS004,Adyar,High,P0282,Johnson Baby Shampoo 200ml,Baby Care,175,Medium,Ambient,2,5,3,Low Stock,0.22,20,18,0,9.1,2026-02-11,350
INV00001153,DS004,Adyar,High,P0283,Johnson Baby Lotion 200ml,Baby Care,195,Low,Ambient,4,5,3,In Stock,0.14,13,11,2,28.6,2026-02-11,780
INV00001154,DS004,Adyar,High,P0284,Johnson Baby Powder 200g,Baby Care,185,Low,Ambient,5,5,3,In Stock,0.2,18,16,0,25.0,2026-02-10,925
INV00001155,DS004,Adyar,High,P0285,Himalaya Baby Lotion 200ml,Baby Care,165,Low,Ambient,4,5,3,In Stock,0.11,10,9,1,36.4,2026-02-13,660
INV00001156,DS004,Adyar,High,P0286,Cerelac Wheat 300g,Baby Care,185,Low,Ambient,5,5,3,In Stock,0.07,6,6,0,71.4,2026-02-12,925
INV00001157,DS004,Adyar,High,P0287,Cerelac Multi Grain 300g,Baby Care,195,Medium,Ambient,5,5,3,In Stock,0.31,28,26,2,16.1,2026-02-10,975
INV00001158,DS004,Adyar,High,P0288,Lactogen 1 (0-6 months) 400g,Baby Care,495,Medium,Ambient,2,5,3,Low Stock,0.36,32,26,2,5.6,2026-02-15,990
INV00001159,DS004,Adyar,High,P0289,Farex Baby Food 300g,Baby Care,175,Medium,Ambient,2,5,3,Low Stock,0.22,20,17,0,9.1,2026-02-12,350
INV00001160,DS004,Adyar,High,P0290,Himalaya Baby Wipes 72pc,Baby Care,165,Medium,Ambient,2,5,3,Low Stock,0.32,29,24,0,6.2,2026-02-14,330
INV00001161,DS005,Perungudi,Very High,P0001,Amul Taaza Toned Milk 500ml,"Dairy, Bread & Eggs",28,High,Refrigerated,13,14,4,In Stock,2.03,183,114,4,6.4,2026-02-14,364
INV00001162,DS005,Perungudi,Very High,P0002,Amul Taaza Toned Milk 1L,"Dairy, Bread & Eggs",56,High,Refrigerated,19,21,6,In Stock,2.39,215,144,3,7.9,2026-02-09,1064
INV00001163,DS005,Perungudi,Very High,P0003,Amul Gold Full Cream Milk 500ml,"Dairy, Bread & Eggs",32,High,Refrigerated,11,16,4,In Stock,2.47,222,149,2,4.5,2026-02-14,352
INV00001164,DS005,Perungudi,Very High,P0004,Amul Gold Full Cream Milk 1L,"Dairy, Bread & Eggs",64,High,Refrigerated,16,17,5,In Stock,2.4,216,138,2,6.7,2026-02-12,1024
INV00001165,DS005,Perungudi,Very High,P0005,Heritage Fresh Milk 500ml,"Dairy, Bread & Eggs",30,High,Refrigerated,16,16,4,In Stock,2.38,214,151,2,6.7,2026-02-10,480
INV00001166,DS005,Perungudi,Very High,P0006,Nandini Milk 500ml,"Dairy, Bread & Eggs",26,Medium,Refrigerated,2,5,3,Low Stock,1.0,90,59,2,2.0,2026-02-11,52
INV00001167,DS005,Perungudi,Very High,P0007,Amul Fresh Cream 250ml,"Dairy, Bread & Eggs",85,High,Refrigerated,13,13,3,In Stock,2.02,182,121,1,6.4,2026-02-14,1105
INV00001168,DS005,Perungudi,Very High,P0008,Amul Masti Curd 400g,"Dairy, Bread & Eggs",32,High,Refrigerated,6,15,4,In Stock,2.16,194,130,3,2.8,2026-02-14,192
INV00001169,DS005,Perungudi,Very High,P0009,Mother Dairy Curd 400g,"Dairy, Bread & Eggs",30,High,Refrigerated,8,16,4,In Stock,2.44,220,144,1,3.3,2026-02-12,240
INV00001170,DS005,Perungudi,Very High,P0010,Nestle Dahi 400g,"Dairy, Bread & Eggs",35,High,Refrigerated,9,22,6,In Stock,2.49,224,148,4,3.6,2026-02-10,315
INV00001171,DS005,Perungudi,Very High,P0011,Amul Salted Butter 100g,"Dairy, Bread & Eggs",56,High,Refrigerated,7,15,4,In Stock,2.16,194,132,2,3.2,2026-02-14,392
INV00001172,DS005,Perungudi,Very High,P0012,Amul Salted Butter 500g,"Dairy, Bread & Eggs",270,Medium,Refrigerated,2,5,3,Low Stock,0.89,80,50,1,2.2,2026-02-15,540
INV00001173,DS005,Perungudi,Very High,P0013,Britannia Butter 100g,"Dairy, Bread & Eggs",54,High,Refrigerated,12,17,5,In Stock,2.38,214,140,3,5.0,2026-02-10,648
INV00001174,DS005,Perungudi,Very High,P0014,Amul Cheese Slices 200g,"Dairy, Bread & Eggs",130,Medium,Refrigerated,3,5,3,Low Stock,0.84,76,51,2,3.6,2026-02-13,390
INV00001175,DS005,Perungudi,Very High,P0015,Britannia Cheese Slices 200g,"Dairy, Bread & Eggs",125,Medium,Refrigerated,5,5,3,In Stock,0.83,75,49,1,6.0,2026-02-14,625
INV00001176,DS005,Perungudi,Very High,P0016,Amul Processed Cheese Block 200g,"Dairy, Bread & Eggs",110,High,Refrigerated,13,13,3,In Stock,2.07,186,131,4,6.3,2026-02-10,1430
INV00001177,DS005,Perungudi,Very High,P0017,Mother Dairy Paneer 200g,"Dairy, Bread & Eggs",95,Medium,Refrigerated,2,5,3,Low Stock,0.89,80,52,1,2.2,2026-02-09,190
INV00001178,DS005,Perungudi,Very High,P0018,Amul Fresh Paneer 200g,"Dairy, Bread & Eggs",90,High,Refrigerated,16,22,6,In Stock,2.52,227,153,4,6.3,2026-02-14,1440
INV00001179,DS005,Perungudi,Very High,P0019,Nandini Paneer 200g,"Dairy, Bread & Eggs",85,High,Refrigerated,11,17,5,In Stock,2.03,183,125,2,5.4,2026-02-14,935
INV00001180,DS005,Perungudi,Very High,P0020,Farm Fresh White Eggs 6 pcs,"Dairy, Bread & Eggs",48,High,Refrigerated,21,19,5,In Stock,2.29,206,139,2,9.2,2026-02-12,1008
INV00001181,DS005,Perungudi,Very High,P0021,Farm Fresh Brown Eggs 6 pcs,"Dairy, Bread & Eggs",60,High,Refrigerated,19,21,6,In Stock,2.43,219,145,1,7.8,2026-02-10,1140
INV00001182,DS005,Perungudi,Very High,P0022,Farm Fresh White Eggs 10 pcs,"Dairy, Bread & Eggs",75,High,Refrigerated,11,16,4,In Stock,2.22,200,139,2,5.0,2026-02-15,825
INV00001183,DS005,Perungudi,Very High,P0023,Amul Kool Milk Drink 200ml,"Dairy, Bread & Eggs",20,High,Refrigerated,11,20,6,In Stock,2.27,204,134,3,4.8,2026-02-11,220
INV00001184,DS005,Perungudi,Very High,P0024,Amul Lassi 200ml,"Dairy, Bread & Eggs",25,High,Refrigerated,14,15,4,In Stock,2.12,191,126,1,6.6,2026-02-15,350
INV00001185,DS005,Perungudi,Very High,P0025,Mother Dairy Mishti Doi 400g,"Dairy, Bread & Eggs",42,Medium,Refrigerated,4,5,3,In Stock,1.06,95,60,0,3.8,2026-02-15,168
INV00001186,DS005,Perungudi,Very High,P0026,Britannia Bread Large,"Dairy, Bread & Eggs",40,High,Refrigerated,16,17,5,In Stock,2.14,193,131,4,7.5,2026-02-12,640
INV00001187,DS005,Perungudi,Very High,P0027,Modern Bread Sandwich,"Dairy, Bread & Eggs",45,Medium,Refrigerated,5,5,3,In Stock,1.0,90,63,0,5.0,2026-02-13,225
INV00001188,DS005,Perungudi,Very High,P0028,Harvest Gold Bread,"Dairy, Bread & Eggs",42,High,Refrigerated,12,19,5,In Stock,2.44,220,145,3,4.9,2026-02-11,504
INV00001189,DS005,Perungudi,Very High,P0029,English Oven Brown Bread,"Dairy, Bread & Eggs",50,High,Refrigerated,15,18,5,In Stock,0.0,0,0,0,999.0,2026-02-09,750
INV00001190,DS005,Perungudi,Very High,P0030,Onion 1kg,Fruits & Vegetables,35,High,Ambient,7,8,3,In Stock,0.99,89,89,0,7.1,2026-02-13,245
INV00001191,DS005,Perungudi,Very High,P0031,Tomato 1kg,Fruits & Vegetables,45,High,Ambient,6,11,3,In Stock,1.38,124,124,1,4.3,2026-02-09,270
INV00001192,DS005,Perungudi,Very High,P0032,Potato 1kg,Fruits & Vegetables,28,High,Ambient,11,10,3,In Stock,1.43,129,129,0,7.7,2026-02-11,308
INV00001193,DS005,Perungudi,Very High,P0033,Green Chilli 100g,Fruits & Vegetables,15,High,Ambient,5,10,3,In Stock,1.18,106,106,1,4.2,2026-02-09,75
INV00001194,DS005,Perungudi,Very High,P0034,Ginger 200g,Fruits & Vegetables,40,High,Ambient,7,9,3,In Stock,1.3,117,117,1,5.4,2026-02-15,280
INV00001195,DS005,Perungudi,Very High,P0035,Garlic 250g,Fruits & Vegetables,55,High,Ambient,11,11,3,In Stock,1.3,117,117,1,8.5,2026-02-10,605
INV00001196,DS005,Perungudi,Very High,P0036,Coriander Leaves 100g,Fruits & Vegetables,15,High,Refrigerated,4,7,3,In Stock,1.04,94,94,0,3.8,2026-02-13,60
INV00001197,DS005,Perungudi,Very High,P0037,Curry Leaves 100g,Fruits & Vegetables,20,High,Refrigerated,7,9,3,In Stock,1.43,129,129,1,4.9,2026-02-14,140
INV00001198,DS005,Perungudi,Very High,P0038,Lemon 250g (4-5pcs),Fruits & Vegetables,25,High,Ambient,4,9,3,In Stock,1.22,110,110,1,3.3,2026-02-13,100
INV00001199,DS005,Perungudi,Very High,P0039,Carrot 500g,Fruits & Vegetables,30,High,Ambient,10,10,3,In Stock,1.12,101,101,2,8.9,2026-02-14,300
INV00001200,DS005,Perungudi,Very High,P0040,Beans 500g,Fruits & Vegetables,45,High,Ambient,11,11,3,In Stock,1.34,121,121,0,8.2,2026-02-14,495
INV00001201,DS005,Perungudi,Very High,P0041,Capsicum Green 500g,Fruits & Vegetables,50,High,Ambient,6,10,3,In Stock,1.13,102,102,2,5.3,2026-02-14,300
INV00001202,DS005,Perungudi,Very High,P0042,Cabbage 1pc,Fruits & Vegetables,35,High,Ambient,5,8,3,In Stock,1.28,115,115,1,3.9,2026-02-09,175
INV00001203,DS005,Perungudi,Very High,P0043,Cauliflower 1pc,Fruits & Vegetables,40,High,Ambient,8,8,3,In Stock,1.23,111,111,0,6.5,2026-02-11,320
INV00001204,DS005,Perungudi,Very High,P0044,Brinjal 500g,Fruits & Vegetables,35,High,Ambient,7,10,3,In Stock,1.24,112,112,2,5.6,2026-02-15,245
INV00001205,DS005,Perungudi,Very High,P0045,Ladies Finger 500g,Fruits & Vegetables,40,High,Ambient,9,8,3,In Stock,1.23,111,111,2,7.3,2026-02-09,360
INV00001206,DS005,Perungudi,Very High,P0046,Beetroot 500g,Fruits & Vegetables,35,High,Ambient,9,10,3,In Stock,1.26,113,113,0,7.1,2026-02-11,315
INV00001207,DS005,Perungudi,Very High,P0047,Radish White 500g,Fruits & Vegetables,30,High,Ambient,9,9,3,In Stock,1.16,104,104,1,7.8,2026-02-13,270
INV00001208,DS005,Perungudi,Very High,P0048,Bottle Gourd 1pc,Fruits & Vegetables,35,High,Ambient,3,8,3,Low Stock,1.23,111,111,1,2.4,2026-02-09,105
INV00001209,DS005,Perungudi,Very High,P0049,Bitter Gourd 500g,Fruits & Vegetables,45,High,Ambient,11,10,3,In Stock,1.36,122,122,1,8.1,2026-02-10,495
INV00001210,DS005,Perungudi,Very High,P0050,Banana Robusta 6pcs,Fruits & Vegetables,35,High,Ambient,3,8,3,Low Stock,1.19,107,107,0,2.5,2026-02-11,105
INV00001211,DS005,Perungudi,Very High,P0051,Apple Shimla 4pcs,Fruits & Vegetables,140,High,Ambient,6,9,3,In Stock,1.22,110,110,1,4.9,2026-02-12,840
INV00001212,DS005,Perungudi,Very High,P0052,Pomegranate 1pc,Fruits & Vegetables,85,High,Ambient,3,7,3,Low Stock,1.07,96,96,0,2.8,2026-02-13,255
INV00001213,DS005,Perungudi,Very High,P0053,Orange 500g,Fruits & Vegetables,50,High,Ambient,13,12,3,In Stock,1.42,128,128,2,9.2,2026-02-15,650
INV00001214,DS005,Perungudi,Very High,P0054,Sweet Lime 500g,Fruits & Vegetables,45,High,Ambient,9,9,3,In Stock,1.42,128,128,2,6.3,2026-02-15,405
INV00001215,DS005,Perungudi,Very High,P0055,Watermelon 1pc (3-4kg),Fruits & Vegetables,80,High,Ambient,8,8,3,In Stock,1.03,93,93,1,7.8,2026-02-14,640
INV00001216,DS005,Perungudi,Very High,P0056,Papaya 1pc,Fruits & Vegetables,45,High,Ambient,9,9,3,In Stock,1.31,118,118,1,6.9,2026-02-14,405
INV00001217,DS005,Perungudi,Very High,P0057,Grapes Green 500g,Fruits & Vegetables,90,High,Ambient,11,11,3,In Stock,1.42,128,128,1,7.7,2026-02-13,990
INV00001218,DS005,Perungudi,Very High,P0058,Mango (Seasonal),Fruits & Vegetables,120,High,Ambient,5,11,3,In Stock,1.27,114,114,1,3.9,2026-02-13,600
INV00001219,DS005,Perungudi,Very High,P0059,Pineapple 1pc,Fruits & Vegetables,55,High,Ambient,6,9,3,In Stock,1.23,111,111,0,4.9,2026-02-12,330
INV00001220,DS005,Perungudi,Very High,P0060,Coca Cola 750ml,Cold Drinks & Juices,40,High,Refrigerated,18,16,4,In Stock,2.1,189,124,3,8.6,2026-02-13,720
INV00001221,DS005,Perungudi,Very High,P0061,Coca Cola 2.25L,Cold Drinks & Juices,95,Medium,Refrigerated,5,5,3,In Stock,0.96,86,55,1,5.2,2026-02-15,475
INV00001222,DS005,Perungudi,Very High,P0062,Pepsi 750ml,Cold Drinks & Juices,40,Medium,Refrigerated,2,5,3,Low Stock,0.66,59,38,2,3.0,2026-02-12,80
INV00001223,DS005,Perungudi,Very High,P0063,Pepsi 2L,Cold Drinks & Juices,90,High,Refrigerated,8,18,5,In Stock,2.36,212,136,2,3.4,2026-02-13,720
INV00001224,DS005,Perungudi,Very High,P0064,Sprite 750ml,Cold Drinks & Juices,40,Medium,Refrigerated,3,5,3,Low Stock,0.93,84,58,2,3.2,2026-02-11,120
INV00001225,DS005,Perungudi,Very High,P0065,Thumbs Up 750ml,Cold Drinks & Juices,40,Medium,Refrigerated,3,5,3,Low Stock,0.64,58,35,1,4.7,2026-02-11,120
INV00001226,DS005,Perungudi,Very High,P0066,Fanta 750ml,Cold Drinks & Juices,40,High,Refrigerated,12,13,3,In Stock,1.89,170,111,2,6.3,2026-02-10,480
INV00001227,DS005,Perungudi,Very High,P0067,Mountain Dew 750ml,Cold Drinks & Juices,40,High,Refrigerated,15,16,4,In Stock,2.07,186,120,2,7.2,2026-02-11,600
INV00001228,DS005,Perungudi,Very High,P0068,Thums Up 2.25L,Cold Drinks & Juices,95,High,Refrigerated,11,20,6,In Stock,2.4,216,144,3,4.6,2026-02-10,1045
INV00001229,DS005,Perungudi,Very High,P0069,Bisleri Water 1L,Cold Drinks & Juices,20,High,Ambient,8,15,4,In Stock,2.09,188,128,1,3.8,2026-02-15,160
INV00001230,DS005,Perungudi,Very High,P0070,Bisleri Water 2L,Cold Drinks & Juices,35,High,Ambient,14,13,3,In Stock,2.12,191,133,2,6.6,2026-02-10,490
INV00001231,DS005,Perungudi,Very High,P0071,Kinley Water 1L,Cold Drinks & Juices,20,High,Ambient,7,16,4,In Stock,1.9,171,113,0,3.7,2026-02-10,140
INV00001232,DS005,Perungudi,Very High,P0072,Aquafina Water 1L,Cold Drinks & Juices,20,Medium,Ambient,2,6,3,Low Stock,0.99,89,62,2,2.0,2026-02-15,40
INV00001233,DS005,Perungudi,Very High,P0073,Red Bull Energy Drink 250ml,Cold Drinks & Juices,125,Medium,Refrigerated,3,5,3,Low Stock,0.56,50,37,2,5.4,2026-02-13,375
INV00001234,DS005,Perungudi,Very High,P0074,Sting Energy Drink 250ml,Cold Drinks & Juices,20,Medium,Refrigerated,3,6,3,Low Stock,1.16,104,60,2,2.6,2026-02-13,60
INV00001235,DS005,Perungudi,Very High,P0075,Monster Energy Drink 500ml,Cold Drinks & Juices,150,Medium,Refrigerated,3,5,3,Low Stock,0.71,64,48,1,4.2,2026-02-13,450
INV00001236,DS005,Perungudi,Very High,P0076,Real Fruit Juice Mixed Fruit 1L,Cold Drinks & Juices,130,Medium,Refrigerated,5,5,3,In Stock,0.87,78,52,0,5.7,2026-02-10,650
INV00001237,DS005,Perungudi,Very High,P0077,Real Fruit Juice Mango 1L,Cold Drinks & Juices,130,High,Refrigerated,14,17,5,In Stock,2.09,188,128,1,6.7,2026-02-11,1820
INV00001238,DS005,Perungudi,Very High,P0078,Tropicana Orange 1L,Cold Drinks & Juices,145,High,Refrigerated,8,17,5,In Stock,2.31,208,136,1,3.5,2026-02-11,1160
INV00001239,DS005,Perungudi,Very High,P0079,Tropicana Mixed Fruit 1L,Cold Drinks & Juices,145,High,Refrigerated,20,26,7,In Stock,0.0,0,0,0,999.0,2026-02-11,2900
INV00001240,DS005,Perungudi,Very High,P0080,Minute Maid Pulpy Orange 400ml,Cold Drinks & Juices,45,Medium,Refrigerated,4,5,3,In Stock,0.78,70,47,0,5.1,2026-02-09,180
INV00001241,DS005,Perungudi,Very High,P0081,Frooti Mango Drink 160ml,Cold Drinks & Juices,10,High,Refrigerated,9,16,4,In Stock,2.04,184,126,4,4.4,2026-02-11,90
INV00001242,DS005,Perungudi,Very High,P0082,Frooti Mango Drink 1.2L,Cold Drinks & Juices,60,High,Refrigerated,13,13,3,In Stock,1.78,160,102,2,7.3,2026-02-13,780
INV00001243,DS005,Perungudi,Very High,P0083,Maaza Mango Drink 1.2L,Cold Drinks & Juices,60,High,Refrigerated,12,13,3,In Stock,1.82,164,110,1,6.6,2026-02-12,720
INV00001244,DS005,Perungudi,Very High,P0084,Paper Boat Aam Panna 250ml,Cold Drinks & Juices,40,Medium,Refrigerated,2,5,3,Low Stock,0.79,71,45,0,2.5,2026-02-14,80
INV00001245,DS005,Perungudi,Very High,P0085,Paper Boat Jaljeera 250ml,Cold Drinks & Juices,40,High,Refrigerated,11,13,3,In Stock,1.94,175,121,1,5.7,2026-02-15,440
INV00001246,DS005,Perungudi,Very High,P0086,Rasna Orange 750ml,Cold Drinks & Juices,35,High,Refrigerated,7,13,3,In Stock,1.67,150,99,2,4.2,2026-02-13,245
INV00001247,DS005,Perungudi,Very High,P0087,Tang Instant Drink 750g,Cold Drinks & Juices,320,Medium,Refrigerated,5,5,3,In Stock,0.98,88,54,1,5.1,2026-02-09,1600
INV00001248,DS005,Perungudi,Very High,P0088,Nestle Iced Tea Lemon 500ml,Cold Drinks & Juices,40,High,Refrigerated,15,16,4,In Stock,1.99,179,112,2,7.5,2026-02-10,600
INV00001249,DS005,Perungudi,Very High,P0089,Lays Classic Salted 50g,Snacks & Munchies,20,High,Ambient,11,13,3,In Stock,1.66,149,128,1,6.6,2026-02-13,220
INV00001250,DS005,Perungudi,Very High,P0090,Lays Classic Salted 90g,Snacks & Munchies,35,Medium,Ambient,2,5,3,Low Stock,0.64,58,53,1,3.1,2026-02-15,70
INV00001251,DS005,Perungudi,Very High,P0091,Lays American Style Cream & Onion 50g,Snacks & Munchies,20,High,Ambient,9,11,3,In Stock,1.66,149,131,0,5.4,2026-02-13,180
INV00001252,DS005,Perungudi,Very High,P0092,Kurkure Masala Munch 90g,Snacks & Munchies,20,High,Ambient,10,11,3,In Stock,1.62,146,125,0,6.2,2026-02-14,200
INV00001253,DS005,Perungudi,Very High,P0093,Kurkure Solid Masti 90g,Snacks & Munchies,20,Medium,Ambient,13,15,4,In Stock,0.0,0,0,0,999.0,2026-02-12,260
INV00001254,DS005,Perungudi,Very High,P0094,Bingo Mad Angles 72g,Snacks & Munchies,20,High,Ambient,6,12,3,In Stock,1.48,133,115,1,4.1,2026-02-11,120
INV00001255,DS005,Perungudi,Very High,P0095,Doritos Nacho Cheese 150g,Snacks & Munchies,75,High,Ambient,11,11,3,In Stock,1.54,139,116,2,7.1,2026-02-12,825
INV00001256,DS005,Perungudi,Very High,P0096,Pringles Original 107g,Snacks & Munchies,130,High,Ambient,5,9,3,In Stock,1.48,133,115,1,3.4,2026-02-12,650
INV00001257,DS005,Perungudi,Very High,P0097,Haldirams Aloo Bhujia 200g,Snacks & Munchies,50,High,Ambient,13,14,4,In Stock,1.68,151,130,1,7.7,2026-02-14,650
INV00001258,DS005,Perungudi,Very High,P0098,Haldirams Moong Dal 200g,Snacks & Munchies,55,High,Ambient,10,13,3,In Stock,1.53,138,116,0,6.5,2026-02-14,550
INV00001259,DS005,Perungudi,Very High,P0099,Haldirams Sev Bhujia 400g,Snacks & Munchies,95,High,Ambient,10,13,3,In Stock,1.62,146,129,1,6.2,2026-02-09,950
INV00001260,DS005,Perungudi,Very High,P0100,Bikaji Bhujia 200g,Snacks & Munchies,48,High,Ambient,10,12,3,In Stock,1.48,133,116,0,6.8,2026-02-14,480
INV00001261,DS005,Perungudi,Very High,P0101,Parle G Biscuits 376g,Snacks & Munchies,40,High,Ambient,11,13,3,In Stock,1.67,150,129,2,6.6,2026-02-15,440
INV00001262,DS005,Perungudi,Very High,P0102,Britannia Good Day Butter 600g,Snacks & Munchies,80,High,Ambient,6,11,3,In Stock,1.62,146,129,2,3.7,2026-02-13,480
INV00001263,DS005,Perungudi,Very High,P0103,Britannia Marie Gold 250g,Snacks & Munchies,32,High,Ambient,11,13,3,In Stock,1.78,160,138,1,6.2,2026-02-09,352
INV00001264,DS005,Perungudi,Very High,P0104,Sunfeast Dark Fantasy 300g,Snacks & Munchies,110,High,Ambient,10,11,3,In Stock,1.57,141,128,0,6.4,2026-02-10,1100
INV00001265,DS005,Perungudi,Very High,P0105,Oreo Original 300g,Snacks & Munchies,40,High,Ambient,14,13,3,In Stock,1.72,155,132,2,8.1,2026-02-11,560
INV00001266,DS005,Perungudi,Very High,P0106,Hide & Seek 240g,Snacks & Munchies,50,High,Ambient,6,11,3,In Stock,1.74,157,135,2,3.4,2026-02-15,300
INV00001267,DS005,Perungudi,Very High,P0107,Monaco Classic 200g,Snacks & Munchies,25,Medium,Ambient,5,5,3,In Stock,0.62,56,52,2,8.1,2026-02-12,125
INV00001268,DS005,Perungudi,Very High,P0108,Parle 20-20 Cashew Cookies 400g,Snacks & Munchies,55,Medium,Ambient,4,5,3,In Stock,0.8,72,65,0,5.0,2026-02-09,220
INV00001269,DS005,Perungudi,Very High,P0109,Cadbury Dairy Milk Silk 60g,Snacks & Munchies,100,High,Ambient,5,12,3,In Stock,1.9,171,149,2,2.6,2026-02-14,500
INV00001270,DS005,Perungudi,Very High,P0110,KitKat 4 Finger 37.3g,Snacks & Munchies,40,High,Ambient,11,16,4,In Stock,0.0,0,0,0,999.0,2026-02-12,440
INV00001271,DS005,Perungudi,Very High,P0111,5 Star Chocolate 40g,Snacks & Munchies,25,High,Ambient,14,13,3,In Stock,1.63,147,129,2,8.6,2026-02-10,350
INV00001272,DS005,Perungudi,Very High,P0112,Snickers 50g,Snacks & Munchies,40,High,Ambient,9,14,4,In Stock,1.69,152,132,1,5.3,2026-02-13,360
INV00001273,DS005,Perungudi,Very High,P0113,Munch Chocolate 30g,Snacks & Munchies,20,High,Ambient,5,12,3,In Stock,1.59,143,125,1,3.1,2026-02-09,100
INV00001274,DS005,Perungudi,Very High,P0114,Too Yumm Veggie Stix 56g,Snacks & Munchies,35,High,Ambient,13,13,3,In Stock,1.7,153,131,0,7.6,2026-02-12,455
INV00001275,DS005,Perungudi,Very High,P0115,Act II Popcorn Butter 60g,Snacks & Munchies,50,High,Ambient,11,10,3,In Stock,1.64,148,125,2,6.7,2026-02-10,550
INV00001276,DS005,Perungudi,Very High,P0116,Cornitos Nacho Chips 150g,Snacks & Munchies,70,Medium,Ambient,3,5,3,Low Stock,0.68,61,51,1,4.4,2026-02-15,210
INV00001277,DS005,Perungudi,Very High,P0117,Maggi Masala Noodles 70g,Breakfast & Instant Food,14,High,Ambient,6,9,3,In Stock,1.41,127,115,2,4.3,2026-02-14,84
INV00001278,DS005,Perungudi,Very High,P0118,Maggi Masala Noodles 280g (4pack),Breakfast & Instant Food,52,High,Ambient,6,10,3,In Stock,1.67,150,128,0,3.6,2026-02-13,312
INV00001279,DS005,Perungudi,Very High,P0119,Maggi Atta Noodles 320g,Breakfast & Instant Food,54,Medium,Ambient,5,5,3,In Stock,0.53,48,44,1,9.4,2026-02-15,270
INV00001280,DS005,Perungudi,Very High,P0120,Top Ramen Curry 280g,Breakfast & Instant Food,48,Medium,Ambient,4,5,3,In Stock,0.57,51,45,1,7.0,2026-02-15,192
INV00001281,DS005,Perungudi,Very High,P0121,Yippee Magic Masala 240g,Breakfast & Instant Food,42,Medium,Ambient,4,5,3,In Stock,0.57,51,42,1,7.0,2026-02-15,168
INV00001282,DS005,Perungudi,Very High,P0122,Sunfeast Yippee 420g,Breakfast & Instant Food,60,High,Ambient,8,11,3,In Stock,1.39,125,112,2,5.8,2026-02-09,480
INV00001283,DS005,Perungudi,Very High,P0123,Knorr Chicken Soup 40g,Breakfast & Instant Food,35,High,Ambient,5,11,3,In Stock,1.67,150,131,1,3.0,2026-02-09,175
INV00001284,DS005,Perungudi,Very High,P0124,Knorr Hot & Sour Veg Soup 42g,Breakfast & Instant Food,35,High,Ambient,6,10,3,In Stock,1.51,136,124,2,4.0,2026-02-14,210
INV00001285,DS005,Perungudi,Very High,P0125,Maggi Hot Heads 73g,Breakfast & Instant Food,25,High,Ambient,5,13,3,In Stock,1.83,165,138,0,2.7,2026-02-11,125
INV00001286,DS005,Perungudi,Very High,P0126,Pasta Treat Penne 500g,Breakfast & Instant Food,85,High,Ambient,9,11,3,In Stock,1.59,143,126,1,5.7,2026-02-10,765
INV00001287,DS005,Perungudi,Very High,P0127,MTR Idli Mix 500g,Breakfast & Instant Food,75,Medium,Ambient,3,5,3,Low Stock,0.9,81,69,1,3.3,2026-02-09,225
INV00001288,DS005,Perungudi,Very High,P0128,MTR Dosa Mix 500g,Breakfast & Instant Food,75,High,Ambient,4,9,3,In Stock,1.39,125,117,0,2.9,2026-02-15,300
INV00001289,DS005,Perungudi,Very High,P0129,MTR Rava Idli 500g,Breakfast & Instant Food,70,Medium,Ambient,5,5,3,In Stock,0.76,68,59,1,6.6,2026-02-13,350
INV00001290,DS005,Perungudi,Very High,P0130,ID Fresh Idli Batter 1kg,Breakfast & Instant Food,75,Medium,Ambient,3,5,3,Low Stock,0.66,59,51,0,4.5,2026-02-09,225
INV00001291,DS005,Perungudi,Very High,P0131,ID Fresh Dosa Batter 1kg,Breakfast & Instant Food,75,Medium,Ambient,5,5,3,In Stock,0.41,37,31,2,12.2,2026-02-09,375
INV00001292,DS005,Perungudi,Very High,P0132,Saffola Masala Oats 400g,Breakfast & Instant Food,145,High,Ambient,4,9,3,In Stock,1.38,124,110,1,2.9,2026-02-09,580
INV00001293,DS005,Perungudi,Very High,P0133,Quaker Oats 1kg,Breakfast & Instant Food,185,High,Ambient,9,13,3,In Stock,1.63,147,129,0,5.5,2026-02-13,1665
INV00001294,DS005,Perungudi,Very High,P0134,Kelloggs Corn Flakes 875g,Breakfast & Instant Food,340,High,Ambient,7,12,3,In Stock,1.74,157,134,1,4.0,2026-02-11,2380
INV00001295,DS005,Perungudi,Very High,P0135,Kelloggs Chocos 375g,Breakfast & Instant Food,185,High,Ambient,11,11,3,In Stock,1.5,135,118,0,7.3,2026-02-11,2035
INV00001296,DS005,Perungudi,Very High,P0136,Nestle Ceregrow 300g,Breakfast & Instant Food,395,Medium,Ambient,4,5,3,In Stock,0.78,70,57,0,5.1,2026-02-12,1580
INV00001297,DS005,Perungudi,Very High,P0137,MTR Vermicelli Roasted 440g,Breakfast & Instant Food,55,Medium,Ambient,4,5,3,In Stock,0.68,61,52,1,5.9,2026-02-10,220
INV00001298,DS005,Perungudi,Very High,P0138,Bambino Vermicelli 175g,Breakfast & Instant Food,25,High,Ambient,4,11,3,In Stock,1.57,141,126,0,2.5,2026-02-13,100
INV00001299,DS005,Perungudi,Very High,P0139,Haldiram Moong Dal 200g,Breakfast & Instant Food,55,High,Ambient,13,15,4,In Stock,1.82,164,140,1,7.1,2026-02-15,715
INV00001300,DS005,Perungudi,Very High,P0140,McCain French Fries 420g,Breakfast & Instant Food,145,High,Ambient,6,9,3,In Stock,1.5,135,122,0,4.0,2026-02-11,870
INV00001301,DS005,Perungudi,Very High,P0141,McCain Veggie Fingers 360g,Breakfast & Instant Food,180,High,Ambient,12,12,3,In Stock,1.63,147,125,0,7.4,2026-02-14,2160
INV00001302,DS005,Perungudi,Very High,P0142,Aashirvaad Atta 5kg,"Atta, Rice & Dal",240,High,Ambient,6,7,3,In Stock,1.09,98,79,2,5.5,2026-02-11,1440
INV00001303,DS005,Perungudi,Very High,P0143,Aashirvaad Atta 10kg,"Atta, Rice & Dal",475,High,Ambient,9,10,3,In Stock,1.17,105,87,2,7.7,2026-02-14,4275
INV00001304,DS005,Perungudi,Very High,P0144,Fortune Chakki Fresh Atta 5kg,"Atta, Rice & Dal",235,High,Ambient,5,6,3,In Stock,0.86,77,68,1,5.8,2026-02-12,1175
INV00001305,DS005,Perungudi,Very High,P0145,Pillsbury Chakki Fresh Atta 5kg,"Atta, Rice & Dal",240,High,Ambient,7,8,3,In Stock,1.06,95,83,1,6.6,2026-02-10,1680
INV00001306,DS005,Perungudi,Very High,P0146,India Gate Basmati Rice 1kg,"Atta, Rice & Dal",190,Medium,Ambient,4,5,3,In Stock,0.38,34,31,0,10.5,2026-02-14,760
INV00001307,DS005,Perungudi,Very High,P0147,India Gate Basmati Rice 5kg,"Atta, Rice & Dal",900,High,Ambient,7,9,3,In Stock,1.14,103,92,1,6.1,2026-02-09,6300
INV00001308,DS005,Perungudi,Very High,P0148,Daawat Basmati Rice 1kg,"Atta, Rice & Dal",180,High,Ambient,8,8,3,In Stock,1.06,95,85,0,7.5,2026-02-15,1440
INV00001309,DS005,Perungudi,Very High,P0149,Fortune Biryani Special Basmati 1kg,"Atta, Rice & Dal",170,Medium,Ambient,4,5,3,In Stock,0.53,48,41,2,7.5,2026-02-09,680
INV00001310,DS005,Perungudi,Very High,P0150,Sona Masoori Rice 5kg,"Atta, Rice & Dal",280,High,Ambient,17,16,4,In Stock,0.0,0,0,0,999.0,2026-02-11,4760
INV00001311,DS005,Perungudi,Very High,P0151,Ponni Boiled Rice 5kg,"Atta, Rice & Dal",250,High,Ambient,7,7,3,In Stock,1.11,100,86,0,6.3,2026-02-12,1750
INV00001312,DS005,Perungudi,Very High,P0152,Tata Sampann Toor Dal 1kg,"Atta, Rice & Dal",160,High,Ambient,6,7,3,In Stock,1.13,102,89,0,5.3,2026-02-10,960
INV00001313,DS005,Perungudi,Very High,P0153,Tata Sampann Moong Dal 500g,"Atta, Rice & Dal",85,Medium,Ambient,5,5,3,In Stock,0.38,34,31,0,13.2,2026-02-09,425
INV00001314,DS005,Perungudi,Very High,P0154,Tata Sampann Chana Dal 1kg,"Atta, Rice & Dal",155,High,Ambient,9,8,3,In Stock,1.13,102,86,2,8.0,2026-02-09,1395
INV00001315,DS005,Perungudi,Very High,P0155,Tata Sampann Masoor Dal 500g,"Atta, Rice & Dal",75,High,Ambient,5,8,3,In Stock,0.94,85,79,2,5.3,2026-02-13,375
INV00001316,DS005,Perungudi,Very High,P0156,Tata Sampann Urad Dal 500g,"Atta, Rice & Dal",90,High,Ambient,4,8,3,In Stock,0.96,86,73,2,4.2,2026-02-13,360
INV00001317,DS005,Perungudi,Very High,P0157,Rajma 500g,"Atta, Rice & Dal",110,High,Ambient,8,8,3,In Stock,1.09,98,83,0,7.3,2026-02-13,880
INV00001318,DS005,Perungudi,Very High,P0158,Kabuli Chana 500g,"Atta, Rice & Dal",95,High,Ambient,6,7,3,In Stock,0.92,83,77,2,6.5,2026-02-13,570
INV00001319,DS005,Perungudi,Very High,P0159,Tata Salt 1kg,"Atta, Rice & Dal",22,Medium,Ambient,3,5,3,Low Stock,0.5,45,36,1,6.0,2026-02-14,66
INV00001320,DS005,Perungudi,Very High,P0160,Tata Salt Lite 1kg,"Atta, Rice & Dal",52,High,Ambient,9,9,3,In Stock,1.11,100,88,2,8.1,2026-02-14,468
INV00001321,DS005,Perungudi,Very High,P0161,Catch Salt 1kg,"Atta, Rice & Dal",20,Medium,Ambient,4,5,3,In Stock,0.4,36,33,0,10.0,2026-02-14,80
INV00001322,DS005,Perungudi,Very High,P0162,Sugar 1kg,"Atta, Rice & Dal",45,High,Ambient,4,9,3,In Stock,1.2,108,95,1,3.3,2026-02-13,180
INV00001323,DS005,Perungudi,Very High,P0163,Brown Sugar 500g,"Atta, Rice & Dal",50,High,Ambient,3,6,3,Low Stock,0.99,89,75,0,3.0,2026-02-15,150
INV00001324,DS005,Perungudi,Very High,P0164,Jaggery Powder 500g,"Atta, Rice & Dal",65,High,Ambient,11,24,7,In Stock,0.0,0,0,0,999.0,2026-02-15,715
INV00001325,DS005,Perungudi,Very High,P0165,Rava Medium 500g,"Atta, Rice & Dal",35,High,Ambient,7,11,3,In Stock,1.29,116,96,0,5.4,2026-02-13,245
INV00001326,DS005,Perungudi,Very High,P0166,Poha Thick 500g,"Atta, Rice & Dal",45,High,Ambient,4,9,3,In Stock,1.19,107,92,1,3.4,2026-02-11,180
INV00001327,DS005,Perungudi,Very High,P0167,Sabudana 500g,"Atta, Rice & Dal",75,High,Ambient,8,8,3,In Stock,1.08,97,88,2,7.4,2026-02-14,600
INV00001328,DS005,Perungudi,Very High,P0168,MDH Deggi Mirch 100g,"Masala, Oil & More",85,Medium,Ambient,5,5,3,In Stock,0.34,31,29,1,14.7,2026-02-15,425
INV00001329,DS005,Perungudi,Very High,P0169,MDH Garam Masala 100g,"Masala, Oil & More",90,High,Ambient,5,7,3,In Stock,0.82,74,64,0,6.1,2026-02-10,450
INV00001330,DS005,Perungudi,Very High,P0170,MDH Chana Masala 100g,"Masala, Oil & More",85,Low,Ambient,4,5,3,In Stock,0.14,13,12,1,28.6,2026-02-15,340
INV00001331,DS005,Perungudi,Very High,P0171,Everest Turmeric Powder 200g,"Masala, Oil & More",95,High,Ambient,11,11,3,In Stock,1.42,128,104,0,7.7,2026-02-10,1045
INV00001332,DS005,Perungudi,Very High,P0172,Everest Red Chilli Powder 200g,"Masala, Oil & More",105,Medium,Ambient,4,5,3,In Stock,0.61,55,46,1,6.6,2026-02-15,420
INV00001333,DS005,Perungudi,Very High,P0173,Everest Coriander Powder 200g,"Masala, Oil & More",65,Medium,Ambient,5,5,3,In Stock,0.43,39,32,0,11.6,2026-02-13,325
INV00001334,DS005,Perungudi,Very High,P0174,Catch Cumin Powder 100g,"Masala, Oil & More",70,High,Ambient,4,7,3,In Stock,0.96,86,75,2,4.2,2026-02-11,280
INV00001335,DS005,Perungudi,Very High,P0175,Catch Chat Masala 100g,"Masala, Oil & More",60,High,Ambient,9,9,3,In Stock,1.11,100,83,2,8.1,2026-02-10,540
INV00001336,DS005,Perungudi,Very High,P0176,Ching Secret Manchurian 60g,"Masala, Oil & More",65,Low,Ambient,3,5,3,Low Stock,0.24,22,20,1,12.5,2026-02-15,195
INV00001337,DS005,Perungudi,Very High,P0177,Maggi Magic Cubes 40g,"Masala, Oil & More",20,Medium,Ambient,3,5,3,Low Stock,0.43,39,36,2,7.0,2026-02-10,60
INV00001338,DS005,Perungudi,Very High,P0178,Kissan Fresh Tomato Ketchup 900g,"Masala, Oil & More",120,High,Ambient,5,10,3,In Stock,1.13,102,94,1,4.4,2026-02-09,600
INV00001339,DS005,Perungudi,Very High,P0179,Kissan Tomato Sauce 1kg,"Masala, Oil & More",125,High,Ambient,4,7,3,In Stock,1.09,98,90,0,3.7,2026-02-12,500
INV00001340,DS005,Perungudi,Very High,P0180,Maggi Hot & Sweet Sauce 1kg,"Masala, Oil & More",140,High,Ambient,6,8,3,In Stock,1.04,94,84,2,5.8,2026-02-11,840
INV00001341,DS005,Perungudi,Very High,P0181,Fortune Sunflower Oil 1L,"Masala, Oil & More",160,Low,Ambient,4,5,3,In Stock,0.0,0,0,0,999.0,2026-02-11,640
INV00001342,DS005,Perungudi,Very High,P0182,Fortune Refined Oil 5L,"Masala, Oil & More",750,Medium,Ambient,2,5,3,Low Stock,0.36,32,29,0,5.6,2026-02-15,1500
INV00001343,DS005,Perungudi,Very High,P0183,Sundrop Sunflower Oil 1L,"Masala, Oil & More",155,Medium,Ambient,3,5,3,Low Stock,0.27,24,21,0,11.1,2026-02-11,465
INV00001344,DS005,Perungudi,Very High,P0184,Dhara Refined Oil 1L,"Masala, Oil & More",150,Medium,Ambient,4,5,3,In Stock,0.51,46,41,1,7.8,2026-02-11,600
INV00001345,DS005,Perungudi,Very High,P0185,Fortune Mustard Oil 1L,"Masala, Oil & More",185,High,Ambient,4,6,3,In Stock,0.98,88,75,1,4.1,2026-02-13,740
INV00001346,DS005,Perungudi,Very High,P0186,KS Gingelly Oil 500ml,"Masala, Oil & More",200,Medium,Ambient,3,5,3,Low Stock,0.42,38,33,0,7.1,2026-02-09,600
INV00001347,DS005,Perungudi,Very High,P0187,Parachute Coconut Oil 500ml,"Masala, Oil & More",195,High,Ambient,4,10,3,In Stock,1.19,107,90,0,3.4,2026-02-09,780
INV00001348,DS005,Perungudi,Very High,P0188,Saffola Gold Oil 1L,"Masala, Oil & More",250,High,Ambient,6,9,3,In Stock,1.18,106,91,1,5.1,2026-02-10,1500
INV00001349,DS005,Perungudi,Very High,P0189,Ghee 500ml,"Masala, Oil & More",295,Low,Ambient,2,5,3,Low Stock,0.23,21,21,0,8.7,2026-02-14,590
INV00001350,DS005,Perungudi,Very High,P0190,Amul Pure Ghee 500ml,"Masala, Oil & More",340,Medium,Ambient,3,5,3,Low Stock,0.36,32,30,1,8.3,2026-02-12,1020
INV00001351,DS005,Perungudi,Very High,P0191,Dalda Vanaspati 1L,"Masala, Oil & More",200,High,Ambient,4,8,3,In Stock,1.11,100,87,2,3.6,2026-02-09,800
INV00001352,DS005,Perungudi,Very High,P0192,Nutella Hazelnut Spread 350g,Sauces & Spreads,385,Medium,Ambient,3,5,3,Low Stock,0.48,43,37,2,6.2,2026-02-15,1155
INV00001353,DS005,Perungudi,Very High,P0193,Kissan Mixed Fruit Jam 500g,Sauces & Spreads,140,Medium,Ambient,2,5,3,Low Stock,0.36,32,29,0,5.6,2026-02-13,280
INV00001354,DS005,Perungudi,Very High,P0194,Kissan Pineapple Jam 500g,Sauces & Spreads,135,Medium,Ambient,2,5,3,Low Stock,0.41,37,34,0,4.9,2026-02-11,270
INV00001355,DS005,Perungudi,Very High,P0195,Mapro Mango Jam 500g,Sauces & Spreads,155,Low,Ambient,4,5,3,In Stock,0.19,17,15,1,21.1,2026-02-14,620
INV00001356,DS005,Perungudi,Very High,P0196,Hersheys Chocolate Syrup 623g,Sauces & Spreads,325,Medium,Ambient,4,5,3,In Stock,0.36,32,31,1,11.1,2026-02-13,1300
INV00001357,DS005,Perungudi,Very High,P0197,Veeba Mayonnaise 250g,Sauces & Spreads,85,Low,Ambient,2,5,3,Low Stock,0.19,17,15,2,10.5,2026-02-12,170
INV00001358,DS005,Perungudi,Very High,P0198,Funfoods Peri Peri Sauce 325g,Sauces & Spreads,130,Medium,Ambient,5,5,3,In Stock,0.5,45,41,0,10.0,2026-02-15,650
INV00001359,DS005,Perungudi,Very High,P0199,Veeba Sandwich Spread 275g,Sauces & Spreads,90,Medium,Ambient,4,5,3,In Stock,0.34,31,27,2,11.8,2026-02-14,360
INV00001360,DS005,Perungudi,Very High,P0200,Ching Red Chilli Sauce 680g,Sauces & Spreads,115,Low,Ambient,5,5,3,In Stock,0.26,23,22,1,19.2,2026-02-12,575
INV00001361,DS005,Perungudi,Very High,P0201,Ching Green Chilli Sauce 190g,Sauces & Spreads,60,Medium,Ambient,9,15,4,In Stock,0.0,0,0,0,999.0,2026-02-15,540
INV00001362,DS005,Perungudi,Very High,P0202,Del Monte Pasta Sauce 400g,Sauces & Spreads,145,Low,Ambient,2,5,3,Low Stock,0.26,23,18,1,7.7,2026-02-11,290
INV00001363,DS005,Perungudi,Very High,P0203,Maggi Pichkoo 90g,Sauces & Spreads,45,Medium,Ambient,4,5,3,In Stock,0.44,40,35,0,9.1,2026-02-15,180
INV00001364,DS005,Perungudi,Very High,P0204,Tata Tea Gold 1kg,"Tea, Coffee & Health Drinks",490,High,Ambient,7,11,3,In Stock,1.54,139,120,1,4.5,2026-02-14,3430
INV00001365,DS005,Perungudi,Very High,P0205,Tata Tea Premium 1kg,"Tea, Coffee & Health Drinks",460,Medium,Ambient,5,5,3,In Stock,0.47,42,35,0,10.6,2026-02-10,2300
INV00001366,DS005,Perungudi,Very High,P0206,Red Label Natural Care 1kg,"Tea, Coffee & Health Drinks",440,Medium,Ambient,2,5,3,Low Stock,0.59,53,47,0,3.4,2026-02-14,880
INV00001367,DS005,Perungudi,Very High,P0207,Brooke Bond Taj Mahal 1kg,"Tea, Coffee & Health Drinks",520,High,Ambient,13,12,3,In Stock,1.47,132,116,0,8.8,2026-02-10,6760
INV00001368,DS005,Perungudi,Very High,P0208,Society Tea 1kg,"Tea, Coffee & Health Drinks",380,High,Ambient,7,12,3,In Stock,1.43,129,114,0,4.9,2026-02-11,2660
INV00001369,DS005,Perungudi,Very High,P0209,Nescafe Classic 50g,"Tea, Coffee & Health Drinks",215,High,Ambient,4,8,3,In Stock,1.3,117,103,1,3.1,2026-02-12,860
INV00001370,DS005,Perungudi,Very High,P0210,Bru Instant Coffee 50g,"Tea, Coffee & Health Drinks",175,High,Ambient,5,9,3,In Stock,1.38,124,105,1,3.6,2026-02-14,875
INV00001371,DS005,Perungudi,Very High,P0211,Nescafe Sunrise Premium 50g,"Tea, Coffee & Health Drinks",145,High,Ambient,6,10,3,In Stock,1.46,131,110,1,4.1,2026-02-14,870
INV00001372,DS005,Perungudi,Very High,P0212,Bru Gold 100g,"Tea, Coffee & Health Drinks",345,High,Ambient,8,13,3,In Stock,1.5,135,114,1,5.3,2026-02-10,2760
INV00001373,DS005,Perungudi,Very High,P0213,Horlicks Classic Malt 500g,"Tea, Coffee & Health Drinks",285,Medium,Ambient,4,5,3,In Stock,0.44,40,36,1,9.1,2026-02-13,1140
INV00001374,DS005,Perungudi,Very High,P0214,Boost Health Drink 500g,"Tea, Coffee & Health Drinks",265,High,Ambient,4,10,3,In Stock,1.28,115,100,0,3.1,2026-02-10,1060
INV00001375,DS005,Perungudi,Very High,P0215,Complan Chocolate 500g,"Tea, Coffee & Health Drinks",360,Medium,Ambient,2,5,3,Low Stock,0.56,50,46,2,3.6,2026-02-14,720
INV00001376,DS005,Perungudi,Very High,P0216,Bournvita 500g,"Tea, Coffee & Health Drinks",250,High,Ambient,5,8,3,In Stock,1.22,110,97,0,4.1,2026-02-10,1250
INV00001377,DS005,Perungudi,Very High,P0217,Milo 400g,"Tea, Coffee & Health Drinks",245,Medium,Ambient,4,5,3,In Stock,0.47,42,36,2,8.5,2026-02-13,980
INV00001378,DS005,Perungudi,Very High,P0218,Proteinex Powder 250g,"Tea, Coffee & Health Drinks",285,High,Ambient,5,12,3,In Stock,1.58,142,124,1,3.2,2026-02-10,1425
INV00001379,DS005,Perungudi,Very High,P0219,Green Tea 100 Bags,"Tea, Coffee & Health Drinks",350,High,Ambient,4,10,3,In Stock,1.41,127,112,0,2.8,2026-02-10,1400
INV00001380,DS005,Perungudi,Very High,P0220,Lipton Green Tea 25 Bags,"Tea, Coffee & Health Drinks",125,High,Ambient,10,10,3,In Stock,1.51,136,128,1,6.6,2026-02-10,1250
INV00001381,DS005,Perungudi,Very High,P0221,Vim Dishwash Gel 750ml,Cleaning & Household,95,High,Ambient,8,9,3,In Stock,1.26,113,92,0,6.3,2026-02-12,760
INV00001382,DS005,Perungudi,Very High,P0222,Vim Dishwash Bar 600g,Cleaning & Household,55,Medium,Ambient,3,5,3,Low Stock,0.53,48,43,0,5.7,2026-02-15,165
INV00001383,DS005,Perungudi,Very High,P0223,Pril Dishwash Liquid 750ml,Cleaning & Household,105,High,Ambient,5,7,3,In Stock,0.99,89,75,0,5.1,2026-02-13,525
INV00001384,DS005,Perungudi,Very High,P0224,Lizol Floor Cleaner 975ml,Cleaning & Household,185,Low,Ambient,2,5,3,Low Stock,0.18,16,16,1,11.1,2026-02-15,370
INV00001385,DS005,Perungudi,Very High,P0225,Harpic Toilet Cleaner 1L,Cleaning & Household,165,Medium,Ambient,4,5,3,In Stock,0.53,48,37,1,7.5,2026-02-10,660
INV00001386,DS005,Perungudi,Very High,P0226,Domex Toilet Cleaner 1L,Cleaning & Household,135,High,Ambient,9,8,3,In Stock,1.01,91,78,0,8.9,2026-02-09,1215
INV00001387,DS005,Perungudi,Very High,P0227,Colin Glass Cleaner 500ml,Cleaning & Household,155,Medium,Ambient,3,5,3,Low Stock,0.39,35,30,0,7.7,2026-02-10,465
INV00001388,DS005,Perungudi,Very High,P0228,Surf Excel Matic 2kg,Cleaning & Household,365,Low,Ambient,3,5,3,Low Stock,0.09,8,8,1,33.3,2026-02-10,1095
INV00001389,DS005,Perungudi,Very High,P0229,Ariel Matic 2kg,Cleaning & Household,395,Medium,Ambient,5,5,3,In Stock,0.3,27,27,0,16.7,2026-02-10,1975
INV00001390,DS005,Perungudi,Very High,P0230,Tide Plus 2kg,Cleaning & Household,285,High,Ambient,8,10,3,In Stock,1.16,104,90,1,6.9,2026-02-10,2280
INV00001391,DS005,Perungudi,Very High,P0231,Comfort Fabric Conditioner 860ml,Cleaning & Household,195,Medium,Ambient,2,5,3,Low Stock,0.47,42,35,2,4.3,2026-02-13,390
INV00001392,DS005,Perungudi,Very High,P0232,Rin Detergent Bar 250g,Cleaning & Household,35,Medium,Ambient,2,5,3,Low Stock,0.48,43,37,2,4.2,2026-02-12,70
INV00001393,DS005,Perungudi,Very High,P0233,Godrej aer Spray 240ml,Cleaning & Household,199,Low,Ambient,3,5,3,Low Stock,0.22,20,16,2,13.6,2026-02-12,597
INV00001394,DS005,Perungudi,Very High,P0234,Good Knight Activ+ Refill 45ml,Cleaning & Household,115,High,Ambient,3,8,3,Low Stock,1.1,99,89,0,2.7,2026-02-13,345
INV00001395,DS005,Perungudi,Very High,P0235,All Out Refill 45ml,Cleaning & Household,95,High,Ambient,9,22,6,In Stock,0.0,0,0,0,999.0,2026-02-09,855
INV00001396,DS005,Perungudi,Very High,P0236,Mortein Insect Spray 425ml,Cleaning & Household,225,Medium,Ambient,4,5,3,In Stock,0.5,45,36,0,8.0,2026-02-15,900
INV00001397,DS005,Perungudi,Very High,P0237,Hit Cockroach Killer 625ml,Cleaning & Household,245,High,Ambient,4,7,3,In Stock,1.11,100,87,0,3.6,2026-02-11,980
INV00001398,DS005,Perungudi,Very High,P0238,Scotch Brite Scrub Pad 3pc,Cleaning & Household,75,High,Ambient,9,8,3,In Stock,1.18,106,92,1,7.6,2026-02-13,675
INV00001399,DS005,Perungudi,Very High,P0239,Savlon Handwash 750ml,Cleaning & Household,135,High,Ambient,8,9,3,In Stock,1.11,100,86,1,7.2,2026-02-11,1080
INV00001400,DS005,Perungudi,Very High,P0240,Dettol Handwash 750ml,Cleaning & Household,155,Low,Ambient,3,5,3,Low Stock,0.26,23,19,0,11.5,2026-02-10,465
INV00001401,DS005,Perungudi,Very High,P0241,Origami Tissues 100 Pulls,Cleaning & Household,45,Medium,Ambient,4,5,3,In Stock,0.38,34,30,1,10.5,2026-02-10,180
INV00001402,DS005,Perungudi,Very High,P0242,Dettol Soap 125g (4 pack),Personal Care,145,High,Ambient,3,8,3,Low Stock,1.01,91,81,0,3.0,2026-02-14,435
INV00001403,DS005,Perungudi,Very High,P0243,Lifebuoy Soap 125g (4 pack),Personal Care,115,High,Ambient,3,7,3,Low Stock,1.09,98,84,0,2.8,2026-02-10,345
INV00001404,DS005,Perungudi,Very High,P0244,Dove Soap 125g (3 pack),Personal Care,180,Medium,Ambient,4,5,3,In Stock,0.22,20,19,2,18.2,2026-02-12,720
INV00001405,DS005,Perungudi,Very High,P0245,Pears Soap 125g (3 pack),Personal Care,150,High,Ambient,9,21,6,In Stock,0.0,0,0,0,999.0,2026-02-15,1350
INV00001406,DS005,Perungudi,Very High,P0246,Lux Soap 125g (3 pack),Personal Care,125,High,Ambient,5,10,3,In Stock,1.17,105,92,0,4.3,2026-02-09,625
INV00001407,DS005,Perungudi,Very High,P0247,Clinic Plus Shampoo 650ml,Personal Care,265,Low,Ambient,4,5,3,In Stock,0.17,15,14,1,23.5,2026-02-13,1060
INV00001408,DS005,Perungudi,Very High,P0248,Pantene Shampoo 650ml,Personal Care,385,High,Ambient,3,8,3,Low Stock,0.93,84,75,0,3.2,2026-02-13,1155
INV00001409,DS005,Perungudi,Very High,P0249,Dove Shampoo 650ml,Personal Care,425,Medium,Ambient,3,5,3,Low Stock,0.37,33,30,1,8.1,2026-02-09,1275
INV00001410,DS005,Perungudi,Very High,P0250,Head & Shoulders 650ml,Personal Care,485,High,Ambient,5,9,3,In Stock,1.38,124,110,2,3.6,2026-02-15,2425
INV00001411,DS005,Perungudi,Very High,P0251,Sunsilk Shampoo 650ml,Personal Care,295,High,Ambient,8,11,3,In Stock,1.4,126,105,1,5.7,2026-02-14,2360
INV00001412,DS005,Perungudi,Very High,P0252,Colgate Total 300g,Personal Care,185,Medium,Ambient,4,5,3,In Stock,0.38,34,29,0,10.5,2026-02-15,740
INV00001413,DS005,Perungudi,Very High,P0253,Colgate Maxfresh 150g,Personal Care,105,High,Ambient,6,8,3,In Stock,0.94,85,72,0,6.4,2026-02-09,630
INV00001414,DS005,Perungudi,Very High,P0254,Pepsodent 200g,Personal Care,85,High,Ambient,4,10,3,In Stock,1.14,103,86,2,3.5,2026-02-13,340
INV00001415,DS005,Perungudi,Very High,P0255,Sensodyne Toothpaste 150g,Personal Care,265,Medium,Ambient,5,5,3,In Stock,0.56,50,41,1,8.9,2026-02-10,1325
INV00001416,DS005,Perungudi,Very High,P0256,Oral B Toothbrush,Personal Care,95,High,Ambient,19,30,9,In Stock,0.0,0,0,0,999.0,2026-02-12,1805
INV00001417,DS005,Perungudi,Very High,P0257,Gillette Shaving Cream 418g,Personal Care,265,Medium,Ambient,3,5,3,Low Stock,0.38,34,29,1,7.9,2026-02-15,795
INV00001418,DS005,Perungudi,Very High,P0258,Gillette Mach 3 Razor,Personal Care,285,High,Ambient,4,6,3,In Stock,1.02,92,80,2,3.9,2026-02-13,1140
INV00001419,DS005,Perungudi,Very High,P0259,Veet Hair Removal Cream 100g,Personal Care,215,High,Ambient,7,8,3,In Stock,1.23,111,96,2,5.7,2026-02-12,1505
INV00001420,DS005,Perungudi,Very High,P0260,Nivea Body Lotion 400ml,Personal Care,295,High,Ambient,3,7,3,Low Stock,1.07,96,88,1,2.8,2026-02-11,885
INV00001421,DS005,Perungudi,Very High,P0261,Vaseline Petroleum Jelly 100ml,Personal Care,105,High,Ambient,2,6,3,Low Stock,0.86,77,71,0,2.3,2026-02-14,210
INV00001422,DS005,Perungudi,Very High,P0262,Ponds Face Cream 100ml,Personal Care,235,Medium,Ambient,4,5,3,In Stock,0.3,27,23,2,13.3,2026-02-10,940
INV00001423,DS005,Perungudi,Very High,P0263,Fair & Lovely 80g,Personal Care,175,High,Ambient,8,7,3,In Stock,1.12,101,90,0,7.1,2026-02-10,1400
INV00001424,DS005,Perungudi,Very High,P0264,Garnier Face Wash 100g,Personal Care,145,Medium,Ambient,4,5,3,In Stock,0.5,45,43,0,8.0,2026-02-11,580
INV00001425,DS005,Perungudi,Very High,P0265,Lakmé Face Cream 60g,Personal Care,295,High,Ambient,7,10,3,In Stock,1.22,110,99,2,5.7,2026-02-14,2065
INV00001426,DS005,Perungudi,Very High,P0266,Johnson Baby Powder 400g,Personal Care,285,High,Ambient,4,9,3,In Stock,1.09,98,90,0,3.7,2026-02-09,1140
INV00001427,DS005,Perungudi,Very High,P0267,Dettol Handwash Refill 750ml,Personal Care,145,High,Ambient,5,9,3,In Stock,1.14,103,87,2,4.4,2026-02-09,725
INV00001428,DS005,Perungudi,Very High,P0268,Savlon Antiseptic Liquid 500ml,Personal Care,165,High,Ambient,30,30,9,In Stock,0.0,0,0,0,999.0,2026-02-13,4950
INV00001429,DS005,Perungudi,Very High,P0269,Band Aid 10pc,Personal Care,55,Medium,Ambient,5,5,3,In Stock,0.44,40,35,2,11.4,2026-02-10,275
INV00001430,DS005,Perungudi,Very High,P0270,Vicks VapoRub 50ml,Personal Care,145,High,Ambient,2,7,3,Low Stock,0.97,87,77,2,2.1,2026-02-14,290
INV00001431,DS005,Perungudi,Very High,P0271,Dettol Antiseptic Liquid 550ml,Personal Care,195,High,Ambient,5,8,3,In Stock,1.0,90,76,0,5.0,2026-02-09,975
INV00001432,DS005,Perungudi,Very High,P0272,Cotton Buds 100pc,Personal Care,45,High,Ambient,4,6,3,In Stock,0.92,83,78,0,4.3,2026-02-14,180
INV00001433,DS005,Perungudi,Very High,P0273,Whisper Ultra XL 15 Pads,Personal Care,185,Medium,Ambient,5,5,3,In Stock,0.57,51,42,2,8.8,2026-02-10,925
INV00001434,DS005,Perungudi,Very High,P0274,Stayfree Secure XL 20 Pads,Personal Care,195,High,Ambient,6,6,3,In Stock,0.92,83,72,1,6.5,2026-02-11,1170
INV00001435,DS005,Perungudi,Very High,P0275,Sanfe Sanitary Napkins 10pc,Personal Care,155,Medium,Ambient,4,5,3,In Stock,0.34,31,28,2,11.8,2026-02-12,620
INV00001436,DS005,Perungudi,Very High,P0276,Pampers Baby Diapers S 20pc,Baby Care,495,Low,Ambient,5,5,3,In Stock,0.27,24,20,0,18.5,2026-02-12,2475
INV00001437,DS005,Perungudi,Very High,P0277,Pampers Baby Diapers M 18pc,Baby Care,595,Medium,Ambient,2,5,3,Low Stock,0.62,56,49,0,3.2,2026-02-12,1190
INV00001438,DS005,Perungudi,Very High,P0278,Pampers Baby Diapers L 16pc,Baby Care,695,Low,Ambient,5,5,3,In Stock,0.13,12,11,0,38.5,2026-02-15,3475
INV00001439,DS005,Perungudi,Very High,P0279,Huggies Diapers S 22pc,Baby Care,485,Medium,Ambient,4,5,3,In Stock,0.43,39,33,1,9.3,2026-02-12,1940
INV00001440,DS005,Perungudi,Very High,P0280,Mamy Poko Pants M 20pc,Baby Care,575,Medium,Ambient,5,5,3,In Stock,0.47,42,38,2,10.6,2026-02-10,2875
INV00001441,DS005,Perungudi,Very High,P0281,Johnson Baby Soap 100g,Baby Care,55,Medium,Ambient,2,5,3,Low Stock,0.56,50,44,2,3.6,2026-02-13,110
INV00001442,DS005,Perungudi,Very High,P0282,Johnson Baby Shampoo 200ml,Baby Care,175,Medium,Ambient,4,5,3,In Stock,0.4,36,27,2,10.0,2026-02-09,700
INV00001443,DS005,Perungudi,Very High,P0283,Johnson Baby Lotion 200ml,Baby Care,195,Low,Ambient,4,5,3,In Stock,0.26,23,20,1,15.4,2026-02-12,780
INV00001444,DS005,Perungudi,Very High,P0284,Johnson Baby Powder 200g,Baby Care,185,Low,Ambient,3,5,3,Low Stock,0.27,24,19,2,11.1,2026-02-14,555
INV00001445,DS005,Perungudi,Very High,P0285,Himalaya Baby Lotion 200ml,Baby Care,165,Low,Ambient,3,5,3,Low Stock,0.17,15,14,0,17.6,2026-02-13,495
INV00001446,DS005,Perungudi,Very High,P0286,Cerelac Wheat 300g,Baby Care,185,Low,Ambient,3,5,3,Low Stock,0.3,27,24,2,10.0,2026-02-13,555
INV00001447,DS005,Perungudi,Very High,P0287,Cerelac Multi Grain 300g,Baby Care,195,Medium,Ambient,3,5,3,Low Stock,0.41,37,34,2,7.3,2026-02-15,585
INV00001448,DS005,Perungudi,Very High,P0288,Lactogen 1 (0-6 months) 400g,Baby Care,495,Medium,Ambient,2,5,3,Low Stock,0.34,31,29,2,5.9,2026-02-11,990
INV00001449,DS005,Perungudi,Very High,P0289,Farex Baby Food 300g,Baby Care,175,Medium,Ambient,4,5,3,In Stock,0.37,33,29,2,10.8,2026-02-12,700
INV00001450,DS005,Perungudi,Very High,P0290,Himalaya Baby Wipes 72pc,Baby Care,165,Medium,Ambient,2,5,3,Low Stock,0.5,45,38,1,4.0,2026-02-10,330
INV00001451,DS006,Nungambakkam,Medium,P0001,Amul Taaza Toned Milk 500ml,"Dairy, Bread & Eggs",28,High,Refrigerated,5,5,3,In Stock,0.48,43,30,1,10.4,2026-02-14,140
INV00001452,DS006,Nungambakkam,Medium,P0002,Amul Taaza Toned Milk 1L,"Dairy, Bread & Eggs",56,High,Refrigerated,2,5,3,Low Stock,0.41,37,25,0,4.9,2026-02-12,112
INV00001453,DS006,Nungambakkam,Medium,P0003,Amul Gold Full Cream Milk 500ml,"Dairy, Bread & Eggs",32,High,Refrigerated,5,5,3,In Stock,0.58,52,34,2,8.6,2026-02-12,160
INV00001454,DS006,Nungambakkam,Medium,P0004,Amul Gold Full Cream Milk 1L,"Dairy, Bread & Eggs",64,High,Refrigerated,3,5,3,Low Stock,0.47,42,29,0,6.4,2026-02-12,192
INV00001455,DS006,Nungambakkam,Medium,P0005,Heritage Fresh Milk 500ml,"Dairy, Bread & Eggs",30,High,Refrigerated,3,5,3,Low Stock,0.42,38,25,1,7.1,2026-02-09,90
INV00001456,DS006,Nungambakkam,Medium,P0006,Nandini Milk 500ml,"Dairy, Bread & Eggs",26,Medium,Refrigerated,3,5,3,Low Stock,0.21,19,15,1,14.3,2026-02-14,78
INV00001457,DS006,Nungambakkam,Medium,P0007,Amul Fresh Cream 250ml,"Dairy, Bread & Eggs",85,High,Refrigerated,5,5,3,In Stock,0.5,45,27,1,10.0,2026-02-14,425
INV00001458,DS006,Nungambakkam,Medium,P0008,Amul Masti Curd 400g,"Dairy, Bread & Eggs",32,High,Refrigerated,2,5,3,Low Stock,0.5,45,31,2,4.0,2026-02-14,64
INV00001459,DS006,Nungambakkam,Medium,P0009,Mother Dairy Curd 400g,"Dairy, Bread & Eggs",30,High,Refrigerated,4,5,3,In Stock,0.41,37,27,2,9.8,2026-02-11,120
INV00001460,DS006,Nungambakkam,Medium,P0010,Nestle Dahi 400g,"Dairy, Bread & Eggs",35,High,Refrigerated,4,5,3,In Stock,0.34,31,21,1,11.8,2026-02-14,140
INV00001461,DS006,Nungambakkam,Medium,P0011,Amul Salted Butter 100g,"Dairy, Bread & Eggs",56,High,Refrigerated,3,5,3,Low Stock,0.68,61,38,1,4.4,2026-02-15,168
INV00001462,DS006,Nungambakkam,Medium,P0012,Amul Salted Butter 500g,"Dairy, Bread & Eggs",270,Medium,Refrigerated,4,5,3,In Stock,0.16,14,10,0,25.0,2026-02-12,1080
INV00001463,DS006,Nungambakkam,Medium,P0013,Britannia Butter 100g,"Dairy, Bread & Eggs",54,High,Refrigerated,4,5,3,In Stock,0.4,36,26,1,10.0,2026-02-12,216
INV00001464,DS006,Nungambakkam,Medium,P0014,Amul Cheese Slices 200g,"Dairy, Bread & Eggs",130,Medium,Refrigerated,4,5,3,In Stock,0.14,13,7,1,28.6,2026-02-13,520
INV00001465,DS006,Nungambakkam,Medium,P0015,Britannia Cheese Slices 200g,"Dairy, Bread & Eggs",125,Medium,Refrigerated,5,5,3,In Stock,0.39,35,21,2,12.8,2026-02-13,625
INV00001466,DS006,Nungambakkam,Medium,P0016,Amul Processed Cheese Block 200g,"Dairy, Bread & Eggs",110,High,Refrigerated,4,5,3,In Stock,0.51,46,32,1,7.8,2026-02-15,440
INV00001467,DS006,Nungambakkam,Medium,P0017,Mother Dairy Paneer 200g,"Dairy, Bread & Eggs",95,Medium,Refrigerated,4,5,3,In Stock,0.17,15,11,1,23.5,2026-02-13,380
INV00001468,DS006,Nungambakkam,Medium,P0018,Amul Fresh Paneer 200g,"Dairy, Bread & Eggs",90,High,Refrigerated,3,5,3,Low Stock,0.51,46,33,0,5.9,2026-02-14,270
INV00001469,DS006,Nungambakkam,Medium,P0019,Nandini Paneer 200g,"Dairy, Bread & Eggs",85,High,Refrigerated,3,5,3,Low Stock,0.5,45,27,0,6.0,2026-02-12,255
INV00001470,DS006,Nungambakkam,Medium,P0020,Farm Fresh White Eggs 6 pcs,"Dairy, Bread & Eggs",48,High,Refrigerated,3,5,3,Low Stock,0.59,53,37,2,5.1,2026-02-10,144
INV00001471,DS006,Nungambakkam,Medium,P0021,Farm Fresh Brown Eggs 6 pcs,"Dairy, Bread & Eggs",60,High,Refrigerated,2,5,3,Low Stock,0.51,46,30,2,3.9,2026-02-12,120
INV00001472,DS006,Nungambakkam,Medium,P0022,Farm Fresh White Eggs 10 pcs,"Dairy, Bread & Eggs",75,High,Refrigerated,4,5,3,In Stock,0.58,52,31,2,6.9,2026-02-12,300
INV00001473,DS006,Nungambakkam,Medium,P0023,Amul Kool Milk Drink 200ml,"Dairy, Bread & Eggs",20,High,Refrigerated,3,5,3,Low Stock,0.38,34,23,0,7.9,2026-02-15,60
INV00001474,DS006,Nungambakkam,Medium,P0024,Amul Lassi 200ml,"Dairy, Bread & Eggs",25,High,Refrigerated,5,5,3,In Stock,0.48,43,27,1,10.4,2026-02-11,125
INV00001475,DS006,Nungambakkam,Medium,P0025,Mother Dairy Mishti Doi 400g,"Dairy, Bread & Eggs",42,Medium,Refrigerated,3,5,3,Low Stock,0.16,14,10,0,18.8,2026-02-09,126
INV00001476,DS006,Nungambakkam,Medium,P0026,Britannia Bread Large,"Dairy, Bread & Eggs",40,High,Refrigerated,2,5,3,Low Stock,0.66,59,34,0,3.0,2026-02-11,80
INV00001477,DS006,Nungambakkam,Medium,P0027,Modern Bread Sandwich,"Dairy, Bread & Eggs",45,Medium,Refrigerated,3,5,3,Low Stock,0.1,9,8,0,30.0,2026-02-10,135
INV00001478,DS006,Nungambakkam,Medium,P0028,Harvest Gold Bread,"Dairy, Bread & Eggs",42,High,Refrigerated,3,5,3,Low Stock,0.47,42,25,2,6.4,2026-02-13,126
INV00001479,DS006,Nungambakkam,Medium,P0029,English Oven Brown Bread,"Dairy, Bread & Eggs",50,High,Refrigerated,28,27,8,In Stock,0.0,0,0,0,999.0,2026-02-09,1400
INV00001480,DS006,Nungambakkam,Medium,P0030,Onion 1kg,Fruits & Vegetables,35,High,Ambient,4,5,3,In Stock,0.21,19,19,2,19.0,2026-02-09,140
INV00001481,DS006,Nungambakkam,Medium,P0031,Tomato 1kg,Fruits & Vegetables,45,High,Ambient,5,5,3,In Stock,0.24,22,22,2,20.8,2026-02-09,225
INV00001482,DS006,Nungambakkam,Medium,P0032,Potato 1kg,Fruits & Vegetables,28,High,Ambient,4,5,3,In Stock,0.33,30,30,0,12.1,2026-02-10,112
INV00001483,DS006,Nungambakkam,Medium,P0033,Green Chilli 100g,Fruits & Vegetables,15,High,Ambient,3,5,3,Low Stock,0.2,18,18,1,15.0,2026-02-09,45
INV00001484,DS006,Nungambakkam,Medium,P0034,Ginger 200g,Fruits & Vegetables,40,High,Ambient,3,5,3,Low Stock,0.2,18,18,2,15.0,2026-02-09,120
INV00001485,DS006,Nungambakkam,Medium,P0035,Garlic 250g,Fruits & Vegetables,55,High,Ambient,3,5,3,Low Stock,0.18,16,16,1,16.7,2026-02-10,165
INV00001486,DS006,Nungambakkam,Medium,P0036,Coriander Leaves 100g,Fruits & Vegetables,15,High,Refrigerated,5,5,3,In Stock,0.23,21,21,1,21.7,2026-02-10,75
INV00001487,DS006,Nungambakkam,Medium,P0037,Curry Leaves 100g,Fruits & Vegetables,20,High,Refrigerated,4,5,3,In Stock,0.17,15,15,0,23.5,2026-02-13,80
INV00001488,DS006,Nungambakkam,Medium,P0038,Lemon 250g (4-5pcs),Fruits & Vegetables,25,High,Ambient,2,5,3,Low Stock,0.31,28,28,0,6.5,2026-02-13,50
INV00001489,DS006,Nungambakkam,Medium,P0039,Carrot 500g,Fruits & Vegetables,30,High,Ambient,3,5,3,Low Stock,0.23,21,21,2,13.0,2026-02-09,90
INV00001490,DS006,Nungambakkam,Medium,P0040,Beans 500g,Fruits & Vegetables,45,High,Ambient,3,5,3,Low Stock,0.19,17,17,1,15.8,2026-02-14,135
INV00001491,DS006,Nungambakkam,Medium,P0041,Capsicum Green 500g,Fruits & Vegetables,50,High,Ambient,5,5,3,In Stock,0.32,29,29,2,15.6,2026-02-14,250
INV00001492,DS006,Nungambakkam,Medium,P0042,Cabbage 1pc,Fruits & Vegetables,35,High,Ambient,5,5,3,In Stock,0.19,17,17,1,26.3,2026-02-14,175
INV00001493,DS006,Nungambakkam,Medium,P0043,Cauliflower 1pc,Fruits & Vegetables,40,High,Ambient,5,5,3,In Stock,0.28,25,25,0,17.9,2026-02-15,200
INV00001494,DS006,Nungambakkam,Medium,P0044,Brinjal 500g,Fruits & Vegetables,35,High,Ambient,2,5,3,Low Stock,0.21,19,19,1,9.5,2026-02-13,70
INV00001495,DS006,Nungambakkam,Medium,P0045,Ladies Finger 500g,Fruits & Vegetables,40,High,Ambient,2,5,3,Low Stock,0.16,14,14,2,12.5,2026-02-14,80
INV00001496,DS006,Nungambakkam,Medium,P0046,Beetroot 500g,Fruits & Vegetables,35,High,Ambient,4,5,3,In Stock,0.29,26,26,0,13.8,2026-02-09,140
INV00001497,DS006,Nungambakkam,Medium,P0047,Radish White 500g,Fruits & Vegetables,30,High,Ambient,4,5,3,In Stock,0.24,22,22,0,16.7,2026-02-11,120
INV00001498,DS006,Nungambakkam,Medium,P0048,Bottle Gourd 1pc,Fruits & Vegetables,35,High,Ambient,5,5,3,In Stock,0.24,22,22,1,20.8,2026-02-13,175
INV00001499,DS006,Nungambakkam,Medium,P0049,Bitter Gourd 500g,Fruits & Vegetables,45,High,Ambient,5,5,3,In Stock,0.24,22,22,2,20.8,2026-02-10,225
INV00001500,DS006,Nungambakkam,Medium,P0050,Banana Robusta 6pcs,Fruits & Vegetables,35,High,Ambient,4,5,3,In Stock,0.33,30,30,1,12.1,2026-02-10,140
INV00001501,DS006,Nungambakkam,Medium,P0051,Apple Shimla 4pcs,Fruits & Vegetables,140,High,Ambient,5,5,3,In Stock,0.31,28,28,0,16.1,2026-02-15,700
INV00001502,DS006,Nungambakkam,Medium,P0052,Pomegranate 1pc,Fruits & Vegetables,85,High,Ambient,4,5,3,In Stock,0.26,23,23,2,15.4,2026-02-15,340
INV00001503,DS006,Nungambakkam,Medium,P0053,Orange 500g,Fruits & Vegetables,50,High,Ambient,3,5,3,Low Stock,0.29,26,26,2,10.3,2026-02-15,150
INV00001504,DS006,Nungambakkam,Medium,P0054,Sweet Lime 500g,Fruits & Vegetables,45,High,Ambient,3,5,3,Low Stock,0.24,22,22,1,12.5,2026-02-09,135
INV00001505,DS006,Nungambakkam,Medium,P0055,Watermelon 1pc (3-4kg),Fruits & Vegetables,80,High,Ambient,4,5,3,In Stock,0.34,31,31,1,11.8,2026-02-15,320
INV00001506,DS006,Nungambakkam,Medium,P0056,Papaya 1pc,Fruits & Vegetables,45,High,Ambient,4,5,3,In Stock,0.28,25,25,0,14.3,2026-02-09,180
INV00001507,DS006,Nungambakkam,Medium,P0057,Grapes Green 500g,Fruits & Vegetables,90,High,Ambient,4,5,3,In Stock,0.24,22,22,2,16.7,2026-02-09,360
INV00001508,DS006,Nungambakkam,Medium,P0058,Mango (Seasonal),Fruits & Vegetables,120,High,Ambient,5,5,3,In Stock,0.33,30,30,0,15.2,2026-02-09,600
INV00001509,DS006,Nungambakkam,Medium,P0059,Pineapple 1pc,Fruits & Vegetables,55,High,Ambient,4,5,3,In Stock,0.21,19,19,0,19.0,2026-02-14,220
INV00001510,DS006,Nungambakkam,Medium,P0060,Coca Cola 750ml,Cold Drinks & Juices,40,High,Refrigerated,5,5,3,In Stock,0.54,49,32,0,9.3,2026-02-10,200
INV00001511,DS006,Nungambakkam,Medium,P0061,Coca Cola 2.25L,Cold Drinks & Juices,95,Medium,Refrigerated,2,5,3,Low Stock,0.19,17,12,1,10.5,2026-02-10,190
INV00001512,DS006,Nungambakkam,Medium,P0062,Pepsi 750ml,Cold Drinks & Juices,40,Medium,Refrigerated,4,5,3,In Stock,0.26,23,17,0,15.4,2026-02-12,160
INV00001513,DS006,Nungambakkam,Medium,P0063,Pepsi 2L,Cold Drinks & Juices,90,High,Refrigerated,5,5,3,In Stock,0.51,46,30,2,9.8,2026-02-14,450
INV00001514,DS006,Nungambakkam,Medium,P0064,Sprite 750ml,Cold Drinks & Juices,40,Medium,Refrigerated,2,5,3,Low Stock,0.17,15,8,1,11.8,2026-02-15,80
INV00001515,DS006,Nungambakkam,Medium,P0065,Thumbs Up 750ml,Cold Drinks & Juices,40,Medium,Refrigerated,2,5,3,Low Stock,0.16,14,9,0,12.5,2026-02-10,80
INV00001516,DS006,Nungambakkam,Medium,P0066,Fanta 750ml,Cold Drinks & Juices,40,High,Refrigerated,3,5,3,Low Stock,0.41,37,27,0,7.3,2026-02-13,120
INV00001517,DS006,Nungambakkam,Medium,P0067,Mountain Dew 750ml,Cold Drinks & Juices,40,High,Refrigerated,3,5,3,Low Stock,0.47,42,31,2,6.4,2026-02-13,120
INV00001518,DS006,Nungambakkam,Medium,P0068,Thums Up 2.25L,Cold Drinks & Juices,95,High,Refrigerated,3,5,3,Low Stock,0.46,41,27,1,6.5,2026-02-13,285
INV00001519,DS006,Nungambakkam,Medium,P0069,Bisleri Water 1L,Cold Drinks & Juices,20,High,Ambient,3,5,3,Low Stock,0.28,25,18,0,10.7,2026-02-13,60
INV00001520,DS006,Nungambakkam,Medium,P0070,Bisleri Water 2L,Cold Drinks & Juices,35,High,Ambient,2,5,3,Low Stock,0.36,32,27,2,5.6,2026-02-10,70
INV00001521,DS006,Nungambakkam,Medium,P0071,Kinley Water 1L,Cold Drinks & Juices,20,High,Ambient,2,5,3,Low Stock,0.51,46,29,0,3.9,2026-02-09,40
INV00001522,DS006,Nungambakkam,Medium,P0072,Aquafina Water 1L,Cold Drinks & Juices,20,Medium,Ambient,4,5,3,In Stock,0.21,19,12,2,19.0,2026-02-14,80
INV00001523,DS006,Nungambakkam,Medium,P0073,Red Bull Energy Drink 250ml,Cold Drinks & Juices,125,Medium,Refrigerated,3,5,3,Low Stock,0.12,11,7,0,25.0,2026-02-14,375
INV00001524,DS006,Nungambakkam,Medium,P0074,Sting Energy Drink 250ml,Cold Drinks & Juices,20,Medium,Refrigerated,5,5,3,In Stock,0.11,10,7,1,45.5,2026-02-14,100
INV00001525,DS006,Nungambakkam,Medium,P0075,Monster Energy Drink 500ml,Cold Drinks & Juices,150,Medium,Refrigerated,2,5,3,Low Stock,0.08,7,5,0,25.0,2026-02-11,300
INV00001526,DS006,Nungambakkam,Medium,P0076,Real Fruit Juice Mixed Fruit 1L,Cold Drinks & Juices,130,Medium,Refrigerated,2,5,3,Low Stock,0.13,12,9,1,15.4,2026-02-15,260
INV00001527,DS006,Nungambakkam,Medium,P0077,Real Fruit Juice Mango 1L,Cold Drinks & Juices,130,High,Refrigerated,2,5,3,Low Stock,0.4,36,24,1,5.0,2026-02-13,260
INV00001528,DS006,Nungambakkam,Medium,P0078,Tropicana Orange 1L,Cold Drinks & Juices,145,High,Refrigerated,2,5,3,Low Stock,0.46,41,26,2,4.3,2026-02-14,290
INV00001529,DS006,Nungambakkam,Medium,P0079,Tropicana Mixed Fruit 1L,Cold Drinks & Juices,145,High,Refrigerated,10,19,5,In Stock,0.0,0,0,0,999.0,2026-02-14,1450
INV00001530,DS006,Nungambakkam,Medium,P0080,Minute Maid Pulpy Orange 400ml,Cold Drinks & Juices,45,Medium,Refrigerated,3,5,3,Low Stock,0.12,11,8,1,25.0,2026-02-12,135
INV00001531,DS006,Nungambakkam,Medium,P0081,Frooti Mango Drink 160ml,Cold Drinks & Juices,10,High,Refrigerated,3,5,3,Low Stock,0.2,18,13,0,15.0,2026-02-09,30
INV00001532,DS006,Nungambakkam,Medium,P0082,Frooti Mango Drink 1.2L,Cold Drinks & Juices,60,High,Refrigerated,5,5,3,In Stock,0.52,47,29,0,9.6,2026-02-13,300
INV00001533,DS006,Nungambakkam,Medium,P0083,Maaza Mango Drink 1.2L,Cold Drinks & Juices,60,High,Refrigerated,2,5,3,Low Stock,0.31,28,16,1,6.5,2026-02-14,120
INV00001534,DS006,Nungambakkam,Medium,P0084,Paper Boat Aam Panna 250ml,Cold Drinks & Juices,40,Medium,Refrigerated,2,5,3,Low Stock,0.12,11,9,0,16.7,2026-02-13,80
INV00001535,DS006,Nungambakkam,Medium,P0085,Paper Boat Jaljeera 250ml,Cold Drinks & Juices,40,High,Refrigerated,4,5,3,In Stock,0.51,46,29,1,7.8,2026-02-09,160
INV00001536,DS006,Nungambakkam,Medium,P0086,Rasna Orange 750ml,Cold Drinks & Juices,35,High,Refrigerated,4,5,3,In Stock,0.39,35,26,0,10.3,2026-02-13,140
INV00001537,DS006,Nungambakkam,Medium,P0087,Tang Instant Drink 750g,Cold Drinks & Juices,320,Medium,Refrigerated,4,5,3,In Stock,0.08,7,7,1,50.0,2026-02-14,1280
INV00001538,DS006,Nungambakkam,Medium,P0088,Nestle Iced Tea Lemon 500ml,Cold Drinks & Juices,40,High,Refrigerated,3,5,3,Low Stock,0.47,42,29,1,6.4,2026-02-15,120
INV00001539,DS006,Nungambakkam,Medium,P0089,Lays Classic Salted 50g,Snacks & Munchies,20,High,Ambient,5,5,3,In Stock,0.4,36,31,1,12.5,2026-02-12,100
INV00001540,DS006,Nungambakkam,Medium,P0090,Lays Classic Salted 90g,Snacks & Munchies,35,Medium,Ambient,3,5,3,Low Stock,0.14,13,13,0,21.4,2026-02-13,105
INV00001541,DS006,Nungambakkam,Medium,P0091,Lays American Style Cream & Onion 50g,Snacks & Munchies,20,High,Ambient,5,5,3,In Stock,0.36,32,27,0,13.9,2026-02-13,100
INV00001542,DS006,Nungambakkam,Medium,P0092,Kurkure Masala Munch 90g,Snacks & Munchies,20,High,Ambient,3,5,3,Low Stock,0.31,28,23,1,9.7,2026-02-15,60
INV00001543,DS006,Nungambakkam,Medium,P0093,Kurkure Solid Masti 90g,Snacks & Munchies,20,Medium,Ambient,8,13,3,In Stock,0.0,0,0,0,999.0,2026-02-10,160
INV00001544,DS006,Nungambakkam,Medium,P0094,Bingo Mad Angles 72g,Snacks & Munchies,20,High,Ambient,2,5,3,Low Stock,0.4,36,30,2,5.0,2026-02-09,40
INV00001545,DS006,Nungambakkam,Medium,P0095,Doritos Nacho Cheese 150g,Snacks & Munchies,75,High,Ambient,4,5,3,In Stock,0.3,27,24,2,13.3,2026-02-10,300
INV00001546,DS006,Nungambakkam,Medium,P0096,Pringles Original 107g,Snacks & Munchies,130,High,Ambient,3,5,3,Low Stock,0.29,26,26,0,10.3,2026-02-14,390
INV00001547,DS006,Nungambakkam,Medium,P0097,Haldirams Aloo Bhujia 200g,Snacks & Munchies,50,High,Ambient,3,5,3,Low Stock,0.32,29,25,0,9.4,2026-02-09,150
INV00001548,DS006,Nungambakkam,Medium,P0098,Haldirams Moong Dal 200g,Snacks & Munchies,55,High,Ambient,2,5,3,Low Stock,0.33,30,28,0,6.1,2026-02-11,110
INV00001549,DS006,Nungambakkam,Medium,P0099,Haldirams Sev Bhujia 400g,Snacks & Munchies,95,High,Ambient,5,5,3,In Stock,0.33,30,26,1,15.2,2026-02-11,475
INV00001550,DS006,Nungambakkam,Medium,P0100,Bikaji Bhujia 200g,Snacks & Munchies,48,High,Ambient,3,5,3,Low Stock,0.32,29,27,0,9.4,2026-02-09,144
INV00001551,DS006,Nungambakkam,Medium,P0101,Parle G Biscuits 376g,Snacks & Munchies,40,High,Ambient,2,5,3,Low Stock,0.32,29,25,1,6.2,2026-02-10,80
INV00001552,DS006,Nungambakkam,Medium,P0102,Britannia Good Day Butter 600g,Snacks & Munchies,80,High,Ambient,5,5,3,In Stock,0.39,35,29,2,12.8,2026-02-15,400
INV00001553,DS006,Nungambakkam,Medium,P0103,Britannia Marie Gold 250g,Snacks & Munchies,32,High,Ambient,2,5,3,Low Stock,0.29,26,23,2,6.9,2026-02-13,64
INV00001554,DS006,Nungambakkam,Medium,P0104,Sunfeast Dark Fantasy 300g,Snacks & Munchies,110,High,Ambient,5,5,3,In Stock,0.29,26,24,1,17.2,2026-02-10,550
INV00001555,DS006,Nungambakkam,Medium,P0105,Oreo Original 300g,Snacks & Munchies,40,High,Ambient,3,5,3,Low Stock,0.38,34,33,2,7.9,2026-02-10,120
INV00001556,DS006,Nungambakkam,Medium,P0106,Hide & Seek 240g,Snacks & Munchies,50,High,Ambient,4,5,3,In Stock,0.4,36,34,2,10.0,2026-02-12,200
INV00001557,DS006,Nungambakkam,Medium,P0107,Monaco Classic 200g,Snacks & Munchies,25,Medium,Ambient,5,5,3,In Stock,0.09,8,7,0,55.6,2026-02-10,125
INV00001558,DS006,Nungambakkam,Medium,P0108,Parle 20-20 Cashew Cookies 400g,Snacks & Munchies,55,Medium,Ambient,5,5,3,In Stock,0.12,11,10,0,41.7,2026-02-10,275
INV00001559,DS006,Nungambakkam,Medium,P0109,Cadbury Dairy Milk Silk 60g,Snacks & Munchies,100,High,Ambient,4,5,3,In Stock,0.16,14,13,1,25.0,2026-02-11,400
INV00001560,DS006,Nungambakkam,Medium,P0110,KitKat 4 Finger 37.3g,Snacks & Munchies,40,High,Ambient,13,22,6,In Stock,0.0,0,0,0,999.0,2026-02-12,520
INV00001561,DS006,Nungambakkam,Medium,P0111,5 Star Chocolate 40g,Snacks & Munchies,25,High,Ambient,2,5,3,Low Stock,0.33,30,26,0,6.1,2026-02-15,50
INV00001562,DS006,Nungambakkam,Medium,P0112,Snickers 50g,Snacks & Munchies,40,High,Ambient,5,5,3,In Stock,0.31,28,27,2,16.1,2026-02-10,200
INV00001563,DS006,Nungambakkam,Medium,P0113,Munch Chocolate 30g,Snacks & Munchies,20,High,Ambient,4,5,3,In Stock,0.32,29,23,0,12.5,2026-02-15,80
INV00001564,DS006,Nungambakkam,Medium,P0114,Too Yumm Veggie Stix 56g,Snacks & Munchies,35,High,Ambient,4,5,3,In Stock,0.32,29,27,0,12.5,2026-02-10,140
INV00001565,DS006,Nungambakkam,Medium,P0115,Act II Popcorn Butter 60g,Snacks & Munchies,50,High,Ambient,5,5,3,In Stock,0.36,32,27,1,13.9,2026-02-13,250
INV00001566,DS006,Nungambakkam,Medium,P0116,Cornitos Nacho Chips 150g,Snacks & Munchies,70,Medium,Ambient,3,5,3,Low Stock,0.16,14,11,1,18.8,2026-02-09,210
INV00001567,DS006,Nungambakkam,Medium,P0117,Maggi Masala Noodles 70g,Breakfast & Instant Food,14,High,Ambient,2,5,3,Low Stock,0.36,32,25,0,5.6,2026-02-14,28
INV00001568,DS006,Nungambakkam,Medium,P0118,Maggi Masala Noodles 280g (4pack),Breakfast & Instant Food,52,High,Ambient,4,5,3,In Stock,0.39,35,29,0,10.3,2026-02-09,208
INV00001569,DS006,Nungambakkam,Medium,P0119,Maggi Atta Noodles 320g,Breakfast & Instant Food,54,Medium,Ambient,5,5,3,In Stock,0.11,10,10,2,45.5,2026-02-09,270
INV00001570,DS006,Nungambakkam,Medium,P0120,Top Ramen Curry 280g,Breakfast & Instant Food,48,Medium,Ambient,3,5,3,Low Stock,0.11,10,10,0,27.3,2026-02-14,144
INV00001571,DS006,Nungambakkam,Medium,P0121,Yippee Magic Masala 240g,Breakfast & Instant Food,42,Medium,Ambient,2,5,3,Low Stock,0.16,14,12,1,12.5,2026-02-11,84
INV00001572,DS006,Nungambakkam,Medium,P0122,Sunfeast Yippee 420g,Breakfast & Instant Food,60,High,Ambient,3,5,3,Low Stock,0.34,31,27,1,8.8,2026-02-11,180
INV00001573,DS006,Nungambakkam,Medium,P0123,Knorr Chicken Soup 40g,Breakfast & Instant Food,35,High,Ambient,2,5,3,Low Stock,0.29,26,22,0,6.9,2026-02-11,70
INV00001574,DS006,Nungambakkam,Medium,P0124,Knorr Hot & Sour Veg Soup 42g,Breakfast & Instant Food,35,High,Ambient,4,5,3,In Stock,0.41,37,33,0,9.8,2026-02-11,140
INV00001575,DS006,Nungambakkam,Medium,P0125,Maggi Hot Heads 73g,Breakfast & Instant Food,25,High,Ambient,2,5,3,Low Stock,0.34,31,27,1,5.9,2026-02-14,50
INV00001576,DS006,Nungambakkam,Medium,P0126,Pasta Treat Penne 500g,Breakfast & Instant Food,85,High,Ambient,5,5,3,In Stock,0.36,32,26,0,13.9,2026-02-14,425
INV00001577,DS006,Nungambakkam,Medium,P0127,MTR Idli Mix 500g,Breakfast & Instant Food,75,Medium,Ambient,3,5,3,Low Stock,0.12,11,10,2,25.0,2026-02-10,225
INV00001578,DS006,Nungambakkam,Medium,P0128,MTR Dosa Mix 500g,Breakfast & Instant Food,75,High,Ambient,2,5,3,Low Stock,0.36,32,29,2,5.6,2026-02-11,150
INV00001579,DS006,Nungambakkam,Medium,P0129,MTR Rava Idli 500g,Breakfast & Instant Food,70,Medium,Ambient,2,5,3,Low Stock,0.12,11,8,1,16.7,2026-02-11,140
INV00001580,DS006,Nungambakkam,Medium,P0130,ID Fresh Idli Batter 1kg,Breakfast & Instant Food,75,Medium,Ambient,5,5,3,In Stock,0.09,8,8,0,55.6,2026-02-14,375
INV00001581,DS006,Nungambakkam,Medium,P0131,ID Fresh Dosa Batter 1kg,Breakfast & Instant Food,75,Medium,Ambient,5,5,3,In Stock,0.19,17,14,1,26.3,2026-02-10,375
INV00001582,DS006,Nungambakkam,Medium,P0132,Saffola Masala Oats 400g,Breakfast & Instant Food,145,High,Ambient,3,5,3,Low Stock,0.24,22,19,1,12.5,2026-02-11,435
INV00001583,DS006,Nungambakkam,Medium,P0133,Quaker Oats 1kg,Breakfast & Instant Food,185,High,Ambient,3,5,3,Low Stock,0.4,36,30,2,7.5,2026-02-12,555
INV00001584,DS006,Nungambakkam,Medium,P0134,Kelloggs Corn Flakes 875g,Breakfast & Instant Food,340,High,Ambient,2,5,3,Low Stock,0.32,29,25,1,6.2,2026-02-15,680
INV00001585,DS006,Nungambakkam,Medium,P0135,Kelloggs Chocos 375g,Breakfast & Instant Food,185,High,Ambient,4,5,3,In Stock,0.4,36,30,2,10.0,2026-02-12,740
INV00001586,DS006,Nungambakkam,Medium,P0136,Nestle Ceregrow 300g,Breakfast & Instant Food,395,Medium,Ambient,4,5,3,In Stock,0.14,13,11,1,28.6,2026-02-11,1580
INV00001587,DS006,Nungambakkam,Medium,P0137,MTR Vermicelli Roasted 440g,Breakfast & Instant Food,55,Medium,Ambient,2,5,3,Low Stock,0.1,9,9,2,20.0,2026-02-09,110
INV00001588,DS006,Nungambakkam,Medium,P0138,Bambino Vermicelli 175g,Breakfast & Instant Food,25,High,Ambient,4,5,3,In Stock,0.36,32,25,2,11.1,2026-02-14,100
INV00001589,DS006,Nungambakkam,Medium,P0139,Haldiram Moong Dal 200g,Breakfast & Instant Food,55,High,Ambient,4,5,3,In Stock,0.6,54,41,2,6.7,2026-02-14,220
INV00001590,DS006,Nungambakkam,Medium,P0140,McCain French Fries 420g,Breakfast & Instant Food,145,High,Ambient,4,5,3,In Stock,0.38,34,29,1,10.5,2026-02-09,580
INV00001591,DS006,Nungambakkam,Medium,P0141,McCain Veggie Fingers 360g,Breakfast & Instant Food,180,High,Ambient,2,5,3,Low Stock,0.37,33,29,1,5.4,2026-02-10,360
INV00001592,DS006,Nungambakkam,Medium,P0142,Aashirvaad Atta 5kg,"Atta, Rice & Dal",240,High,Ambient,3,5,3,Low Stock,0.29,26,22,0,10.3,2026-02-10,720
INV00001593,DS006,Nungambakkam,Medium,P0143,Aashirvaad Atta 10kg,"Atta, Rice & Dal",475,High,Ambient,2,5,3,Low Stock,0.18,16,14,2,11.1,2026-02-09,950
INV00001594,DS006,Nungambakkam,Medium,P0144,Fortune Chakki Fresh Atta 5kg,"Atta, Rice & Dal",235,High,Ambient,3,5,3,Low Stock,0.23,21,19,1,13.0,2026-02-13,705
INV00001595,DS006,Nungambakkam,Medium,P0145,Pillsbury Chakki Fresh Atta 5kg,"Atta, Rice & Dal",240,High,Ambient,5,5,3,In Stock,0.13,12,11,1,38.5,2026-02-15,1200
INV00001596,DS006,Nungambakkam,Medium,P0146,India Gate Basmati Rice 1kg,"Atta, Rice & Dal",190,Medium,Ambient,2,5,3,Low Stock,0.13,12,11,2,15.4,2026-02-12,380
INV00001597,DS006,Nungambakkam,Medium,P0147,India Gate Basmati Rice 5kg,"Atta, Rice & Dal",900,High,Ambient,3,5,3,Low Stock,0.27,24,19,1,11.1,2026-02-14,2700
INV00001598,DS006,Nungambakkam,Medium,P0148,Daawat Basmati Rice 1kg,"Atta, Rice & Dal",180,High,Ambient,4,5,3,In Stock,0.31,28,23,0,12.9,2026-02-13,720
INV00001599,DS006,Nungambakkam,Medium,P0149,Fortune Biryani Special Basmati 1kg,"Atta, Rice & Dal",170,Medium,Ambient,5,5,3,In Stock,0.11,10,9,0,45.5,2026-02-13,850
INV00001600,DS006,Nungambakkam,Medium,P0150,Sona Masoori Rice 5kg,"Atta, Rice & Dal",280,High,Ambient,20,20,6,In Stock,0.0,0,0,0,999.0,2026-02-11,5600
INV00001601,DS006,Nungambakkam,Medium,P0151,Ponni Boiled Rice 5kg,"Atta, Rice & Dal",250,High,Ambient,5,5,3,In Stock,0.23,21,18,1,21.7,2026-02-10,1250
INV00001602,DS006,Nungambakkam,Medium,P0152,Tata Sampann Toor Dal 1kg,"Atta, Rice & Dal",160,High,Ambient,5,5,3,In Stock,0.18,16,14,1,27.8,2026-02-13,800
INV00001603,DS006,Nungambakkam,Medium,P0153,Tata Sampann Moong Dal 500g,"Atta, Rice & Dal",85,Medium,Ambient,4,5,3,In Stock,0.08,7,7,2,50.0,2026-02-10,340
INV00001604,DS006,Nungambakkam,Medium,P0154,Tata Sampann Chana Dal 1kg,"Atta, Rice & Dal",155,High,Ambient,3,5,3,Low Stock,0.28,25,22,0,10.7,2026-02-13,465
INV00001605,DS006,Nungambakkam,Medium,P0155,Tata Sampann Masoor Dal 500g,"Atta, Rice & Dal",75,High,Ambient,5,5,3,In Stock,0.24,22,16,1,20.8,2026-02-11,375
INV00001606,DS006,Nungambakkam,Medium,P0156,Tata Sampann Urad Dal 500g,"Atta, Rice & Dal",90,High,Ambient,2,5,3,Low Stock,0.18,16,13,2,11.1,2026-02-15,180
INV00001607,DS006,Nungambakkam,Medium,P0157,Rajma 500g,"Atta, Rice & Dal",110,High,Ambient,5,5,3,In Stock,0.22,20,18,0,22.7,2026-02-14,550
INV00001608,DS006,Nungambakkam,Medium,P0158,Kabuli Chana 500g,"Atta, Rice & Dal",95,High,Ambient,3,5,3,Low Stock,0.21,19,15,1,14.3,2026-02-12,285
INV00001609,DS006,Nungambakkam,Medium,P0159,Tata Salt 1kg,"Atta, Rice & Dal",22,Medium,Ambient,5,5,3,In Stock,0.11,10,9,0,45.5,2026-02-11,110
INV00001610,DS006,Nungambakkam,Medium,P0160,Tata Salt Lite 1kg,"Atta, Rice & Dal",52,High,Ambient,5,5,3,In Stock,0.18,16,14,2,27.8,2026-02-15,260
INV00001611,DS006,Nungambakkam,Medium,P0161,Catch Salt 1kg,"Atta, Rice & Dal",20,Medium,Ambient,3,5,3,Low Stock,0.11,10,10,0,27.3,2026-02-12,60
INV00001612,DS006,Nungambakkam,Medium,P0162,Sugar 1kg,"Atta, Rice & Dal",45,High,Ambient,3,5,3,Low Stock,0.19,17,15,2,15.8,2026-02-12,135
INV00001613,DS006,Nungambakkam,Medium,P0163,Brown Sugar 500g,"Atta, Rice & Dal",50,High,Ambient,4,5,3,In Stock,0.23,21,16,2,17.4,2026-02-11,200
INV00001614,DS006,Nungambakkam,Medium,P0164,Jaggery Powder 500g,"Atta, Rice & Dal",65,High,Ambient,18,20,6,In Stock,0.0,0,0,0,999.0,2026-02-13,1170
INV00001615,DS006,Nungambakkam,Medium,P0165,Rava Medium 500g,"Atta, Rice & Dal",35,High,Ambient,4,5,3,In Stock,0.24,22,18,2,16.7,2026-02-11,140
INV00001616,DS006,Nungambakkam,Medium,P0166,Poha Thick 500g,"Atta, Rice & Dal",45,High,Ambient,5,5,3,In Stock,0.24,22,21,2,20.8,2026-02-11,225
INV00001617,DS006,Nungambakkam,Medium,P0167,Sabudana 500g,"Atta, Rice & Dal",75,High,Ambient,3,5,3,Low Stock,0.21,19,19,2,14.3,2026-02-13,225
INV00001618,DS006,Nungambakkam,Medium,P0168,MDH Deggi Mirch 100g,"Masala, Oil & More",85,Medium,Ambient,3,5,3,Low Stock,0.13,12,11,0,23.1,2026-02-15,255
INV00001619,DS006,Nungambakkam,Medium,P0169,MDH Garam Masala 100g,"Masala, Oil & More",90,High,Ambient,4,5,3,In Stock,0.29,26,22,1,13.8,2026-02-09,360
INV00001620,DS006,Nungambakkam,Medium,P0170,MDH Chana Masala 100g,"Masala, Oil & More",85,Low,Ambient,3,5,3,Low Stock,0.01,1,1,1,300.0,2026-02-14,255
INV00001621,DS006,Nungambakkam,Medium,P0171,Everest Turmeric Powder 200g,"Masala, Oil & More",95,High,Ambient,3,5,3,Low Stock,0.13,12,10,1,23.1,2026-02-12,285
INV00001622,DS006,Nungambakkam,Medium,P0172,Everest Red Chilli Powder 200g,"Masala, Oil & More",105,Medium,Ambient,2,5,3,Low Stock,0.12,11,10,0,16.7,2026-02-14,210
INV00001623,DS006,Nungambakkam,Medium,P0173,Everest Coriander Powder 200g,"Masala, Oil & More",65,Medium,Ambient,5,5,3,In Stock,0.07,6,5,0,71.4,2026-02-12,325
INV00001624,DS006,Nungambakkam,Medium,P0174,Catch Cumin Powder 100g,"Masala, Oil & More",70,High,Ambient,4,5,3,In Stock,0.28,25,22,2,14.3,2026-02-09,280
INV00001625,DS006,Nungambakkam,Medium,P0175,Catch Chat Masala 100g,"Masala, Oil & More",60,High,Ambient,5,5,3,In Stock,0.29,26,23,2,17.2,2026-02-10,300
INV00001626,DS006,Nungambakkam,Medium,P0176,Ching Secret Manchurian 60g,"Masala, Oil & More",65,Low,Ambient,3,5,3,Low Stock,0.08,7,6,0,37.5,2026-02-11,195
INV00001627,DS006,Nungambakkam,Medium,P0177,Maggi Magic Cubes 40g,"Masala, Oil & More",20,Medium,Ambient,5,5,3,In Stock,0.14,13,12,2,35.7,2026-02-12,100
INV00001628,DS006,Nungambakkam,Medium,P0178,Kissan Fresh Tomato Ketchup 900g,"Masala, Oil & More",120,High,Ambient,2,5,3,Low Stock,0.2,18,17,1,10.0,2026-02-10,240
INV00001629,DS006,Nungambakkam,Medium,P0179,Kissan Tomato Sauce 1kg,"Masala, Oil & More",125,High,Ambient,3,5,3,Low Stock,0.31,28,23,0,9.7,2026-02-09,375
INV00001630,DS006,Nungambakkam,Medium,P0180,Maggi Hot & Sweet Sauce 1kg,"Masala, Oil & More",140,High,Ambient,4,5,3,In Stock,0.26,23,22,0,15.4,2026-02-09,560
INV00001631,DS006,Nungambakkam,Medium,P0181,Fortune Sunflower Oil 1L,"Masala, Oil & More",160,Low,Ambient,2,5,3,Low Stock,0.0,0,0,0,999.0,2026-02-15,320
INV00001632,DS006,Nungambakkam,Medium,P0182,Fortune Refined Oil 5L,"Masala, Oil & More",750,Medium,Ambient,5,5,3,In Stock,0.11,10,8,1,45.5,2026-02-15,3750
INV00001633,DS006,Nungambakkam,Medium,P0183,Sundrop Sunflower Oil 1L,"Masala, Oil & More",155,Medium,Ambient,3,5,3,Low Stock,0.09,8,6,0,33.3,2026-02-15,465
INV00001634,DS006,Nungambakkam,Medium,P0184,Dhara Refined Oil 1L,"Masala, Oil & More",150,Medium,Ambient,4,5,3,In Stock,0.11,10,9,2,36.4,2026-02-09,600
INV00001635,DS006,Nungambakkam,Medium,P0185,Fortune Mustard Oil 1L,"Masala, Oil & More",185,High,Ambient,4,5,3,In Stock,0.16,14,13,2,25.0,2026-02-14,740
INV00001636,DS006,Nungambakkam,Medium,P0186,KS Gingelly Oil 500ml,"Masala, Oil & More",200,Medium,Ambient,3,5,3,Low Stock,0.06,5,5,0,50.0,2026-02-09,600
INV00001637,DS006,Nungambakkam,Medium,P0187,Parachute Coconut Oil 500ml,"Masala, Oil & More",195,High,Ambient,4,5,3,In Stock,0.22,20,15,2,18.2,2026-02-12,780
INV00001638,DS006,Nungambakkam,Medium,P0188,Saffola Gold Oil 1L,"Masala, Oil & More",250,High,Ambient,4,5,3,In Stock,0.34,31,25,2,11.8,2026-02-15,1000
INV00001639,DS006,Nungambakkam,Medium,P0189,Ghee 500ml,"Masala, Oil & More",295,Low,Ambient,5,5,3,In Stock,0.04,4,4,2,125.0,2026-02-09,1475
INV00001640,DS006,Nungambakkam,Medium,P0190,Amul Pure Ghee 500ml,"Masala, Oil & More",340,Medium,Ambient,2,5,3,Low Stock,0.17,15,12,2,11.8,2026-02-13,680
INV00001641,DS006,Nungambakkam,Medium,P0191,Dalda Vanaspati 1L,"Masala, Oil & More",200,High,Ambient,5,5,3,In Stock,0.16,14,14,2,31.2,2026-02-09,1000
INV00001642,DS006,Nungambakkam,Medium,P0192,Nutella Hazelnut Spread 350g,Sauces & Spreads,385,Medium,Ambient,4,5,3,In Stock,0.08,7,7,1,50.0,2026-02-10,1540
INV00001643,DS006,Nungambakkam,Medium,P0193,Kissan Mixed Fruit Jam 500g,Sauces & Spreads,140,Medium,Ambient,3,5,3,Low Stock,0.16,14,10,1,18.8,2026-02-11,420
INV00001644,DS006,Nungambakkam,Medium,P0194,Kissan Pineapple Jam 500g,Sauces & Spreads,135,Medium,Ambient,4,5,3,In Stock,0.12,11,9,2,33.3,2026-02-09,540
INV00001645,DS006,Nungambakkam,Medium,P0195,Mapro Mango Jam 500g,Sauces & Spreads,155,Low,Ambient,2,5,3,Low Stock,0.02,2,2,2,100.0,2026-02-11,310
INV00001646,DS006,Nungambakkam,Medium,P0196,Hersheys Chocolate Syrup 623g,Sauces & Spreads,325,Medium,Ambient,3,5,3,Low Stock,0.07,6,5,1,42.9,2026-02-13,975
INV00001647,DS006,Nungambakkam,Medium,P0197,Veeba Mayonnaise 250g,Sauces & Spreads,85,Low,Ambient,2,5,3,Low Stock,0.07,6,5,2,28.6,2026-02-14,170
INV00001648,DS006,Nungambakkam,Medium,P0198,Funfoods Peri Peri Sauce 325g,Sauces & Spreads,130,Medium,Ambient,5,5,3,In Stock,0.08,7,6,0,62.5,2026-02-11,650
INV00001649,DS006,Nungambakkam,Medium,P0199,Veeba Sandwich Spread 275g,Sauces & Spreads,90,Medium,Ambient,2,5,3,Low Stock,0.13,12,10,2,15.4,2026-02-15,180
INV00001650,DS006,Nungambakkam,Medium,P0200,Ching Red Chilli Sauce 680g,Sauces & Spreads,115,Low,Ambient,5,5,3,In Stock,0.09,8,5,2,55.6,2026-02-10,575
INV00001651,DS006,Nungambakkam,Medium,P0201,Ching Green Chilli Sauce 190g,Sauces & Spreads,60,Medium,Ambient,11,15,4,In Stock,0.0,0,0,0,999.0,2026-02-10,660
INV00001652,DS006,Nungambakkam,Medium,P0202,Del Monte Pasta Sauce 400g,Sauces & Spreads,145,Low,Ambient,3,5,3,Low Stock,0.04,4,3,0,75.0,2026-02-10,435
INV00001653,DS006,Nungambakkam,Medium,P0203,Maggi Pichkoo 90g,Sauces & Spreads,45,Medium,Ambient,3,5,3,Low Stock,0.11,10,9,0,27.3,2026-02-12,135
INV00001654,DS006,Nungambakkam,Medium,P0204,Tata Tea Gold 1kg,"Tea, Coffee & Health Drinks",490,High,Ambient,4,5,3,In Stock,0.39,35,29,0,10.3,2026-02-12,1960
INV00001655,DS006,Nungambakkam,Medium,P0205,Tata Tea Premium 1kg,"Tea, Coffee & Health Drinks",460,Medium,Ambient,3,5,3,Low Stock,0.18,16,13,2,16.7,2026-02-13,1380
INV00001656,DS006,Nungambakkam,Medium,P0206,Red Label Natural Care 1kg,"Tea, Coffee & Health Drinks",440,Medium,Ambient,4,5,3,In Stock,0.11,10,7,0,36.4,2026-02-10,1760
INV00001657,DS006,Nungambakkam,Medium,P0207,Brooke Bond Taj Mahal 1kg,"Tea, Coffee & Health Drinks",520,High,Ambient,2,5,3,Low Stock,0.28,25,20,0,7.1,2026-02-14,1040
INV00001658,DS006,Nungambakkam,Medium,P0208,Society Tea 1kg,"Tea, Coffee & Health Drinks",380,High,Ambient,5,5,3,In Stock,0.31,28,25,0,16.1,2026-02-12,1900
INV00001659,DS006,Nungambakkam,Medium,P0209,Nescafe Classic 50g,"Tea, Coffee & Health Drinks",215,High,Ambient,3,5,3,Low Stock,0.31,28,25,1,9.7,2026-02-12,645
INV00001660,DS006,Nungambakkam,Medium,P0210,Bru Instant Coffee 50g,"Tea, Coffee & Health Drinks",175,High,Ambient,2,5,3,Low Stock,0.3,27,23,1,6.7,2026-02-15,350
INV00001661,DS006,Nungambakkam,Medium,P0211,Nescafe Sunrise Premium 50g,"Tea, Coffee & Health Drinks",145,High,Ambient,3,5,3,Low Stock,0.17,15,12,0,17.6,2026-02-14,435
INV00001662,DS006,Nungambakkam,Medium,P0212,Bru Gold 100g,"Tea, Coffee & Health Drinks",345,High,Ambient,4,5,3,In Stock,0.27,24,22,0,14.8,2026-02-11,1380
INV00001663,DS006,Nungambakkam,Medium,P0213,Horlicks Classic Malt 500g,"Tea, Coffee & Health Drinks",285,Medium,Ambient,2,5,3,Low Stock,0.14,13,11,2,14.3,2026-02-15,570
INV00001664,DS006,Nungambakkam,Medium,P0214,Boost Health Drink 500g,"Tea, Coffee & Health Drinks",265,High,Ambient,5,5,3,In Stock,0.32,29,24,1,15.6,2026-02-14,1325
INV00001665,DS006,Nungambakkam,Medium,P0215,Complan Chocolate 500g,"Tea, Coffee & Health Drinks",360,Medium,Ambient,3,5,3,Low Stock,0.11,10,8,0,27.3,2026-02-09,1080
INV00001666,DS006,Nungambakkam,Medium,P0216,Bournvita 500g,"Tea, Coffee & Health Drinks",250,High,Ambient,5,5,3,In Stock,0.3,27,26,2,16.7,2026-02-15,1250
INV00001667,DS006,Nungambakkam,Medium,P0217,Milo 400g,"Tea, Coffee & Health Drinks",245,Medium,Ambient,4,5,3,In Stock,0.12,11,10,1,33.3,2026-02-11,980
INV00001668,DS006,Nungambakkam,Medium,P0218,Proteinex Powder 250g,"Tea, Coffee & Health Drinks",285,High,Ambient,2,5,3,Low Stock,0.29,26,23,0,6.9,2026-02-09,570
INV00001669,DS006,Nungambakkam,Medium,P0219,Green Tea 100 Bags,"Tea, Coffee & Health Drinks",350,High,Ambient,4,5,3,In Stock,0.24,22,18,1,16.7,2026-02-15,1400
INV00001670,DS006,Nungambakkam,Medium,P0220,Lipton Green Tea 25 Bags,"Tea, Coffee & Health Drinks",125,High,Ambient,5,5,3,In Stock,0.34,31,27,0,14.7,2026-02-15,625
INV00001671,DS006,Nungambakkam,Medium,P0221,Vim Dishwash Gel 750ml,Cleaning & Household,95,High,Ambient,3,5,3,Low Stock,0.14,13,13,0,21.4,2026-02-14,285
INV00001672,DS006,Nungambakkam,Medium,P0222,Vim Dishwash Bar 600g,Cleaning & Household,55,Medium,Ambient,2,5,3,Low Stock,0.08,7,7,1,25.0,2026-02-13,110
INV00001673,DS006,Nungambakkam,Medium,P0223,Pril Dishwash Liquid 750ml,Cleaning & Household,105,High,Ambient,2,5,3,Low Stock,0.24,22,19,1,8.3,2026-02-15,210
INV00001674,DS006,Nungambakkam,Medium,P0224,Lizol Floor Cleaner 975ml,Cleaning & Household,185,Low,Ambient,4,5,3,In Stock,0.07,6,5,1,57.1,2026-02-10,740
INV00001675,DS006,Nungambakkam,Medium,P0225,Harpic Toilet Cleaner 1L,Cleaning & Household,165,Medium,Ambient,5,5,3,In Stock,0.09,8,7,2,55.6,2026-02-12,825
INV00001676,DS006,Nungambakkam,Medium,P0226,Domex Toilet Cleaner 1L,Cleaning & Household,135,High,Ambient,4,5,3,In Stock,0.33,30,27,2,12.1,2026-02-14,540
INV00001677,DS006,Nungambakkam,Medium,P0227,Colin Glass Cleaner 500ml,Cleaning & Household,155,Medium,Ambient,2,5,3,Low Stock,0.12,11,10,0,16.7,2026-02-09,310
INV00001678,DS006,Nungambakkam,Medium,P0228,Surf Excel Matic 2kg,Cleaning & Household,365,Low,Ambient,2,5,3,Low Stock,0.03,3,3,1,66.7,2026-02-10,730
INV00001679,DS006,Nungambakkam,Medium,P0229,Ariel Matic 2kg,Cleaning & Household,395,Medium,Ambient,4,5,3,In Stock,0.11,10,9,2,36.4,2026-02-14,1580
INV00001680,DS006,Nungambakkam,Medium,P0230,Tide Plus 2kg,Cleaning & Household,285,High,Ambient,3,5,3,Low Stock,0.17,15,14,2,17.6,2026-02-14,855
INV00001681,DS006,Nungambakkam,Medium,P0231,Comfort Fabric Conditioner 860ml,Cleaning & Household,195,Medium,Ambient,5,5,3,In Stock,0.14,13,9,1,35.7,2026-02-14,975
INV00001682,DS006,Nungambakkam,Medium,P0232,Rin Detergent Bar 250g,Cleaning & Household,35,Medium,Ambient,4,5,3,In Stock,0.12,11,10,2,33.3,2026-02-15,140
INV00001683,DS006,Nungambakkam,Medium,P0233,Godrej aer Spray 240ml,Cleaning & Household,199,Low,Ambient,2,5,3,Low Stock,0.03,3,3,0,66.7,2026-02-12,398
INV00001684,DS006,Nungambakkam,Medium,P0234,Good Knight Activ+ Refill 45ml,Cleaning & Household,115,High,Ambient,5,5,3,In Stock,0.19,17,15,2,26.3,2026-02-13,575
INV00001685,DS006,Nungambakkam,Medium,P0235,All Out Refill 45ml,Cleaning & Household,95,High,Ambient,15,21,6,In Stock,0.0,0,0,0,999.0,2026-02-09,1425
INV00001686,DS006,Nungambakkam,Medium,P0236,Mortein Insect Spray 425ml,Cleaning & Household,225,Medium,Ambient,4,5,3,In Stock,0.12,11,8,2,33.3,2026-02-13,900
INV00001687,DS006,Nungambakkam,Medium,P0237,Hit Cockroach Killer 625ml,Cleaning & Household,245,High,Ambient,2,5,3,Low Stock,0.31,28,23,1,6.5,2026-02-11,490
INV00001688,DS006,Nungambakkam,Medium,P0238,Scotch Brite Scrub Pad 3pc,Cleaning & Household,75,High,Ambient,3,5,3,Low Stock,0.36,32,26,0,8.3,2026-02-12,225
INV00001689,DS006,Nungambakkam,Medium,P0239,Savlon Handwash 750ml,Cleaning & Household,135,High,Ambient,2,5,3,Low Stock,0.2,18,17,2,10.0,2026-02-12,270
INV00001690,DS006,Nungambakkam,Medium,P0240,Dettol Handwash 750ml,Cleaning & Household,155,Low,Ambient,2,5,3,Low Stock,0.03,3,3,1,66.7,2026-02-10,310
INV00001691,DS006,Nungambakkam,Medium,P0241,Origami Tissues 100 Pulls,Cleaning & Household,45,Medium,Ambient,4,5,3,In Stock,0.07,6,6,0,57.1,2026-02-15,180
INV00001692,DS006,Nungambakkam,Medium,P0242,Dettol Soap 125g (4 pack),Personal Care,145,High,Ambient,3,5,3,Low Stock,0.19,17,15,1,15.8,2026-02-12,435
INV00001693,DS006,Nungambakkam,Medium,P0243,Lifebuoy Soap 125g (4 pack),Personal Care,115,High,Ambient,3,5,3,Low Stock,0.32,29,25,1,9.4,2026-02-09,345
INV00001694,DS006,Nungambakkam,Medium,P0244,Dove Soap 125g (3 pack),Personal Care,180,Medium,Ambient,2,5,3,Low Stock,0.07,6,6,2,28.6,2026-02-14,360
INV00001695,DS006,Nungambakkam,Medium,P0245,Pears Soap 125g (3 pack),Personal Care,150,High,Ambient,13,16,4,In Stock,0.0,0,0,0,999.0,2026-02-11,1950
INV00001696,DS006,Nungambakkam,Medium,P0246,Lux Soap 125g (3 pack),Personal Care,125,High,Ambient,2,5,3,Low Stock,0.29,26,22,1,6.9,2026-02-10,250
INV00001697,DS006,Nungambakkam,Medium,P0247,Clinic Plus Shampoo 650ml,Personal Care,265,Low,Ambient,3,5,3,Low Stock,0.01,1,1,0,300.0,2026-02-15,795
INV00001698,DS006,Nungambakkam,Medium,P0248,Pantene Shampoo 650ml,Personal Care,385,High,Ambient,2,5,3,Low Stock,0.26,23,22,2,7.7,2026-02-13,770
INV00001699,DS006,Nungambakkam,Medium,P0249,Dove Shampoo 650ml,Personal Care,425,Medium,Ambient,3,5,3,Low Stock,0.14,13,10,2,21.4,2026-02-09,1275
INV00001700,DS006,Nungambakkam,Medium,P0250,Head & Shoulders 650ml,Personal Care,485,High,Ambient,4,5,3,In Stock,0.21,19,17,2,19.0,2026-02-10,1940
INV00001701,DS006,Nungambakkam,Medium,P0251,Sunsilk Shampoo 650ml,Personal Care,295,High,Ambient,3,5,3,Low Stock,0.31,28,26,0,9.7,2026-02-11,885
INV00001702,DS006,Nungambakkam,Medium,P0252,Colgate Total 300g,Personal Care,185,Medium,Ambient,2,5,3,Low Stock,0.11,10,9,1,18.2,2026-02-14,370
INV00001703,DS006,Nungambakkam,Medium,P0253,Colgate Maxfresh 150g,Personal Care,105,High,Ambient,3,5,3,Low Stock,0.24,22,18,1,12.5,2026-02-12,315
INV00001704,DS006,Nungambakkam,Medium,P0254,Pepsodent 200g,Personal Care,85,High,Ambient,2,5,3,Low Stock,0.17,15,11,1,11.8,2026-02-12,170
INV00001705,DS006,Nungambakkam,Medium,P0255,Sensodyne Toothpaste 150g,Personal Care,265,Medium,Ambient,3,5,3,Low Stock,0.13,12,10,1,23.1,2026-02-15,795
INV00001706,DS006,Nungambakkam,Medium,P0256,Oral B Toothbrush,Personal Care,95,High,Ambient,30,28,8,In Stock,0.0,0,0,0,999.0,2026-02-11,2850
INV00001707,DS006,Nungambakkam,Medium,P0257,Gillette Shaving Cream 418g,Personal Care,265,Medium,Ambient,4,5,3,In Stock,0.09,8,7,1,44.4,2026-02-12,1060
INV00001708,DS006,Nungambakkam,Medium,P0258,Gillette Mach 3 Razor,Personal Care,285,High,Ambient,5,5,3,In Stock,0.27,24,21,0,18.5,2026-02-09,1425
INV00001709,DS006,Nungambakkam,Medium,P0259,Veet Hair Removal Cream 100g,Personal Care,215,High,Ambient,5,5,3,In Stock,0.34,31,23,0,14.7,2026-02-14,1075
INV00001710,DS006,Nungambakkam,Medium,P0260,Nivea Body Lotion 400ml,Personal Care,295,High,Ambient,2,5,3,Low Stock,0.16,14,13,2,12.5,2026-02-14,590
INV00001711,DS006,Nungambakkam,Medium,P0261,Vaseline Petroleum Jelly 100ml,Personal Care,105,High,Ambient,3,5,3,Low Stock,0.2,18,16,1,15.0,2026-02-12,315
INV00001712,DS006,Nungambakkam,Medium,P0262,Ponds Face Cream 100ml,Personal Care,235,Medium,Ambient,5,5,3,In Stock,0.1,9,8,0,50.0,2026-02-13,1175
INV00001713,DS006,Nungambakkam,Medium,P0263,Fair & Lovely 80g,Personal Care,175,High,Ambient,3,5,3,Low Stock,0.22,20,20,2,13.6,2026-02-15,525
INV00001714,DS006,Nungambakkam,Medium,P0264,Garnier Face Wash 100g,Personal Care,145,Medium,Ambient,3,5,3,Low Stock,0.07,6,4,1,42.9,2026-02-09,435
INV00001715,DS006,Nungambakkam,Medium,P0265,Lakmé Face Cream 60g,Personal Care,295,High,Ambient,3,5,3,Low Stock,0.2,18,16,1,15.0,2026-02-12,885
INV00001716,DS006,Nungambakkam,Medium,P0266,Johnson Baby Powder 400g,Personal Care,285,High,Ambient,5,5,3,In Stock,0.19,17,15,0,26.3,2026-02-09,1425
INV00001717,DS006,Nungambakkam,Medium,P0267,Dettol Handwash Refill 750ml,Personal Care,145,High,Ambient,5,5,3,In Stock,0.23,21,19,0,21.7,2026-02-11,725
INV00001718,DS006,Nungambakkam,Medium,P0268,Savlon Antiseptic Liquid 500ml,Personal Care,165,High,Ambient,13,19,5,In Stock,0.0,0,0,0,999.0,2026-02-10,2145
INV00001719,DS006,Nungambakkam,Medium,P0269,Band Aid 10pc,Personal Care,55,Medium,Ambient,3,5,3,Low Stock,0.19,17,15,0,15.8,2026-02-11,165
INV00001720,DS006,Nungambakkam,Medium,P0270,Vicks VapoRub 50ml,Personal Care,145,High,Ambient,3,5,3,Low Stock,0.22,20,18,2,13.6,2026-02-12,435
INV00001721,DS006,Nungambakkam,Medium,P0271,Dettol Antiseptic Liquid 550ml,Personal Care,195,High,Ambient,5,5,3,In Stock,0.21,19,16,0,23.8,2026-02-13,975
INV00001722,DS006,Nungambakkam,Medium,P0272,Cotton Buds 100pc,Personal Care,45,High,Ambient,4,5,3,In Stock,0.27,24,21,2,14.8,2026-02-14,180
INV00001723,DS006,Nungambakkam,Medium,P0273,Whisper Ultra XL 15 Pads,Personal Care,185,Medium,Ambient,3,5,3,Low Stock,0.07,6,4,0,42.9,2026-02-11,555
INV00001724,DS006,Nungambakkam,Medium,P0274,Stayfree Secure XL 20 Pads,Personal Care,195,High,Ambient,2,5,3,Low Stock,0.22,20,19,1,9.1,2026-02-12,390
INV00001725,DS006,Nungambakkam,Medium,P0275,Sanfe Sanitary Napkins 10pc,Personal Care,155,Medium,Ambient,4,5,3,In Stock,0.1,9,8,0,40.0,2026-02-14,620
INV00001726,DS006,Nungambakkam,Medium,P0276,Pampers Baby Diapers S 20pc,Baby Care,495,Low,Ambient,3,5,3,Low Stock,0.06,5,4,1,50.0,2026-02-12,1485
INV00001727,DS006,Nungambakkam,Medium,P0277,Pampers Baby Diapers M 18pc,Baby Care,595,Medium,Ambient,3,5,3,Low Stock,0.14,13,11,1,21.4,2026-02-14,1785
INV00001728,DS006,Nungambakkam,Medium,P0278,Pampers Baby Diapers L 16pc,Baby Care,695,Low,Ambient,4,5,3,In Stock,0.06,5,4,0,66.7,2026-02-13,2780
INV00001729,DS006,Nungambakkam,Medium,P0279,Huggies Diapers S 22pc,Baby Care,485,Medium,Ambient,2,5,3,Low Stock,0.04,4,4,1,50.0,2026-02-12,970
INV00001730,DS006,Nungambakkam,Medium,P0280,Mamy Poko Pants M 20pc,Baby Care,575,Medium,Ambient,5,5,3,In Stock,0.01,1,1,0,500.0,2026-02-15,2875
INV00001731,DS006,Nungambakkam,Medium,P0281,Johnson Baby Soap 100g,Baby Care,55,Medium,Ambient,4,5,3,In Stock,0.08,7,6,0,50.0,2026-02-09,220
INV00001732,DS006,Nungambakkam,Medium,P0282,Johnson Baby Shampoo 200ml,Baby Care,175,Medium,Ambient,2,5,3,Low Stock,0.07,6,6,2,28.6,2026-02-09,350
INV00001733,DS006,Nungambakkam,Medium,P0283,Johnson Baby Lotion 200ml,Baby Care,195,Low,Ambient,2,5,3,Low Stock,0.01,1,1,1,200.0,2026-02-14,390
INV00001734,DS006,Nungambakkam,Medium,P0284,Johnson Baby Powder 200g,Baby Care,185,Low,Ambient,5,5,3,In Stock,0.01,1,1,1,500.0,2026-02-15,925
INV00001735,DS006,Nungambakkam,Medium,P0285,Himalaya Baby Lotion 200ml,Baby Care,165,Low,Ambient,2,5,3,Low Stock,0.02,2,2,1,100.0,2026-02-12,330
INV00001736,DS006,Nungambakkam,Medium,P0286,Cerelac Wheat 300g,Baby Care,185,Low,Ambient,2,5,3,Low Stock,0.06,5,5,2,33.3,2026-02-15,370
INV00001737,DS006,Nungambakkam,Medium,P0287,Cerelac Multi Grain 300g,Baby Care,195,Medium,Ambient,3,5,3,Low Stock,0.16,14,12,1,18.8,2026-02-11,585
INV00001738,DS006,Nungambakkam,Medium,P0288,Lactogen 1 (0-6 months) 400g,Baby Care,495,Medium,Ambient,4,5,3,In Stock,0.11,10,9,1,36.4,2026-02-14,1980
INV00001739,DS006,Nungambakkam,Medium,P0289,Farex Baby Food 300g,Baby Care,175,Medium,Ambient,4,5,3,In Stock,0.08,7,6,0,50.0,2026-02-09,700
INV00001740,DS006,Nungambakkam,Medium,P0290,Himalaya Baby Wipes 72pc,Baby Care,165,Medium,Ambient,3,5,3,Low Stock,0.06,5,4,1,50.0,2026-02-15,495
INV00001741,DS007,Sholinganallur,High,P0001,Amul Taaza Toned Milk 500ml,"Dairy, Bread & Eggs",28,High,Refrigerated,4,9,3,In Stock,1.42,128,85,2,2.8,2026-02-09,112
INV00001742,DS007,Sholinganallur,High,P0002,Amul Taaza Toned Milk 1L,"Dairy, Bread & Eggs",56,High,Refrigerated,7,8,3,In Stock,1.28,115,83,0,5.5,2026-02-11,392
INV00001743,DS007,Sholinganallur,High,P0003,Amul Gold Full Cream Milk 500ml,"Dairy, Bread & Eggs",32,High,Refrigerated,5,10,3,In Stock,1.36,122,81,0,3.7,2026-02-15,160
INV00001744,DS007,Sholinganallur,High,P0004,Amul Gold Full Cream Milk 1L,"Dairy, Bread & Eggs",64,High,Refrigerated,9,10,3,In Stock,1.51,136,78,2,6.0,2026-02-09,576
INV00001745,DS007,Sholinganallur,High,P0005,Heritage Fresh Milk 500ml,"Dairy, Bread & Eggs",30,High,Refrigerated,6,8,3,In Stock,1.29,116,81,0,4.7,2026-02-09,180
INV00001746,DS007,Sholinganallur,High,P0006,Nandini Milk 500ml,"Dairy, Bread & Eggs",26,Medium,Refrigerated,5,5,3,In Stock,0.5,45,30,2,10.0,2026-02-11,130
INV00001747,DS007,Sholinganallur,High,P0007,Amul Fresh Cream 250ml,"Dairy, Bread & Eggs",85,High,Refrigerated,4,10,3,In Stock,1.36,122,79,0,2.9,2026-02-12,340
INV00001748,DS007,Sholinganallur,High,P0008,Amul Masti Curd 400g,"Dairy, Bread & Eggs",32,High,Refrigerated,7,9,3,In Stock,1.3,117,78,0,5.4,2026-02-14,224
INV00001749,DS007,Sholinganallur,High,P0009,Mother Dairy Curd 400g,"Dairy, Bread & Eggs",30,High,Refrigerated,4,7,3,In Stock,1.31,118,78,1,3.1,2026-02-09,120
INV00001750,DS007,Sholinganallur,High,P0010,Nestle Dahi 400g,"Dairy, Bread & Eggs",35,High,Refrigerated,5,9,3,In Stock,1.42,128,79,1,3.5,2026-02-11,175
INV00001751,DS007,Sholinganallur,High,P0011,Amul Salted Butter 100g,"Dairy, Bread & Eggs",56,High,Refrigerated,4,7,3,In Stock,1.2,108,75,0,3.3,2026-02-10,224
INV00001752,DS007,Sholinganallur,High,P0012,Amul Salted Butter 500g,"Dairy, Bread & Eggs",270,Medium,Refrigerated,2,5,3,Low Stock,0.43,39,23,1,4.7,2026-02-15,540
INV00001753,DS007,Sholinganallur,High,P0013,Britannia Butter 100g,"Dairy, Bread & Eggs",54,High,Refrigerated,6,7,3,In Stock,1.19,107,70,0,5.0,2026-02-09,324
INV00001754,DS007,Sholinganallur,High,P0014,Amul Cheese Slices 200g,"Dairy, Bread & Eggs",130,Medium,Refrigerated,4,5,3,In Stock,0.63,57,38,1,6.3,2026-02-11,520
INV00001755,DS007,Sholinganallur,High,P0015,Britannia Cheese Slices 200g,"Dairy, Bread & Eggs",125,Medium,Refrigerated,5,5,3,In Stock,0.57,51,30,2,8.8,2026-02-10,625
INV00001756,DS007,Sholinganallur,High,P0016,Amul Processed Cheese Block 200g,"Dairy, Bread & Eggs",110,High,Refrigerated,5,7,3,In Stock,1.29,116,84,0,3.9,2026-02-11,550
INV00001757,DS007,Sholinganallur,High,P0017,Mother Dairy Paneer 200g,"Dairy, Bread & Eggs",95,Medium,Refrigerated,4,5,3,In Stock,0.56,50,31,2,7.1,2026-02-13,380
INV00001758,DS007,Sholinganallur,High,P0018,Amul Fresh Paneer 200g,"Dairy, Bread & Eggs",90,High,Refrigerated,8,7,3,In Stock,1.28,115,78,2,6.2,2026-02-09,720
INV00001759,DS007,Sholinganallur,High,P0019,Nandini Paneer 200g,"Dairy, Bread & Eggs",85,High,Refrigerated,8,9,3,In Stock,1.42,128,85,1,5.6,2026-02-09,680
INV00001760,DS007,Sholinganallur,High,P0020,Farm Fresh White Eggs 6 pcs,"Dairy, Bread & Eggs",48,High,Refrigerated,4,7,3,In Stock,1.26,113,79,0,3.2,2026-02-15,192
INV00001761,DS007,Sholinganallur,High,P0021,Farm Fresh Brown Eggs 6 pcs,"Dairy, Bread & Eggs",60,High,Refrigerated,10,11,3,In Stock,1.82,164,108,2,5.5,2026-02-11,600
INV00001762,DS007,Sholinganallur,High,P0022,Farm Fresh White Eggs 10 pcs,"Dairy, Bread & Eggs",75,High,Refrigerated,7,8,3,In Stock,1.23,111,80,1,5.7,2026-02-13,525
INV00001763,DS007,Sholinganallur,High,P0023,Amul Kool Milk Drink 200ml,"Dairy, Bread & Eggs",20,High,Refrigerated,5,5,3,In Stock,0.99,89,64,0,5.1,2026-02-10,100
INV00001764,DS007,Sholinganallur,High,P0024,Amul Lassi 200ml,"Dairy, Bread & Eggs",25,High,Refrigerated,8,11,3,In Stock,1.53,138,94,2,5.2,2026-02-14,200
INV00001765,DS007,Sholinganallur,High,P0025,Mother Dairy Mishti Doi 400g,"Dairy, Bread & Eggs",42,Medium,Refrigerated,2,5,3,Low Stock,0.69,62,40,1,2.9,2026-02-13,84
INV00001766,DS007,Sholinganallur,High,P0026,Britannia Bread Large,"Dairy, Bread & Eggs",40,High,Refrigerated,6,7,3,In Stock,1.26,113,84,0,4.8,2026-02-09,240
INV00001767,DS007,Sholinganallur,High,P0027,Modern Bread Sandwich,"Dairy, Bread & Eggs",45,Medium,Refrigerated,4,5,3,In Stock,0.42,38,25,2,9.5,2026-02-13,180
INV00001768,DS007,Sholinganallur,High,P0028,Harvest Gold Bread,"Dairy, Bread & Eggs",42,High,Refrigerated,10,9,3,In Stock,1.32,119,82,2,7.6,2026-02-15,420
INV00001769,DS007,Sholinganallur,High,P0029,English Oven Brown Bread,"Dairy, Bread & Eggs",50,High,Refrigerated,9,20,6,In Stock,0.0,0,0,0,999.0,2026-02-10,450
INV00001770,DS007,Sholinganallur,High,P0030,Onion 1kg,Fruits & Vegetables,35,High,Ambient,4,5,3,In Stock,0.61,55,55,1,6.6,2026-02-12,140
INV00001771,DS007,Sholinganallur,High,P0031,Tomato 1kg,Fruits & Vegetables,45,High,Ambient,3,5,3,Low Stock,0.5,45,45,1,6.0,2026-02-12,135
INV00001772,DS007,Sholinganallur,High,P0032,Potato 1kg,Fruits & Vegetables,28,High,Ambient,5,5,3,In Stock,0.82,74,74,2,6.1,2026-02-12,140
INV00001773,DS007,Sholinganallur,High,P0033,Green Chilli 100g,Fruits & Vegetables,15,High,Ambient,2,5,3,Low Stock,0.79,71,71,1,2.5,2026-02-14,30
INV00001774,DS007,Sholinganallur,High,P0034,Ginger 200g,Fruits & Vegetables,40,High,Ambient,4,5,3,In Stock,0.74,67,67,0,5.4,2026-02-10,160
INV00001775,DS007,Sholinganallur,High,P0035,Garlic 250g,Fruits & Vegetables,55,High,Ambient,5,5,3,In Stock,0.81,73,73,1,6.2,2026-02-10,275
INV00001776,DS007,Sholinganallur,High,P0036,Coriander Leaves 100g,Fruits & Vegetables,15,High,Refrigerated,6,7,3,In Stock,0.96,86,86,2,6.2,2026-02-13,90
INV00001777,DS007,Sholinganallur,High,P0037,Curry Leaves 100g,Fruits & Vegetables,20,High,Refrigerated,3,5,3,Low Stock,0.73,66,66,0,4.1,2026-02-15,60
INV00001778,DS007,Sholinganallur,High,P0038,Lemon 250g (4-5pcs),Fruits & Vegetables,25,High,Ambient,3,5,3,Low Stock,0.74,67,67,0,4.1,2026-02-11,75
INV00001779,DS007,Sholinganallur,High,P0039,Carrot 500g,Fruits & Vegetables,30,High,Ambient,4,5,3,In Stock,0.71,64,64,0,5.6,2026-02-15,120
INV00001780,DS007,Sholinganallur,High,P0040,Beans 500g,Fruits & Vegetables,45,High,Ambient,5,6,3,In Stock,0.87,78,78,2,5.7,2026-02-15,225
INV00001781,DS007,Sholinganallur,High,P0041,Capsicum Green 500g,Fruits & Vegetables,50,High,Ambient,4,5,3,In Stock,0.69,62,62,1,5.8,2026-02-13,200
INV00001782,DS007,Sholinganallur,High,P0042,Cabbage 1pc,Fruits & Vegetables,35,High,Ambient,4,5,3,In Stock,0.88,79,79,1,4.5,2026-02-12,140
INV00001783,DS007,Sholinganallur,High,P0043,Cauliflower 1pc,Fruits & Vegetables,40,High,Ambient,3,5,3,Low Stock,0.66,59,59,0,4.5,2026-02-13,120
INV00001784,DS007,Sholinganallur,High,P0044,Brinjal 500g,Fruits & Vegetables,35,High,Ambient,4,5,3,In Stock,0.63,57,57,2,6.3,2026-02-10,140
INV00001785,DS007,Sholinganallur,High,P0045,Ladies Finger 500g,Fruits & Vegetables,40,High,Ambient,7,6,3,In Stock,0.93,84,84,1,7.5,2026-02-09,280
INV00001786,DS007,Sholinganallur,High,P0046,Beetroot 500g,Fruits & Vegetables,35,High,Ambient,2,5,3,Low Stock,0.67,60,60,1,3.0,2026-02-09,70
INV00001787,DS007,Sholinganallur,High,P0047,Radish White 500g,Fruits & Vegetables,30,High,Ambient,5,5,3,In Stock,0.76,68,68,0,6.6,2026-02-12,150
INV00001788,DS007,Sholinganallur,High,P0048,Bottle Gourd 1pc,Fruits & Vegetables,35,High,Ambient,3,5,3,Low Stock,0.63,57,57,1,4.8,2026-02-15,105
INV00001789,DS007,Sholinganallur,High,P0049,Bitter Gourd 500g,Fruits & Vegetables,45,High,Ambient,5,5,3,In Stock,0.73,66,66,0,6.8,2026-02-14,225
INV00001790,DS007,Sholinganallur,High,P0050,Banana Robusta 6pcs,Fruits & Vegetables,35,High,Ambient,4,5,3,In Stock,0.83,75,75,2,4.8,2026-02-12,140
INV00001791,DS007,Sholinganallur,High,P0051,Apple Shimla 4pcs,Fruits & Vegetables,140,High,Ambient,2,5,3,Low Stock,0.63,57,57,2,3.2,2026-02-09,280
INV00001792,DS007,Sholinganallur,High,P0052,Pomegranate 1pc,Fruits & Vegetables,85,High,Ambient,5,5,3,In Stock,0.83,75,75,1,6.0,2026-02-12,425
INV00001793,DS007,Sholinganallur,High,P0053,Orange 500g,Fruits & Vegetables,50,High,Ambient,3,5,3,Low Stock,0.72,65,65,1,4.2,2026-02-15,150
INV00001794,DS007,Sholinganallur,High,P0054,Sweet Lime 500g,Fruits & Vegetables,45,High,Ambient,4,5,3,In Stock,0.58,52,52,0,6.9,2026-02-13,180
INV00001795,DS007,Sholinganallur,High,P0055,Watermelon 1pc (3-4kg),Fruits & Vegetables,80,High,Ambient,4,5,3,In Stock,0.68,61,61,0,5.9,2026-02-15,320
INV00001796,DS007,Sholinganallur,High,P0056,Papaya 1pc,Fruits & Vegetables,45,High,Ambient,2,5,3,Low Stock,0.64,58,58,0,3.1,2026-02-12,90
INV00001797,DS007,Sholinganallur,High,P0057,Grapes Green 500g,Fruits & Vegetables,90,High,Ambient,2,5,3,Low Stock,0.81,73,73,2,2.5,2026-02-12,180
INV00001798,DS007,Sholinganallur,High,P0058,Mango (Seasonal),Fruits & Vegetables,120,High,Ambient,4,5,3,In Stock,0.76,68,68,0,5.3,2026-02-14,480
INV00001799,DS007,Sholinganallur,High,P0059,Pineapple 1pc,Fruits & Vegetables,55,High,Ambient,2,5,3,Low Stock,0.7,63,63,2,2.9,2026-02-14,110
INV00001800,DS007,Sholinganallur,High,P0060,Coca Cola 750ml,Cold Drinks & Juices,40,High,Refrigerated,5,7,3,In Stock,1.12,101,70,2,4.5,2026-02-13,200
INV00001801,DS007,Sholinganallur,High,P0061,Coca Cola 2.25L,Cold Drinks & Juices,95,Medium,Refrigerated,2,5,3,Low Stock,0.47,42,29,0,4.3,2026-02-14,190
INV00001802,DS007,Sholinganallur,High,P0062,Pepsi 750ml,Cold Drinks & Juices,40,Medium,Refrigerated,5,5,3,In Stock,0.52,47,27,1,9.6,2026-02-09,200
INV00001803,DS007,Sholinganallur,High,P0063,Pepsi 2L,Cold Drinks & Juices,90,High,Refrigerated,5,8,3,In Stock,1.3,117,73,1,3.8,2026-02-13,450
INV00001804,DS007,Sholinganallur,High,P0064,Sprite 750ml,Cold Drinks & Juices,40,Medium,Refrigerated,5,5,3,In Stock,0.53,48,30,1,9.4,2026-02-14,200
INV00001805,DS007,Sholinganallur,High,P0065,Thumbs Up 750ml,Cold Drinks & Juices,40,Medium,Refrigerated,2,5,3,Low Stock,0.56,50,33,0,3.6,2026-02-11,80
INV00001806,DS007,Sholinganallur,High,P0066,Fanta 750ml,Cold Drinks & Juices,40,High,Refrigerated,6,10,3,In Stock,1.67,150,93,1,3.6,2026-02-13,240
INV00001807,DS007,Sholinganallur,High,P0067,Mountain Dew 750ml,Cold Drinks & Juices,40,High,Refrigerated,5,8,3,In Stock,1.06,95,62,1,4.7,2026-02-14,200
INV00001808,DS007,Sholinganallur,High,P0068,Thums Up 2.25L,Cold Drinks & Juices,95,High,Refrigerated,5,7,3,In Stock,1.24,112,76,1,4.0,2026-02-10,475
INV00001809,DS007,Sholinganallur,High,P0069,Bisleri Water 1L,Cold Drinks & Juices,20,High,Ambient,5,7,3,In Stock,1.23,111,81,0,4.1,2026-02-13,100
INV00001810,DS007,Sholinganallur,High,P0070,Bisleri Water 2L,Cold Drinks & Juices,35,High,Ambient,10,9,3,In Stock,1.32,119,77,0,7.6,2026-02-10,350
INV00001811,DS007,Sholinganallur,High,P0071,Kinley Water 1L,Cold Drinks & Juices,20,High,Ambient,7,8,3,In Stock,1.43,129,87,2,4.9,2026-02-09,140
INV00001812,DS007,Sholinganallur,High,P0072,Aquafina Water 1L,Cold Drinks & Juices,20,Medium,Ambient,5,5,3,In Stock,0.38,34,19,2,13.2,2026-02-12,100
INV00001813,DS007,Sholinganallur,High,P0073,Red Bull Energy Drink 250ml,Cold Drinks & Juices,125,Medium,Refrigerated,2,5,3,Low Stock,0.46,41,27,1,4.3,2026-02-13,250
INV00001814,DS007,Sholinganallur,High,P0074,Sting Energy Drink 250ml,Cold Drinks & Juices,20,Medium,Refrigerated,3,5,3,Low Stock,0.67,60,39,0,4.5,2026-02-14,60
INV00001815,DS007,Sholinganallur,High,P0075,Monster Energy Drink 500ml,Cold Drinks & Juices,150,Medium,Refrigerated,5,5,3,In Stock,0.57,51,29,0,8.8,2026-02-11,750
INV00001816,DS007,Sholinganallur,High,P0076,Real Fruit Juice Mixed Fruit 1L,Cold Drinks & Juices,130,Medium,Refrigerated,4,5,3,In Stock,0.53,48,29,2,7.5,2026-02-09,520
INV00001817,DS007,Sholinganallur,High,P0077,Real Fruit Juice Mango 1L,Cold Drinks & Juices,130,High,Refrigerated,6,10,3,In Stock,1.37,123,83,2,4.4,2026-02-12,780
INV00001818,DS007,Sholinganallur,High,P0078,Tropicana Orange 1L,Cold Drinks & Juices,145,High,Refrigerated,4,9,3,In Stock,1.18,106,68,0,3.4,2026-02-12,580
INV00001819,DS007,Sholinganallur,High,P0079,Tropicana Mixed Fruit 1L,Cold Drinks & Juices,145,High,Refrigerated,10,22,6,In Stock,0.0,0,0,0,999.0,2026-02-14,1450
INV00001820,DS007,Sholinganallur,High,P0080,Minute Maid Pulpy Orange 400ml,Cold Drinks & Juices,45,Medium,Refrigerated,5,5,3,In Stock,0.49,44,29,0,10.2,2026-02-15,225
INV00001821,DS007,Sholinganallur,High,P0081,Frooti Mango Drink 160ml,Cold Drinks & Juices,10,High,Refrigerated,6,8,3,In Stock,1.19,107,74,2,5.0,2026-02-11,60
INV00001822,DS007,Sholinganallur,High,P0082,Frooti Mango Drink 1.2L,Cold Drinks & Juices,60,High,Refrigerated,5,9,3,In Stock,1.16,104,73,1,4.3,2026-02-13,300
INV00001823,DS007,Sholinganallur,High,P0083,Maaza Mango Drink 1.2L,Cold Drinks & Juices,60,High,Refrigerated,5,8,3,In Stock,1.19,107,80,0,4.2,2026-02-09,300
INV00001824,DS007,Sholinganallur,High,P0084,Paper Boat Aam Panna 250ml,Cold Drinks & Juices,40,Medium,Refrigerated,4,5,3,In Stock,0.48,43,28,1,8.3,2026-02-10,160
INV00001825,DS007,Sholinganallur,High,P0085,Paper Boat Jaljeera 250ml,Cold Drinks & Juices,40,High,Refrigerated,6,13,3,In Stock,1.68,151,97,1,3.6,2026-02-11,240
INV00001826,DS007,Sholinganallur,High,P0086,Rasna Orange 750ml,Cold Drinks & Juices,35,High,Refrigerated,11,10,3,In Stock,1.43,129,81,0,7.7,2026-02-12,385
INV00001827,DS007,Sholinganallur,High,P0087,Tang Instant Drink 750g,Cold Drinks & Juices,320,Medium,Refrigerated,5,5,3,In Stock,0.43,39,30,2,11.6,2026-02-13,1600
INV00001828,DS007,Sholinganallur,High,P0088,Nestle Iced Tea Lemon 500ml,Cold Drinks & Juices,40,High,Refrigerated,5,7,3,In Stock,1.31,118,77,2,3.8,2026-02-11,200
INV00001829,DS007,Sholinganallur,High,P0089,Lays Classic Salted 50g,Snacks & Munchies,20,High,Ambient,4,5,3,In Stock,0.93,84,70,2,4.3,2026-02-13,80
INV00001830,DS007,Sholinganallur,High,P0090,Lays Classic Salted 90g,Snacks & Munchies,35,Medium,Ambient,2,5,3,Low Stock,0.33,30,27,2,6.1,2026-02-11,70
INV00001831,DS007,Sholinganallur,High,P0091,Lays American Style Cream & Onion 50g,Snacks & Munchies,20,High,Ambient,6,6,3,In Stock,0.99,89,74,2,6.1,2026-02-14,120
INV00001832,DS007,Sholinganallur,High,P0092,Kurkure Masala Munch 90g,Snacks & Munchies,20,High,Ambient,6,6,3,In Stock,0.99,89,76,1,6.1,2026-02-10,120
INV00001833,DS007,Sholinganallur,High,P0093,Kurkure Solid Masti 90g,Snacks & Munchies,20,Medium,Ambient,12,11,3,In Stock,0.0,0,0,0,999.0,2026-02-09,240
INV00001834,DS007,Sholinganallur,High,P0094,Bingo Mad Angles 72g,Snacks & Munchies,20,High,Ambient,2,6,3,Low Stock,0.93,84,71,1,2.2,2026-02-14,40
INV00001835,DS007,Sholinganallur,High,P0095,Doritos Nacho Cheese 150g,Snacks & Munchies,75,High,Ambient,5,5,3,In Stock,0.84,76,69,1,6.0,2026-02-09,375
INV00001836,DS007,Sholinganallur,High,P0096,Pringles Original 107g,Snacks & Munchies,130,High,Ambient,3,7,3,Low Stock,1.03,93,79,1,2.9,2026-02-14,390
INV00001837,DS007,Sholinganallur,High,P0097,Haldirams Aloo Bhujia 200g,Snacks & Munchies,50,High,Ambient,7,7,3,In Stock,0.92,83,74,1,7.6,2026-02-09,350
INV00001838,DS007,Sholinganallur,High,P0098,Haldirams Moong Dal 200g,Snacks & Munchies,55,High,Ambient,4,6,3,In Stock,0.8,72,63,1,5.0,2026-02-10,220
INV00001839,DS007,Sholinganallur,High,P0099,Haldirams Sev Bhujia 400g,Snacks & Munchies,95,High,Ambient,4,5,3,In Stock,0.77,69,62,1,5.2,2026-02-11,380
INV00001840,DS007,Sholinganallur,High,P0100,Bikaji Bhujia 200g,Snacks & Munchies,48,High,Ambient,4,6,3,In Stock,0.87,78,72,1,4.6,2026-02-15,192
INV00001841,DS007,Sholinganallur,High,P0101,Parle G Biscuits 376g,Snacks & Munchies,40,High,Ambient,2,5,3,Low Stock,0.69,62,56,2,2.9,2026-02-11,80
INV00001842,DS007,Sholinganallur,High,P0102,Britannia Good Day Butter 600g,Snacks & Munchies,80,High,Ambient,7,7,3,In Stock,1.07,96,82,0,6.5,2026-02-11,560
INV00001843,DS007,Sholinganallur,High,P0103,Britannia Marie Gold 250g,Snacks & Munchies,32,High,Ambient,8,7,3,In Stock,1.07,96,81,1,7.5,2026-02-09,256
INV00001844,DS007,Sholinganallur,High,P0104,Sunfeast Dark Fantasy 300g,Snacks & Munchies,110,High,Ambient,2,5,3,Low Stock,0.87,78,66,0,2.3,2026-02-09,220
INV00001845,DS007,Sholinganallur,High,P0105,Oreo Original 300g,Snacks & Munchies,40,High,Ambient,5,8,3,In Stock,1.11,100,87,0,4.5,2026-02-13,200
INV00001846,DS007,Sholinganallur,High,P0106,Hide & Seek 240g,Snacks & Munchies,50,High,Ambient,7,6,3,In Stock,1.03,93,81,2,6.8,2026-02-11,350
INV00001847,DS007,Sholinganallur,High,P0107,Monaco Classic 200g,Snacks & Munchies,25,Medium,Ambient,5,5,3,In Stock,0.49,44,39,2,10.2,2026-02-12,125
INV00001848,DS007,Sholinganallur,High,P0108,Parle 20-20 Cashew Cookies 400g,Snacks & Munchies,55,Medium,Ambient,2,5,3,Low Stock,0.42,38,33,2,4.8,2026-02-11,110
INV00001849,DS007,Sholinganallur,High,P0109,Cadbury Dairy Milk Silk 60g,Snacks & Munchies,100,High,Ambient,8,8,3,In Stock,1.16,104,88,1,6.9,2026-02-12,800
INV00001850,DS007,Sholinganallur,High,P0110,KitKat 4 Finger 37.3g,Snacks & Munchies,40,High,Ambient,33,29,8,In Stock,0.0,0,0,0,999.0,2026-02-09,1320
INV00001851,DS007,Sholinganallur,High,P0111,5 Star Chocolate 40g,Snacks & Munchies,25,High,Ambient,8,8,3,In Stock,1.21,109,96,0,6.6,2026-02-09,200
INV00001852,DS007,Sholinganallur,High,P0112,Snickers 50g,Snacks & Munchies,40,High,Ambient,5,5,3,In Stock,0.79,71,59,2,6.3,2026-02-13,200
INV00001853,DS007,Sholinganallur,High,P0113,Munch Chocolate 30g,Snacks & Munchies,20,High,Ambient,3,6,3,Low Stock,0.96,86,74,0,3.1,2026-02-10,60
INV00001854,DS007,Sholinganallur,High,P0114,Too Yumm Veggie Stix 56g,Snacks & Munchies,35,High,Ambient,2,6,3,Low Stock,0.88,79,72,0,2.3,2026-02-15,70
INV00001855,DS007,Sholinganallur,High,P0115,Act II Popcorn Butter 60g,Snacks & Munchies,50,High,Ambient,3,7,3,Low Stock,1.02,92,77,1,2.9,2026-02-14,150
INV00001856,DS007,Sholinganallur,High,P0116,Cornitos Nacho Chips 150g,Snacks & Munchies,70,Medium,Ambient,2,5,3,Low Stock,0.34,31,26,1,5.9,2026-02-11,140
INV00001857,DS007,Sholinganallur,High,P0117,Maggi Masala Noodles 70g,Breakfast & Instant Food,14,High,Ambient,6,7,3,In Stock,0.92,83,76,2,6.5,2026-02-09,84
INV00001858,DS007,Sholinganallur,High,P0118,Maggi Masala Noodles 280g (4pack),Breakfast & Instant Food,52,High,Ambient,3,9,3,Low Stock,1.21,109,95,1,2.5,2026-02-11,156
INV00001859,DS007,Sholinganallur,High,P0119,Maggi Atta Noodles 320g,Breakfast & Instant Food,54,Medium,Ambient,5,5,3,In Stock,0.32,29,26,0,15.6,2026-02-15,270
INV00001860,DS007,Sholinganallur,High,P0120,Top Ramen Curry 280g,Breakfast & Instant Food,48,Medium,Ambient,5,5,3,In Stock,0.28,25,21,0,17.9,2026-02-13,240
INV00001861,DS007,Sholinganallur,High,P0121,Yippee Magic Masala 240g,Breakfast & Instant Food,42,Medium,Ambient,4,5,3,In Stock,0.34,31,28,1,11.8,2026-02-13,168
INV00001862,DS007,Sholinganallur,High,P0122,Sunfeast Yippee 420g,Breakfast & Instant Food,60,High,Ambient,4,7,3,In Stock,1.29,116,93,2,3.1,2026-02-13,240
INV00001863,DS007,Sholinganallur,High,P0123,Knorr Chicken Soup 40g,Breakfast & Instant Food,35,High,Ambient,4,7,3,In Stock,1.02,92,81,1,3.9,2026-02-09,140
INV00001864,DS007,Sholinganallur,High,P0124,Knorr Hot & Sour Veg Soup 42g,Breakfast & Instant Food,35,High,Ambient,3,6,3,Low Stock,0.99,89,85,0,3.0,2026-02-13,105
INV00001865,DS007,Sholinganallur,High,P0125,Maggi Hot Heads 73g,Breakfast & Instant Food,25,High,Ambient,7,7,3,In Stock,1.02,92,74,0,6.9,2026-02-09,175
INV00001866,DS007,Sholinganallur,High,P0126,Pasta Treat Penne 500g,Breakfast & Instant Food,85,High,Ambient,7,7,3,In Stock,1.09,98,85,0,6.4,2026-02-12,595
INV00001867,DS007,Sholinganallur,High,P0127,MTR Idli Mix 500g,Breakfast & Instant Food,75,Medium,Ambient,3,5,3,Low Stock,0.4,36,30,1,7.5,2026-02-14,225
INV00001868,DS007,Sholinganallur,High,P0128,MTR Dosa Mix 500g,Breakfast & Instant Food,75,High,Ambient,3,6,3,Low Stock,0.99,89,75,2,3.0,2026-02-14,225
INV00001869,DS007,Sholinganallur,High,P0129,MTR Rava Idli 500g,Breakfast & Instant Food,70,Medium,Ambient,4,5,3,In Stock,0.4,36,34,1,10.0,2026-02-14,280
INV00001870,DS007,Sholinganallur,High,P0130,ID Fresh Idli Batter 1kg,Breakfast & Instant Food,75,Medium,Ambient,4,5,3,In Stock,0.34,31,29,0,11.8,2026-02-12,300
INV00001871,DS007,Sholinganallur,High,P0131,ID Fresh Dosa Batter 1kg,Breakfast & Instant Food,75,Medium,Ambient,5,5,3,In Stock,0.39,35,30,2,12.8,2026-02-13,375
INV00001872,DS007,Sholinganallur,High,P0132,Saffola Masala Oats 400g,Breakfast & Instant Food,145,High,Ambient,2,7,3,Low Stock,0.99,89,72,2,2.0,2026-02-09,290
INV00001873,DS007,Sholinganallur,High,P0133,Quaker Oats 1kg,Breakfast & Instant Food,185,High,Ambient,4,8,3,In Stock,1.21,109,96,1,3.3,2026-02-11,740
INV00001874,DS007,Sholinganallur,High,P0134,Kelloggs Corn Flakes 875g,Breakfast & Instant Food,340,High,Ambient,4,6,3,In Stock,0.96,86,76,0,4.2,2026-02-14,1360
INV00001875,DS007,Sholinganallur,High,P0135,Kelloggs Chocos 375g,Breakfast & Instant Food,185,High,Ambient,3,6,3,Low Stock,0.91,82,70,2,3.3,2026-02-13,555
INV00001876,DS007,Sholinganallur,High,P0136,Nestle Ceregrow 300g,Breakfast & Instant Food,395,Medium,Ambient,3,5,3,Low Stock,0.32,29,25,0,9.4,2026-02-14,1185
INV00001877,DS007,Sholinganallur,High,P0137,MTR Vermicelli Roasted 440g,Breakfast & Instant Food,55,Medium,Ambient,5,5,3,In Stock,0.32,29,22,1,15.6,2026-02-12,275
INV00001878,DS007,Sholinganallur,High,P0138,Bambino Vermicelli 175g,Breakfast & Instant Food,25,High,Ambient,4,5,3,In Stock,0.8,72,62,1,5.0,2026-02-14,100
INV00001879,DS007,Sholinganallur,High,P0139,Haldiram Moong Dal 200g,Breakfast & Instant Food,55,High,Ambient,6,6,3,In Stock,0.99,89,76,0,6.1,2026-02-10,330
INV00001880,DS007,Sholinganallur,High,P0140,McCain French Fries 420g,Breakfast & Instant Food,145,High,Ambient,5,8,3,In Stock,1.11,100,87,2,4.5,2026-02-13,725
INV00001881,DS007,Sholinganallur,High,P0141,McCain Veggie Fingers 360g,Breakfast & Instant Food,180,High,Ambient,8,9,3,In Stock,1.14,103,85,0,7.0,2026-02-12,1440
INV00001882,DS007,Sholinganallur,High,P0142,Aashirvaad Atta 5kg,"Atta, Rice & Dal",240,High,Ambient,5,5,3,In Stock,0.69,62,53,0,7.2,2026-02-11,1200
INV00001883,DS007,Sholinganallur,High,P0143,Aashirvaad Atta 10kg,"Atta, Rice & Dal",475,High,Ambient,4,5,3,In Stock,0.64,58,52,2,6.2,2026-02-15,1900
INV00001884,DS007,Sholinganallur,High,P0144,Fortune Chakki Fresh Atta 5kg,"Atta, Rice & Dal",235,High,Ambient,3,5,3,Low Stock,0.57,51,46,0,5.3,2026-02-12,705
INV00001885,DS007,Sholinganallur,High,P0145,Pillsbury Chakki Fresh Atta 5kg,"Atta, Rice & Dal",240,High,Ambient,5,6,3,In Stock,0.79,71,55,2,6.3,2026-02-13,1200
INV00001886,DS007,Sholinganallur,High,P0146,India Gate Basmati Rice 1kg,"Atta, Rice & Dal",190,Medium,Ambient,5,5,3,In Stock,0.28,25,22,0,17.9,2026-02-15,950
INV00001887,DS007,Sholinganallur,High,P0147,India Gate Basmati Rice 5kg,"Atta, Rice & Dal",900,High,Ambient,3,5,3,Low Stock,0.69,62,58,2,4.3,2026-02-12,2700
INV00001888,DS007,Sholinganallur,High,P0148,Daawat Basmati Rice 1kg,"Atta, Rice & Dal",180,High,Ambient,4,5,3,In Stock,0.72,65,56,2,5.6,2026-02-09,720
INV00001889,DS007,Sholinganallur,High,P0149,Fortune Biryani Special Basmati 1kg,"Atta, Rice & Dal",170,Medium,Ambient,3,5,3,Low Stock,0.34,31,28,1,8.8,2026-02-14,510
INV00001890,DS007,Sholinganallur,High,P0150,Sona Masoori Rice 5kg,"Atta, Rice & Dal",280,High,Ambient,9,16,4,In Stock,0.0,0,0,0,999.0,2026-02-12,2520
INV00001891,DS007,Sholinganallur,High,P0151,Ponni Boiled Rice 5kg,"Atta, Rice & Dal",250,High,Ambient,4,5,3,In Stock,0.58,52,42,1,6.9,2026-02-15,1000
INV00001892,DS007,Sholinganallur,High,P0152,Tata Sampann Toor Dal 1kg,"Atta, Rice & Dal",160,High,Ambient,3,5,3,Low Stock,0.6,54,48,2,5.0,2026-02-11,480
INV00001893,DS007,Sholinganallur,High,P0153,Tata Sampann Moong Dal 500g,"Atta, Rice & Dal",85,Medium,Ambient,3,5,3,Low Stock,0.2,18,14,0,15.0,2026-02-13,255
INV00001894,DS007,Sholinganallur,High,P0154,Tata Sampann Chana Dal 1kg,"Atta, Rice & Dal",155,High,Ambient,3,5,3,Low Stock,0.6,54,50,2,5.0,2026-02-14,465
INV00001895,DS007,Sholinganallur,High,P0155,Tata Sampann Masoor Dal 500g,"Atta, Rice & Dal",75,High,Ambient,2,5,3,Low Stock,0.44,40,39,0,4.5,2026-02-14,150
INV00001896,DS007,Sholinganallur,High,P0156,Tata Sampann Urad Dal 500g,"Atta, Rice & Dal",90,High,Ambient,3,5,3,Low Stock,0.71,64,57,1,4.2,2026-02-15,270
INV00001897,DS007,Sholinganallur,High,P0157,Rajma 500g,"Atta, Rice & Dal",110,High,Ambient,4,5,3,In Stock,0.5,45,44,2,8.0,2026-02-14,440
INV00001898,DS007,Sholinganallur,High,P0158,Kabuli Chana 500g,"Atta, Rice & Dal",95,High,Ambient,4,5,3,In Stock,0.87,78,67,1,4.6,2026-02-12,380
INV00001899,DS007,Sholinganallur,High,P0159,Tata Salt 1kg,"Atta, Rice & Dal",22,Medium,Ambient,3,5,3,Low Stock,0.29,26,21,1,10.3,2026-02-11,66
INV00001900,DS007,Sholinganallur,High,P0160,Tata Salt Lite 1kg,"Atta, Rice & Dal",52,High,Ambient,2,5,3,Low Stock,0.7,63,52,1,2.9,2026-02-15,104
INV00001901,DS007,Sholinganallur,High,P0161,Catch Salt 1kg,"Atta, Rice & Dal",20,Medium,Ambient,2,5,3,Low Stock,0.42,38,33,2,4.8,2026-02-15,40
INV00001902,DS007,Sholinganallur,High,P0162,Sugar 1kg,"Atta, Rice & Dal",45,High,Ambient,5,5,3,In Stock,0.52,47,41,2,9.6,2026-02-13,225
INV00001903,DS007,Sholinganallur,High,P0163,Brown Sugar 500g,"Atta, Rice & Dal",50,High,Ambient,5,5,3,In Stock,0.77,69,58,1,6.5,2026-02-10,250
INV00001904,DS007,Sholinganallur,High,P0164,Jaggery Powder 500g,"Atta, Rice & Dal",65,High,Ambient,22,27,8,In Stock,0.0,0,0,0,999.0,2026-02-10,1430
INV00001905,DS007,Sholinganallur,High,P0165,Rava Medium 500g,"Atta, Rice & Dal",35,High,Ambient,5,5,3,In Stock,0.56,50,42,2,8.9,2026-02-10,175
INV00001906,DS007,Sholinganallur,High,P0166,Poha Thick 500g,"Atta, Rice & Dal",45,High,Ambient,3,5,3,Low Stock,0.69,62,54,2,4.3,2026-02-09,135
INV00001907,DS007,Sholinganallur,High,P0167,Sabudana 500g,"Atta, Rice & Dal",75,High,Ambient,5,5,3,In Stock,0.6,54,49,0,8.3,2026-02-09,375
INV00001908,DS007,Sholinganallur,High,P0168,MDH Deggi Mirch 100g,"Masala, Oil & More",85,Medium,Ambient,5,5,3,In Stock,0.24,22,18,1,20.8,2026-02-13,425
INV00001909,DS007,Sholinganallur,High,P0169,MDH Garam Masala 100g,"Masala, Oil & More",90,High,Ambient,3,5,3,Low Stock,0.76,68,57,0,3.9,2026-02-14,270
INV00001910,DS007,Sholinganallur,High,P0170,MDH Chana Masala 100g,"Masala, Oil & More",85,Low,Ambient,2,5,3,Low Stock,0.14,13,10,1,14.3,2026-02-09,170
INV00001911,DS007,Sholinganallur,High,P0171,Everest Turmeric Powder 200g,"Masala, Oil & More",95,High,Ambient,3,5,3,Low Stock,0.66,59,56,0,4.5,2026-02-15,285
INV00001912,DS007,Sholinganallur,High,P0172,Everest Red Chilli Powder 200g,"Masala, Oil & More",105,Medium,Ambient,5,5,3,In Stock,0.24,22,19,2,20.8,2026-02-12,525
INV00001913,DS007,Sholinganallur,High,P0173,Everest Coriander Powder 200g,"Masala, Oil & More",65,Medium,Ambient,2,5,3,Low Stock,0.24,22,18,0,8.3,2026-02-11,130
INV00001914,DS007,Sholinganallur,High,P0174,Catch Cumin Powder 100g,"Masala, Oil & More",70,High,Ambient,3,6,3,Low Stock,0.78,70,59,2,3.8,2026-02-15,210
INV00001915,DS007,Sholinganallur,High,P0175,Catch Chat Masala 100g,"Masala, Oil & More",60,High,Ambient,2,5,3,Low Stock,0.61,55,50,1,3.3,2026-02-13,120
INV00001916,DS007,Sholinganallur,High,P0176,Ching Secret Manchurian 60g,"Masala, Oil & More",65,Low,Ambient,2,5,3,Low Stock,0.2,18,15,0,10.0,2026-02-13,130
INV00001917,DS007,Sholinganallur,High,P0177,Maggi Magic Cubes 40g,"Masala, Oil & More",20,Medium,Ambient,5,5,3,In Stock,0.32,29,26,2,15.6,2026-02-12,100
INV00001918,DS007,Sholinganallur,High,P0178,Kissan Fresh Tomato Ketchup 900g,"Masala, Oil & More",120,High,Ambient,5,5,3,In Stock,0.69,62,52,0,7.2,2026-02-13,600
INV00001919,DS007,Sholinganallur,High,P0179,Kissan Tomato Sauce 1kg,"Masala, Oil & More",125,High,Ambient,4,5,3,In Stock,0.68,61,55,2,5.9,2026-02-12,500
INV00001920,DS007,Sholinganallur,High,P0180,Maggi Hot & Sweet Sauce 1kg,"Masala, Oil & More",140,High,Ambient,2,5,3,Low Stock,0.69,62,55,1,2.9,2026-02-11,280
INV00001921,DS007,Sholinganallur,High,P0181,Fortune Sunflower Oil 1L,"Masala, Oil & More",160,Low,Ambient,6,6,3,In Stock,0.0,0,0,0,999.0,2026-02-14,960
INV00001922,DS007,Sholinganallur,High,P0182,Fortune Refined Oil 5L,"Masala, Oil & More",750,Medium,Ambient,2,5,3,Low Stock,0.3,27,24,0,6.7,2026-02-09,1500
INV00001923,DS007,Sholinganallur,High,P0183,Sundrop Sunflower Oil 1L,"Masala, Oil & More",155,Medium,Ambient,4,5,3,In Stock,0.31,28,22,0,12.9,2026-02-13,620
INV00001924,DS007,Sholinganallur,High,P0184,Dhara Refined Oil 1L,"Masala, Oil & More",150,Medium,Ambient,3,5,3,Low Stock,0.3,27,24,1,10.0,2026-02-14,450
INV00001925,DS007,Sholinganallur,High,P0185,Fortune Mustard Oil 1L,"Masala, Oil & More",185,High,Ambient,5,5,3,In Stock,0.62,56,49,2,8.1,2026-02-11,925
INV00001926,DS007,Sholinganallur,High,P0186,KS Gingelly Oil 500ml,"Masala, Oil & More",200,Medium,Ambient,2,5,3,Low Stock,0.29,26,21,0,6.9,2026-02-09,400
INV00001927,DS007,Sholinganallur,High,P0187,Parachute Coconut Oil 500ml,"Masala, Oil & More",195,High,Ambient,4,5,3,In Stock,0.64,58,49,0,6.2,2026-02-10,780
INV00001928,DS007,Sholinganallur,High,P0188,Saffola Gold Oil 1L,"Masala, Oil & More",250,High,Ambient,4,5,3,In Stock,0.53,48,39,0,7.5,2026-02-15,1000
INV00001929,DS007,Sholinganallur,High,P0189,Ghee 500ml,"Masala, Oil & More",295,Low,Ambient,3,5,3,Low Stock,0.18,16,15,0,16.7,2026-02-13,885
INV00001930,DS007,Sholinganallur,High,P0190,Amul Pure Ghee 500ml,"Masala, Oil & More",340,Medium,Ambient,2,5,3,Low Stock,0.21,19,17,0,9.5,2026-02-13,680
INV00001931,DS007,Sholinganallur,High,P0191,Dalda Vanaspati 1L,"Masala, Oil & More",200,High,Ambient,5,5,3,In Stock,0.72,65,58,2,6.9,2026-02-10,1000
INV00001932,DS007,Sholinganallur,High,P0192,Nutella Hazelnut Spread 350g,Sauces & Spreads,385,Medium,Ambient,5,5,3,In Stock,0.24,22,18,1,20.8,2026-02-14,1925
INV00001933,DS007,Sholinganallur,High,P0193,Kissan Mixed Fruit Jam 500g,Sauces & Spreads,140,Medium,Ambient,3,5,3,Low Stock,0.23,21,19,0,13.0,2026-02-12,420
INV00001934,DS007,Sholinganallur,High,P0194,Kissan Pineapple Jam 500g,Sauces & Spreads,135,Medium,Ambient,2,5,3,Low Stock,0.28,25,24,1,7.1,2026-02-12,270
INV00001935,DS007,Sholinganallur,High,P0195,Mapro Mango Jam 500g,Sauces & Spreads,155,Low,Ambient,4,5,3,In Stock,0.09,8,6,2,44.4,2026-02-15,620
INV00001936,DS007,Sholinganallur,High,P0196,Hersheys Chocolate Syrup 623g,Sauces & Spreads,325,Medium,Ambient,4,5,3,In Stock,0.42,38,32,1,9.5,2026-02-11,1300
INV00001937,DS007,Sholinganallur,High,P0197,Veeba Mayonnaise 250g,Sauces & Spreads,85,Low,Ambient,2,5,3,Low Stock,0.1,9,8,0,20.0,2026-02-09,170
INV00001938,DS007,Sholinganallur,High,P0198,Funfoods Peri Peri Sauce 325g,Sauces & Spreads,130,Medium,Ambient,5,5,3,In Stock,0.38,34,31,1,13.2,2026-02-10,650
INV00001939,DS007,Sholinganallur,High,P0199,Veeba Sandwich Spread 275g,Sauces & Spreads,90,Medium,Ambient,5,5,3,In Stock,0.31,28,25,1,16.1,2026-02-10,450
INV00001940,DS007,Sholinganallur,High,P0200,Ching Red Chilli Sauce 680g,Sauces & Spreads,115,Low,Ambient,4,5,3,In Stock,0.16,14,12,1,25.0,2026-02-12,460
INV00001941,DS007,Sholinganallur,High,P0201,Ching Green Chilli Sauce 190g,Sauces & Spreads,60,Medium,Ambient,10,13,3,In Stock,0.0,0,0,0,999.0,2026-02-09,600
INV00001942,DS007,Sholinganallur,High,P0202,Del Monte Pasta Sauce 400g,Sauces & Spreads,145,Low,Ambient,5,5,3,In Stock,0.14,13,9,2,35.7,2026-02-15,725
INV00001943,DS007,Sholinganallur,High,P0203,Maggi Pichkoo 90g,Sauces & Spreads,45,Medium,Ambient,2,5,3,Low Stock,0.24,22,19,0,8.3,2026-02-10,90
INV00001944,DS007,Sholinganallur,High,P0204,Tata Tea Gold 1kg,"Tea, Coffee & Health Drinks",490,High,Ambient,4,5,3,In Stock,0.82,74,64,2,4.9,2026-02-13,1960
INV00001945,DS007,Sholinganallur,High,P0205,Tata Tea Premium 1kg,"Tea, Coffee & Health Drinks",460,Medium,Ambient,2,5,3,Low Stock,0.28,25,22,1,7.1,2026-02-09,920
INV00001946,DS007,Sholinganallur,High,P0206,Red Label Natural Care 1kg,"Tea, Coffee & Health Drinks",440,Medium,Ambient,3,5,3,Low Stock,0.34,31,27,1,8.8,2026-02-09,1320
INV00001947,DS007,Sholinganallur,High,P0207,Brooke Bond Taj Mahal 1kg,"Tea, Coffee & Health Drinks",520,High,Ambient,4,5,3,In Stock,0.72,65,60,2,5.6,2026-02-09,2080
INV00001948,DS007,Sholinganallur,High,P0208,Society Tea 1kg,"Tea, Coffee & Health Drinks",380,High,Ambient,4,8,3,In Stock,1.07,96,79,1,3.7,2026-02-12,1520
INV00001949,DS007,Sholinganallur,High,P0209,Nescafe Classic 50g,"Tea, Coffee & Health Drinks",215,High,Ambient,4,5,3,In Stock,0.73,66,59,1,5.5,2026-02-12,860
INV00001950,DS007,Sholinganallur,High,P0210,Bru Instant Coffee 50g,"Tea, Coffee & Health Drinks",175,High,Ambient,2,5,3,Low Stock,0.76,68,58,0,2.6,2026-02-12,350
INV00001951,DS007,Sholinganallur,High,P0211,Nescafe Sunrise Premium 50g,"Tea, Coffee & Health Drinks",145,High,Ambient,2,5,3,Low Stock,0.88,79,72,1,2.3,2026-02-13,290
INV00001952,DS007,Sholinganallur,High,P0212,Bru Gold 100g,"Tea, Coffee & Health Drinks",345,High,Ambient,4,5,3,In Stock,0.68,61,57,2,5.9,2026-02-11,1380
INV00001953,DS007,Sholinganallur,High,P0213,Horlicks Classic Malt 500g,"Tea, Coffee & Health Drinks",285,Medium,Ambient,3,5,3,Low Stock,0.32,29,27,2,9.4,2026-02-12,855
INV00001954,DS007,Sholinganallur,High,P0214,Boost Health Drink 500g,"Tea, Coffee & Health Drinks",265,High,Ambient,3,5,3,Low Stock,0.79,71,63,2,3.8,2026-02-11,795
INV00001955,DS007,Sholinganallur,High,P0215,Complan Chocolate 500g,"Tea, Coffee & Health Drinks",360,Medium,Ambient,5,5,3,In Stock,0.2,18,17,0,25.0,2026-02-11,1800
INV00001956,DS007,Sholinganallur,High,P0216,Bournvita 500g,"Tea, Coffee & Health Drinks",250,High,Ambient,4,6,3,In Stock,0.93,84,72,1,4.3,2026-02-15,1000
INV00001957,DS007,Sholinganallur,High,P0217,Milo 400g,"Tea, Coffee & Health Drinks",245,Medium,Ambient,4,5,3,In Stock,0.38,34,29,0,10.5,2026-02-10,980
INV00001958,DS007,Sholinganallur,High,P0218,Proteinex Powder 250g,"Tea, Coffee & Health Drinks",285,High,Ambient,2,5,3,Low Stock,0.82,74,64,2,2.4,2026-02-15,570
INV00001959,DS007,Sholinganallur,High,P0219,Green Tea 100 Bags,"Tea, Coffee & Health Drinks",350,High,Ambient,5,5,3,In Stock,0.86,77,66,2,5.8,2026-02-09,1750
INV00001960,DS007,Sholinganallur,High,P0220,Lipton Green Tea 25 Bags,"Tea, Coffee & Health Drinks",125,High,Ambient,6,7,3,In Stock,1.09,98,79,2,5.5,2026-02-10,750
INV00001961,DS007,Sholinganallur,High,P0221,Vim Dishwash Gel 750ml,Cleaning & Household,95,High,Ambient,5,5,3,In Stock,0.72,65,53,1,6.9,2026-02-15,475
INV00001962,DS007,Sholinganallur,High,P0222,Vim Dishwash Bar 600g,Cleaning & Household,55,Medium,Ambient,2,5,3,Low Stock,0.29,26,23,2,6.9,2026-02-09,110
INV00001963,DS007,Sholinganallur,High,P0223,Pril Dishwash Liquid 750ml,Cleaning & Household,105,High,Ambient,4,5,3,In Stock,0.77,69,60,1,5.2,2026-02-10,420
INV00001964,DS007,Sholinganallur,High,P0224,Lizol Floor Cleaner 975ml,Cleaning & Household,185,Low,Ambient,4,5,3,In Stock,0.08,7,6,0,50.0,2026-02-09,740
INV00001965,DS007,Sholinganallur,High,P0225,Harpic Toilet Cleaner 1L,Cleaning & Household,165,Medium,Ambient,4,5,3,In Stock,0.26,23,19,1,15.4,2026-02-13,660
INV00001966,DS007,Sholinganallur,High,P0226,Domex Toilet Cleaner 1L,Cleaning & Household,135,High,Ambient,5,5,3,In Stock,0.63,57,46,0,7.9,2026-02-13,675
INV00001967,DS007,Sholinganallur,High,P0227,Colin Glass Cleaner 500ml,Cleaning & Household,155,Medium,Ambient,5,5,3,In Stock,0.28,25,23,2,17.9,2026-02-15,775
INV00001968,DS007,Sholinganallur,High,P0228,Surf Excel Matic 2kg,Cleaning & Household,365,Low,Ambient,4,5,3,In Stock,0.08,7,7,0,50.0,2026-02-15,1460
INV00001969,DS007,Sholinganallur,High,P0229,Ariel Matic 2kg,Cleaning & Household,395,Medium,Ambient,2,5,3,Low Stock,0.24,22,21,0,8.3,2026-02-13,790
INV00001970,DS007,Sholinganallur,High,P0230,Tide Plus 2kg,Cleaning & Household,285,High,Ambient,5,5,3,In Stock,0.61,55,53,0,8.2,2026-02-14,1425
INV00001971,DS007,Sholinganallur,High,P0231,Comfort Fabric Conditioner 860ml,Cleaning & Household,195,Medium,Ambient,4,5,3,In Stock,0.19,17,17,2,21.1,2026-02-11,780
INV00001972,DS007,Sholinganallur,High,P0232,Rin Detergent Bar 250g,Cleaning & Household,35,Medium,Ambient,2,5,3,Low Stock,0.27,24,18,1,7.4,2026-02-10,70
INV00001973,DS007,Sholinganallur,High,P0233,Godrej aer Spray 240ml,Cleaning & Household,199,Low,Ambient,5,5,3,In Stock,0.12,11,11,0,41.7,2026-02-14,995
INV00001974,DS007,Sholinganallur,High,P0234,Good Knight Activ+ Refill 45ml,Cleaning & Household,115,High,Ambient,4,5,3,In Stock,0.7,63,52,1,5.7,2026-02-10,460
INV00001975,DS007,Sholinganallur,High,P0235,All Out Refill 45ml,Cleaning & Household,95,High,Ambient,10,26,7,In Stock,0.0,0,0,0,999.0,2026-02-14,950
INV00001976,DS007,Sholinganallur,High,P0236,Mortein Insect Spray 425ml,Cleaning & Household,225,Medium,Ambient,4,5,3,In Stock,0.28,25,23,0,14.3,2026-02-15,900
INV00001977,DS007,Sholinganallur,High,P0237,Hit Cockroach Killer 625ml,Cleaning & Household,245,High,Ambient,5,5,3,In Stock,0.59,53,49,0,8.5,2026-02-14,1225
INV00001978,DS007,Sholinganallur,High,P0238,Scotch Brite Scrub Pad 3pc,Cleaning & Household,75,High,Ambient,3,5,3,Low Stock,0.64,58,52,2,4.7,2026-02-15,225
INV00001979,DS007,Sholinganallur,High,P0239,Savlon Handwash 750ml,Cleaning & Household,135,High,Ambient,2,5,3,Low Stock,0.74,67,59,1,2.7,2026-02-11,270
INV00001980,DS007,Sholinganallur,High,P0240,Dettol Handwash 750ml,Cleaning & Household,155,Low,Ambient,4,5,3,In Stock,0.04,4,4,0,100.0,2026-02-13,620
INV00001981,DS007,Sholinganallur,High,P0241,Origami Tissues 100 Pulls,Cleaning & Household,45,Medium,Ambient,3,5,3,Low Stock,0.3,27,24,2,10.0,2026-02-09,135
INV00001982,DS007,Sholinganallur,High,P0242,Dettol Soap 125g (4 pack),Personal Care,145,High,Ambient,2,5,3,Low Stock,0.64,58,49,0,3.1,2026-02-12,290
INV00001983,DS007,Sholinganallur,High,P0243,Lifebuoy Soap 125g (4 pack),Personal Care,115,High,Ambient,2,5,3,Low Stock,0.72,65,57,1,2.8,2026-02-15,230
INV00001984,DS007,Sholinganallur,High,P0244,Dove Soap 125g (3 pack),Personal Care,180,Medium,Ambient,2,5,3,Low Stock,0.32,29,26,1,6.2,2026-02-10,360
INV00001985,DS007,Sholinganallur,High,P0245,Pears Soap 125g (3 pack),Personal Care,150,High,Ambient,12,16,4,In Stock,0.0,0,0,0,999.0,2026-02-13,1800
INV00001986,DS007,Sholinganallur,High,P0246,Lux Soap 125g (3 pack),Personal Care,125,High,Ambient,3,5,3,Low Stock,0.63,57,52,2,4.8,2026-02-11,375
INV00001987,DS007,Sholinganallur,High,P0247,Clinic Plus Shampoo 650ml,Personal Care,265,Low,Ambient,2,5,3,Low Stock,0.06,5,5,1,33.3,2026-02-11,530
INV00001988,DS007,Sholinganallur,High,P0248,Pantene Shampoo 650ml,Personal Care,385,High,Ambient,3,5,3,Low Stock,0.54,49,41,2,5.6,2026-02-09,1155
INV00001989,DS007,Sholinganallur,High,P0249,Dove Shampoo 650ml,Personal Care,425,Medium,Ambient,2,5,3,Low Stock,0.24,22,21,0,8.3,2026-02-15,850
INV00001990,DS007,Sholinganallur,High,P0250,Head & Shoulders 650ml,Personal Care,485,High,Ambient,5,5,3,In Stock,0.57,51,45,0,8.8,2026-02-11,2425
INV00001991,DS007,Sholinganallur,High,P0251,Sunsilk Shampoo 650ml,Personal Care,295,High,Ambient,4,5,3,In Stock,0.74,67,58,0,5.4,2026-02-15,1180
INV00001992,DS007,Sholinganallur,High,P0252,Colgate Total 300g,Personal Care,185,Medium,Ambient,3,5,3,Low Stock,0.39,35,30,2,7.7,2026-02-09,555
INV00001993,DS007,Sholinganallur,High,P0253,Colgate Maxfresh 150g,Personal Care,105,High,Ambient,5,5,3,In Stock,0.91,82,72,0,5.5,2026-02-11,525
INV00001994,DS007,Sholinganallur,High,P0254,Pepsodent 200g,Personal Care,85,High,Ambient,4,5,3,In Stock,0.48,43,38,1,8.3,2026-02-11,340
INV00001995,DS007,Sholinganallur,High,P0255,Sensodyne Toothpaste 150g,Personal Care,265,Medium,Ambient,5,5,3,In Stock,0.34,31,29,0,14.7,2026-02-10,1325
INV00001996,DS007,Sholinganallur,High,P0256,Oral B Toothbrush,Personal Care,95,High,Ambient,22,30,9,In Stock,0.0,0,0,0,999.0,2026-02-13,2090
INV00001997,DS007,Sholinganallur,High,P0257,Gillette Shaving Cream 418g,Personal Care,265,Medium,Ambient,5,5,3,In Stock,0.24,22,21,0,20.8,2026-02-14,1325
INV00001998,DS007,Sholinganallur,High,P0258,Gillette Mach 3 Razor,Personal Care,285,High,Ambient,2,5,3,Low Stock,0.72,65,53,2,2.8,2026-02-09,570
INV00001999,DS007,Sholinganallur,High,P0259,Veet Hair Removal Cream 100g,Personal Care,215,High,Ambient,3,5,3,Low Stock,0.7,63,52,1,4.3,2026-02-13,645
INV00002000,DS007,Sholinganallur,High,P0260,Nivea Body Lotion 400ml,Personal Care,295,High,Ambient,5,5,3,In Stock,0.68,61,54,1,7.4,2026-02-13,1475
INV00002001,DS007,Sholinganallur,High,P0261,Vaseline Petroleum Jelly 100ml,Personal Care,105,High,Ambient,2,5,3,Low Stock,0.76,68,63,1,2.6,2026-02-11,210
INV00002002,DS007,Sholinganallur,High,P0262,Ponds Face Cream 100ml,Personal Care,235,Medium,Ambient,3,5,3,Low Stock,0.19,17,15,0,15.8,2026-02-13,705
INV00002003,DS007,Sholinganallur,High,P0263,Fair & Lovely 80g,Personal Care,175,High,Ambient,4,5,3,In Stock,0.68,61,51,0,5.9,2026-02-09,700
INV00002004,DS007,Sholinganallur,High,P0264,Garnier Face Wash 100g,Personal Care,145,Medium,Ambient,2,5,3,Low Stock,0.28,25,21,1,7.1,2026-02-11,290
INV00002005,DS007,Sholinganallur,High,P0265,Lakmé Face Cream 60g,Personal Care,295,High,Ambient,5,5,3,In Stock,0.59,53,46,2,8.5,2026-02-09,1475
INV00002006,DS007,Sholinganallur,High,P0266,Johnson Baby Powder 400g,Personal Care,285,High,Ambient,4,5,3,In Stock,0.46,41,38,1,8.7,2026-02-14,1140
INV00002007,DS007,Sholinganallur,High,P0267,Dettol Handwash Refill 750ml,Personal Care,145,High,Ambient,4,5,3,In Stock,0.72,65,58,0,5.6,2026-02-09,580
INV00002008,DS007,Sholinganallur,High,P0268,Savlon Antiseptic Liquid 500ml,Personal Care,165,High,Ambient,15,28,8,In Stock,0.0,0,0,0,999.0,2026-02-10,2475
INV00002009,DS007,Sholinganallur,High,P0269,Band Aid 10pc,Personal Care,55,Medium,Ambient,4,5,3,In Stock,0.23,21,19,0,17.4,2026-02-15,220
INV00002010,DS007,Sholinganallur,High,P0270,Vicks VapoRub 50ml,Personal Care,145,High,Ambient,4,5,3,In Stock,0.72,65,57,0,5.6,2026-02-12,580
INV00002011,DS007,Sholinganallur,High,P0271,Dettol Antiseptic Liquid 550ml,Personal Care,195,High,Ambient,5,5,3,In Stock,0.66,59,52,2,7.6,2026-02-13,975
INV00002012,DS007,Sholinganallur,High,P0272,Cotton Buds 100pc,Personal Care,45,High,Ambient,4,5,3,In Stock,0.59,53,48,1,6.8,2026-02-13,180
INV00002013,DS007,Sholinganallur,High,P0273,Whisper Ultra XL 15 Pads,Personal Care,185,Medium,Ambient,2,5,3,Low Stock,0.23,21,19,1,8.7,2026-02-15,370
INV00002014,DS007,Sholinganallur,High,P0274,Stayfree Secure XL 20 Pads,Personal Care,195,High,Ambient,2,5,3,Low Stock,0.88,79,68,1,2.3,2026-02-13,390
INV00002015,DS007,Sholinganallur,High,P0275,Sanfe Sanitary Napkins 10pc,Personal Care,155,Medium,Ambient,5,5,3,In Stock,0.27,24,21,1,18.5,2026-02-12,775
INV00002016,DS007,Sholinganallur,High,P0276,Pampers Baby Diapers S 20pc,Baby Care,495,Low,Ambient,4,5,3,In Stock,0.27,24,18,2,14.8,2026-02-09,1980
INV00002017,DS007,Sholinganallur,High,P0277,Pampers Baby Diapers M 18pc,Baby Care,595,Medium,Ambient,3,5,3,Low Stock,0.27,24,19,1,11.1,2026-02-15,1785
INV00002018,DS007,Sholinganallur,High,P0278,Pampers Baby Diapers L 16pc,Baby Care,695,Low,Ambient,5,5,3,In Stock,0.14,13,11,2,35.7,2026-02-11,3475
INV00002019,DS007,Sholinganallur,High,P0279,Huggies Diapers S 22pc,Baby Care,485,Medium,Ambient,2,5,3,Low Stock,0.28,25,22,1,7.1,2026-02-09,970
INV00002020,DS007,Sholinganallur,High,P0280,Mamy Poko Pants M 20pc,Baby Care,575,Medium,Ambient,4,5,3,In Stock,0.17,15,14,2,23.5,2026-02-10,2300
INV00002021,DS007,Sholinganallur,High,P0281,Johnson Baby Soap 100g,Baby Care,55,Medium,Ambient,2,5,3,Low Stock,0.31,28,26,0,6.5,2026-02-15,110
INV00002022,DS007,Sholinganallur,High,P0282,Johnson Baby Shampoo 200ml,Baby Care,175,Medium,Ambient,3,5,3,Low Stock,0.24,22,19,0,12.5,2026-02-11,525
INV00002023,DS007,Sholinganallur,High,P0283,Johnson Baby Lotion 200ml,Baby Care,195,Low,Ambient,4,5,3,In Stock,0.23,21,17,1,17.4,2026-02-09,780
INV00002024,DS007,Sholinganallur,High,P0284,Johnson Baby Powder 200g,Baby Care,185,Low,Ambient,5,5,3,In Stock,0.11,10,10,1,45.5,2026-02-09,925
INV00002025,DS007,Sholinganallur,High,P0285,Himalaya Baby Lotion 200ml,Baby Care,165,Low,Ambient,4,5,3,In Stock,0.12,11,9,0,33.3,2026-02-09,660
INV00002026,DS007,Sholinganallur,High,P0286,Cerelac Wheat 300g,Baby Care,185,Low,Ambient,3,5,3,Low Stock,0.16,14,11,2,18.8,2026-02-15,555
INV00002027,DS007,Sholinganallur,High,P0287,Cerelac Multi Grain 300g,Baby Care,195,Medium,Ambient,5,5,3,In Stock,0.22,20,18,0,22.7,2026-02-09,975
INV00002028,DS007,Sholinganallur,High,P0288,Lactogen 1 (0-6 months) 400g,Baby Care,495,Medium,Ambient,4,5,3,In Stock,0.32,29,24,2,12.5,2026-02-10,1980
INV00002029,DS007,Sholinganallur,High,P0289,Farex Baby Food 300g,Baby Care,175,Medium,Ambient,3,5,3,Low Stock,0.27,24,19,0,11.1,2026-02-15,525
INV00002030,DS007,Sholinganallur,High,P0290,Himalaya Baby Wipes 72pc,Baby Care,165,Medium,Ambient,2,5,3,Low Stock,0.3,27,22,2,6.7,2026-02-11,330
INV00002031,DS008,Mylapore,Medium,P0001,Amul Taaza Toned Milk 500ml,"Dairy, Bread & Eggs",28,High,Refrigerated,4,5,3,In Stock,0.44,40,30,0,9.1,2026-02-15,112
INV00002032,DS008,Mylapore,Medium,P0002,Amul Taaza Toned Milk 1L,"Dairy, Bread & Eggs",56,High,Refrigerated,5,5,3,In Stock,0.52,47,32,1,9.6,2026-02-12,280
INV00002033,DS008,Mylapore,Medium,P0003,Amul Gold Full Cream Milk 500ml,"Dairy, Bread & Eggs",32,High,Refrigerated,2,5,3,Low Stock,0.3,27,17,1,6.7,2026-02-10,64
INV00002034,DS008,Mylapore,Medium,P0004,Amul Gold Full Cream Milk 1L,"Dairy, Bread & Eggs",64,High,Refrigerated,5,5,3,In Stock,0.38,34,24,2,13.2,2026-02-12,320
INV00002035,DS008,Mylapore,Medium,P0005,Heritage Fresh Milk 500ml,"Dairy, Bread & Eggs",30,High,Refrigerated,4,5,3,In Stock,0.46,41,33,0,8.7,2026-02-11,120
INV00002036,DS008,Mylapore,Medium,P0006,Nandini Milk 500ml,"Dairy, Bread & Eggs",26,Medium,Refrigerated,2,5,3,Low Stock,0.14,13,10,2,14.3,2026-02-12,52
INV00002037,DS008,Mylapore,Medium,P0007,Amul Fresh Cream 250ml,"Dairy, Bread & Eggs",85,High,Refrigerated,2,5,3,Low Stock,0.62,56,36,1,3.2,2026-02-09,170
INV00002038,DS008,Mylapore,Medium,P0008,Amul Masti Curd 400g,"Dairy, Bread & Eggs",32,High,Refrigerated,3,5,3,Low Stock,0.5,45,24,0,6.0,2026-02-14,96
INV00002039,DS008,Mylapore,Medium,P0009,Mother Dairy Curd 400g,"Dairy, Bread & Eggs",30,High,Refrigerated,4,5,3,In Stock,0.51,46,30,2,7.8,2026-02-14,120
INV00002040,DS008,Mylapore,Medium,P0010,Nestle Dahi 400g,"Dairy, Bread & Eggs",35,High,Refrigerated,2,5,3,Low Stock,0.47,42,26,0,4.3,2026-02-14,70
INV00002041,DS008,Mylapore,Medium,P0011,Amul Salted Butter 100g,"Dairy, Bread & Eggs",56,High,Refrigerated,5,5,3,In Stock,0.37,33,24,2,13.5,2026-02-15,280
INV00002042,DS008,Mylapore,Medium,P0012,Amul Salted Butter 500g,"Dairy, Bread & Eggs",270,Medium,Refrigerated,2,5,3,Low Stock,0.14,13,7,0,14.3,2026-02-11,540
INV00002043,DS008,Mylapore,Medium,P0013,Britannia Butter 100g,"Dairy, Bread & Eggs",54,High,Refrigerated,4,5,3,In Stock,0.46,41,33,0,8.7,2026-02-09,216
INV00002044,DS008,Mylapore,Medium,P0014,Amul Cheese Slices 200g,"Dairy, Bread & Eggs",130,Medium,Refrigerated,4,5,3,In Stock,0.16,14,8,0,25.0,2026-02-15,520
INV00002045,DS008,Mylapore,Medium,P0015,Britannia Cheese Slices 200g,"Dairy, Bread & Eggs",125,Medium,Refrigerated,2,5,3,Low Stock,0.18,16,13,1,11.1,2026-02-11,250
INV00002046,DS008,Mylapore,Medium,P0016,Amul Processed Cheese Block 200g,"Dairy, Bread & Eggs",110,High,Refrigerated,3,5,3,Low Stock,0.54,49,32,0,5.6,2026-02-09,330
INV00002047,DS008,Mylapore,Medium,P0017,Mother Dairy Paneer 200g,"Dairy, Bread & Eggs",95,Medium,Refrigerated,5,5,3,In Stock,0.14,13,11,1,35.7,2026-02-13,475
INV00002048,DS008,Mylapore,Medium,P0018,Amul Fresh Paneer 200g,"Dairy, Bread & Eggs",90,High,Refrigerated,3,5,3,Low Stock,0.5,45,30,0,6.0,2026-02-15,270
INV00002049,DS008,Mylapore,Medium,P0019,Nandini Paneer 200g,"Dairy, Bread & Eggs",85,High,Refrigerated,3,5,3,Low Stock,0.42,38,27,0,7.1,2026-02-10,255
INV00002050,DS008,Mylapore,Medium,P0020,Farm Fresh White Eggs 6 pcs,"Dairy, Bread & Eggs",48,High,Refrigerated,5,5,3,In Stock,0.41,37,28,2,12.2,2026-02-14,240
INV00002051,DS008,Mylapore,Medium,P0021,Farm Fresh Brown Eggs 6 pcs,"Dairy, Bread & Eggs",60,High,Refrigerated,3,5,3,Low Stock,0.53,48,39,0,5.7,2026-02-12,180
INV00002052,DS008,Mylapore,Medium,P0022,Farm Fresh White Eggs 10 pcs,"Dairy, Bread & Eggs",75,High,Refrigerated,3,5,3,Low Stock,0.4,36,25,2,7.5,2026-02-09,225
INV00002053,DS008,Mylapore,Medium,P0023,Amul Kool Milk Drink 200ml,"Dairy, Bread & Eggs",20,High,Refrigerated,2,5,3,Low Stock,0.44,40,25,2,4.5,2026-02-10,40
INV00002054,DS008,Mylapore,Medium,P0024,Amul Lassi 200ml,"Dairy, Bread & Eggs",25,High,Refrigerated,3,5,3,Low Stock,0.46,41,26,1,6.5,2026-02-14,75
INV00002055,DS008,Mylapore,Medium,P0025,Mother Dairy Mishti Doi 400g,"Dairy, Bread & Eggs",42,Medium,Refrigerated,4,5,3,In Stock,0.12,11,7,2,33.3,2026-02-09,168
INV00002056,DS008,Mylapore,Medium,P0026,Britannia Bread Large,"Dairy, Bread & Eggs",40,High,Refrigerated,5,5,3,In Stock,0.37,33,20,2,13.5,2026-02-13,200
INV00002057,DS008,Mylapore,Medium,P0027,Modern Bread Sandwich,"Dairy, Bread & Eggs",45,Medium,Refrigerated,3,5,3,Low Stock,0.22,20,13,2,13.6,2026-02-13,135
INV00002058,DS008,Mylapore,Medium,P0028,Harvest Gold Bread,"Dairy, Bread & Eggs",42,High,Refrigerated,4,5,3,In Stock,0.53,48,34,2,7.5,2026-02-10,168
INV00002059,DS008,Mylapore,Medium,P0029,English Oven Brown Bread,"Dairy, Bread & Eggs",50,High,Refrigerated,13,16,4,In Stock,0.0,0,0,0,999.0,2026-02-15,650
INV00002060,DS008,Mylapore,Medium,P0030,Onion 1kg,Fruits & Vegetables,35,High,Ambient,4,5,3,In Stock,0.12,11,11,2,33.3,2026-02-12,140
INV00002061,DS008,Mylapore,Medium,P0031,Tomato 1kg,Fruits & Vegetables,45,High,Ambient,4,5,3,In Stock,0.33,30,30,2,12.1,2026-02-15,180
INV00002062,DS008,Mylapore,Medium,P0032,Potato 1kg,Fruits & Vegetables,28,High,Ambient,3,5,3,Low Stock,0.3,27,27,2,10.0,2026-02-11,84
INV00002063,DS008,Mylapore,Medium,P0033,Green Chilli 100g,Fruits & Vegetables,15,High,Ambient,5,5,3,In Stock,0.29,26,26,0,17.2,2026-02-09,75
INV00002064,DS008,Mylapore,Medium,P0034,Ginger 200g,Fruits & Vegetables,40,High,Ambient,5,5,3,In Stock,0.26,23,23,0,19.2,2026-02-15,200
INV00002065,DS008,Mylapore,Medium,P0035,Garlic 250g,Fruits & Vegetables,55,High,Ambient,3,5,3,Low Stock,0.29,26,26,2,10.3,2026-02-09,165
INV00002066,DS008,Mylapore,Medium,P0036,Coriander Leaves 100g,Fruits & Vegetables,15,High,Refrigerated,3,5,3,Low Stock,0.22,20,20,2,13.6,2026-02-15,45
INV00002067,DS008,Mylapore,Medium,P0037,Curry Leaves 100g,Fruits & Vegetables,20,High,Refrigerated,3,5,3,Low Stock,0.3,27,27,1,10.0,2026-02-09,60
INV00002068,DS008,Mylapore,Medium,P0038,Lemon 250g (4-5pcs),Fruits & Vegetables,25,High,Ambient,4,5,3,In Stock,0.27,24,24,0,14.8,2026-02-13,100
INV00002069,DS008,Mylapore,Medium,P0039,Carrot 500g,Fruits & Vegetables,30,High,Ambient,2,5,3,Low Stock,0.18,16,16,2,11.1,2026-02-11,60
INV00002070,DS008,Mylapore,Medium,P0040,Beans 500g,Fruits & Vegetables,45,High,Ambient,3,5,3,Low Stock,0.27,24,24,2,11.1,2026-02-09,135
INV00002071,DS008,Mylapore,Medium,P0041,Capsicum Green 500g,Fruits & Vegetables,50,High,Ambient,4,5,3,In Stock,0.18,16,16,1,22.2,2026-02-10,200
INV00002072,DS008,Mylapore,Medium,P0042,Cabbage 1pc,Fruits & Vegetables,35,High,Ambient,2,5,3,Low Stock,0.31,28,28,1,6.5,2026-02-15,70
INV00002073,DS008,Mylapore,Medium,P0043,Cauliflower 1pc,Fruits & Vegetables,40,High,Ambient,5,5,3,In Stock,0.28,25,25,1,17.9,2026-02-14,200
INV00002074,DS008,Mylapore,Medium,P0044,Brinjal 500g,Fruits & Vegetables,35,High,Ambient,3,5,3,Low Stock,0.23,21,21,2,13.0,2026-02-14,105
INV00002075,DS008,Mylapore,Medium,P0045,Ladies Finger 500g,Fruits & Vegetables,40,High,Ambient,3,5,3,Low Stock,0.3,27,27,2,10.0,2026-02-14,120
INV00002076,DS008,Mylapore,Medium,P0046,Beetroot 500g,Fruits & Vegetables,35,High,Ambient,2,5,3,Low Stock,0.2,18,18,0,10.0,2026-02-09,70
INV00002077,DS008,Mylapore,Medium,P0047,Radish White 500g,Fruits & Vegetables,30,High,Ambient,2,5,3,Low Stock,0.29,26,26,2,6.9,2026-02-14,60
INV00002078,DS008,Mylapore,Medium,P0048,Bottle Gourd 1pc,Fruits & Vegetables,35,High,Ambient,2,5,3,Low Stock,0.36,32,32,2,5.6,2026-02-12,70
INV00002079,DS008,Mylapore,Medium,P0049,Bitter Gourd 500g,Fruits & Vegetables,45,High,Ambient,5,5,3,In Stock,0.18,16,16,2,27.8,2026-02-14,225
INV00002080,DS008,Mylapore,Medium,P0050,Banana Robusta 6pcs,Fruits & Vegetables,35,High,Ambient,3,5,3,Low Stock,0.29,26,26,1,10.3,2026-02-14,105
INV00002081,DS008,Mylapore,Medium,P0051,Apple Shimla 4pcs,Fruits & Vegetables,140,High,Ambient,5,5,3,In Stock,0.26,23,23,1,19.2,2026-02-13,700
INV00002082,DS008,Mylapore,Medium,P0052,Pomegranate 1pc,Fruits & Vegetables,85,High,Ambient,2,5,3,Low Stock,0.19,17,17,2,10.5,2026-02-15,170
INV00002083,DS008,Mylapore,Medium,P0053,Orange 500g,Fruits & Vegetables,50,High,Ambient,3,5,3,Low Stock,0.26,23,23,0,11.5,2026-02-12,150
INV00002084,DS008,Mylapore,Medium,P0054,Sweet Lime 500g,Fruits & Vegetables,45,High,Ambient,4,5,3,In Stock,0.31,28,28,1,12.9,2026-02-12,180
INV00002085,DS008,Mylapore,Medium,P0055,Watermelon 1pc (3-4kg),Fruits & Vegetables,80,High,Ambient,5,5,3,In Stock,0.26,23,23,2,19.2,2026-02-14,400
INV00002086,DS008,Mylapore,Medium,P0056,Papaya 1pc,Fruits & Vegetables,45,High,Ambient,3,5,3,Low Stock,0.4,36,36,1,7.5,2026-02-15,135
INV00002087,DS008,Mylapore,Medium,P0057,Grapes Green 500g,Fruits & Vegetables,90,High,Ambient,5,5,3,In Stock,0.36,32,32,0,13.9,2026-02-13,450
INV00002088,DS008,Mylapore,Medium,P0058,Mango (Seasonal),Fruits & Vegetables,120,High,Ambient,5,5,3,In Stock,0.18,16,16,2,27.8,2026-02-09,600
INV00002089,DS008,Mylapore,Medium,P0059,Pineapple 1pc,Fruits & Vegetables,55,High,Ambient,2,5,3,Low Stock,0.29,26,26,1,6.9,2026-02-13,110
INV00002090,DS008,Mylapore,Medium,P0060,Coca Cola 750ml,Cold Drinks & Juices,40,High,Refrigerated,5,5,3,In Stock,0.38,34,27,1,13.2,2026-02-12,200
INV00002091,DS008,Mylapore,Medium,P0061,Coca Cola 2.25L,Cold Drinks & Juices,95,Medium,Refrigerated,5,5,3,In Stock,0.08,7,5,0,62.5,2026-02-13,475
INV00002092,DS008,Mylapore,Medium,P0062,Pepsi 750ml,Cold Drinks & Juices,40,Medium,Refrigerated,5,5,3,In Stock,0.16,14,9,1,31.2,2026-02-10,200
INV00002093,DS008,Mylapore,Medium,P0063,Pepsi 2L,Cold Drinks & Juices,90,High,Refrigerated,4,5,3,In Stock,0.46,41,26,0,8.7,2026-02-09,360
INV00002094,DS008,Mylapore,Medium,P0064,Sprite 750ml,Cold Drinks & Juices,40,Medium,Refrigerated,3,5,3,Low Stock,0.14,13,9,0,21.4,2026-02-10,120
INV00002095,DS008,Mylapore,Medium,P0065,Thumbs Up 750ml,Cold Drinks & Juices,40,Medium,Refrigerated,3,5,3,Low Stock,0.18,16,11,1,16.7,2026-02-15,120
INV00002096,DS008,Mylapore,Medium,P0066,Fanta 750ml,Cold Drinks & Juices,40,High,Refrigerated,4,5,3,In Stock,0.34,31,23,0,11.8,2026-02-09,160
INV00002097,DS008,Mylapore,Medium,P0067,Mountain Dew 750ml,Cold Drinks & Juices,40,High,Refrigerated,5,5,3,In Stock,0.59,53,34,0,8.5,2026-02-12,200
INV00002098,DS008,Mylapore,Medium,P0068,Thums Up 2.25L,Cold Drinks & Juices,95,High,Refrigerated,3,5,3,Low Stock,0.36,32,25,0,8.3,2026-02-09,285
INV00002099,DS008,Mylapore,Medium,P0069,Bisleri Water 1L,Cold Drinks & Juices,20,High,Ambient,5,5,3,In Stock,0.23,21,13,2,21.7,2026-02-10,100
INV00002100,DS008,Mylapore,Medium,P0070,Bisleri Water 2L,Cold Drinks & Juices,35,High,Ambient,5,5,3,In Stock,0.36,32,24,1,13.9,2026-02-10,175
INV00002101,DS008,Mylapore,Medium,P0071,Kinley Water 1L,Cold Drinks & Juices,20,High,Ambient,3,5,3,Low Stock,0.49,44,25,1,6.1,2026-02-09,60
INV00002102,DS008,Mylapore,Medium,P0072,Aquafina Water 1L,Cold Drinks & Juices,20,Medium,Ambient,2,5,3,Low Stock,0.3,27,16,2,6.7,2026-02-10,40
INV00002103,DS008,Mylapore,Medium,P0073,Red Bull Energy Drink 250ml,Cold Drinks & Juices,125,Medium,Refrigerated,2,5,3,Low Stock,0.14,13,9,1,14.3,2026-02-10,250
INV00002104,DS008,Mylapore,Medium,P0074,Sting Energy Drink 250ml,Cold Drinks & Juices,20,Medium,Refrigerated,4,5,3,In Stock,0.11,10,6,0,36.4,2026-02-10,80
INV00002105,DS008,Mylapore,Medium,P0075,Monster Energy Drink 500ml,Cold Drinks & Juices,150,Medium,Refrigerated,3,5,3,Low Stock,0.19,17,10,1,15.8,2026-02-14,450
INV00002106,DS008,Mylapore,Medium,P0076,Real Fruit Juice Mixed Fruit 1L,Cold Drinks & Juices,130,Medium,Refrigerated,5,5,3,In Stock,0.19,17,9,1,26.3,2026-02-14,650
INV00002107,DS008,Mylapore,Medium,P0077,Real Fruit Juice Mango 1L,Cold Drinks & Juices,130,High,Refrigerated,3,5,3,Low Stock,0.33,30,21,1,9.1,2026-02-15,390
INV00002108,DS008,Mylapore,Medium,P0078,Tropicana Orange 1L,Cold Drinks & Juices,145,High,Refrigerated,2,5,3,Low Stock,0.32,29,20,1,6.2,2026-02-15,290
INV00002109,DS008,Mylapore,Medium,P0079,Tropicana Mixed Fruit 1L,Cold Drinks & Juices,145,High,Refrigerated,30,26,7,In Stock,0.0,0,0,0,999.0,2026-02-11,4350
INV00002110,DS008,Mylapore,Medium,P0080,Minute Maid Pulpy Orange 400ml,Cold Drinks & Juices,45,Medium,Refrigerated,4,5,3,In Stock,0.27,24,15,0,14.8,2026-02-10,180
INV00002111,DS008,Mylapore,Medium,P0081,Frooti Mango Drink 160ml,Cold Drinks & Juices,10,High,Refrigerated,5,5,3,In Stock,0.5,45,26,1,10.0,2026-02-11,50
INV00002112,DS008,Mylapore,Medium,P0082,Frooti Mango Drink 1.2L,Cold Drinks & Juices,60,High,Refrigerated,5,5,3,In Stock,0.36,32,24,1,13.9,2026-02-13,300
INV00002113,DS008,Mylapore,Medium,P0083,Maaza Mango Drink 1.2L,Cold Drinks & Juices,60,High,Refrigerated,5,5,3,In Stock,0.42,38,24,0,11.9,2026-02-14,300
INV00002114,DS008,Mylapore,Medium,P0084,Paper Boat Aam Panna 250ml,Cold Drinks & Juices,40,Medium,Refrigerated,5,5,3,In Stock,0.17,15,11,1,29.4,2026-02-12,200
INV00002115,DS008,Mylapore,Medium,P0085,Paper Boat Jaljeera 250ml,Cold Drinks & Juices,40,High,Refrigerated,2,5,3,Low Stock,0.34,31,22,2,5.9,2026-02-15,80
INV00002116,DS008,Mylapore,Medium,P0086,Rasna Orange 750ml,Cold Drinks & Juices,35,High,Refrigerated,4,5,3,In Stock,0.46,41,25,1,8.7,2026-02-10,140
INV00002117,DS008,Mylapore,Medium,P0087,Tang Instant Drink 750g,Cold Drinks & Juices,320,Medium,Refrigerated,4,5,3,In Stock,0.16,14,10,2,25.0,2026-02-10,1280
INV00002118,DS008,Mylapore,Medium,P0088,Nestle Iced Tea Lemon 500ml,Cold Drinks & Juices,40,High,Refrigerated,2,5,3,Low Stock,0.4,36,22,2,5.0,2026-02-13,80
INV00002119,DS008,Mylapore,Medium,P0089,Lays Classic Salted 50g,Snacks & Munchies,20,High,Ambient,4,5,3,In Stock,0.42,38,32,1,9.5,2026-02-11,80
INV00002120,DS008,Mylapore,Medium,P0090,Lays Classic Salted 90g,Snacks & Munchies,35,Medium,Ambient,4,5,3,In Stock,0.06,5,5,2,66.7,2026-02-11,140
INV00002121,DS008,Mylapore,Medium,P0091,Lays American Style Cream & Onion 50g,Snacks & Munchies,20,High,Ambient,2,5,3,Low Stock,0.34,31,24,1,5.9,2026-02-09,40
INV00002122,DS008,Mylapore,Medium,P0092,Kurkure Masala Munch 90g,Snacks & Munchies,20,High,Ambient,5,5,3,In Stock,0.27,24,22,1,18.5,2026-02-14,100
INV00002123,DS008,Mylapore,Medium,P0093,Kurkure Solid Masti 90g,Snacks & Munchies,20,Medium,Ambient,12,11,3,In Stock,0.0,0,0,0,999.0,2026-02-10,240
INV00002124,DS008,Mylapore,Medium,P0094,Bingo Mad Angles 72g,Snacks & Munchies,20,High,Ambient,3,5,3,Low Stock,0.34,31,28,1,8.8,2026-02-12,60
INV00002125,DS008,Mylapore,Medium,P0095,Doritos Nacho Cheese 150g,Snacks & Munchies,75,High,Ambient,4,5,3,In Stock,0.4,36,30,2,10.0,2026-02-12,300
INV00002126,DS008,Mylapore,Medium,P0096,Pringles Original 107g,Snacks & Munchies,130,High,Ambient,4,5,3,In Stock,0.26,23,19,0,15.4,2026-02-12,520
INV00002127,DS008,Mylapore,Medium,P0097,Haldirams Aloo Bhujia 200g,Snacks & Munchies,50,High,Ambient,5,5,3,In Stock,0.27,24,22,2,18.5,2026-02-11,250
INV00002128,DS008,Mylapore,Medium,P0098,Haldirams Moong Dal 200g,Snacks & Munchies,55,High,Ambient,4,5,3,In Stock,0.37,33,28,0,10.8,2026-02-11,220
INV00002129,DS008,Mylapore,Medium,P0099,Haldirams Sev Bhujia 400g,Snacks & Munchies,95,High,Ambient,3,5,3,Low Stock,0.34,31,26,1,8.8,2026-02-13,285
INV00002130,DS008,Mylapore,Medium,P0100,Bikaji Bhujia 200g,Snacks & Munchies,48,High,Ambient,5,5,3,In Stock,0.22,20,19,2,22.7,2026-02-13,240
INV00002131,DS008,Mylapore,Medium,P0101,Parle G Biscuits 376g,Snacks & Munchies,40,High,Ambient,5,5,3,In Stock,0.39,35,31,0,12.8,2026-02-15,200
INV00002132,DS008,Mylapore,Medium,P0102,Britannia Good Day Butter 600g,Snacks & Munchies,80,High,Ambient,5,5,3,In Stock,0.38,34,29,1,13.2,2026-02-09,400
INV00002133,DS008,Mylapore,Medium,P0103,Britannia Marie Gold 250g,Snacks & Munchies,32,High,Ambient,2,5,3,Low Stock,0.31,28,23,1,6.5,2026-02-10,64
INV00002134,DS008,Mylapore,Medium,P0104,Sunfeast Dark Fantasy 300g,Snacks & Munchies,110,High,Ambient,4,5,3,In Stock,0.27,24,22,2,14.8,2026-02-10,440
INV00002135,DS008,Mylapore,Medium,P0105,Oreo Original 300g,Snacks & Munchies,40,High,Ambient,5,5,3,In Stock,0.29,26,22,1,17.2,2026-02-12,200
INV00002136,DS008,Mylapore,Medium,P0106,Hide & Seek 240g,Snacks & Munchies,50,High,Ambient,4,5,3,In Stock,0.43,39,31,0,9.3,2026-02-15,200
INV00002137,DS008,Mylapore,Medium,P0107,Monaco Classic 200g,Snacks & Munchies,25,Medium,Ambient,4,5,3,In Stock,0.24,22,18,1,16.7,2026-02-15,100
INV00002138,DS008,Mylapore,Medium,P0108,Parle 20-20 Cashew Cookies 400g,Snacks & Munchies,55,Medium,Ambient,4,5,3,In Stock,0.09,8,8,2,44.4,2026-02-10,220
INV00002139,DS008,Mylapore,Medium,P0109,Cadbury Dairy Milk Silk 60g,Snacks & Munchies,100,High,Ambient,5,5,3,In Stock,0.38,34,31,0,13.2,2026-02-10,500
INV00002140,DS008,Mylapore,Medium,P0110,KitKat 4 Finger 37.3g,Snacks & Munchies,40,High,Ambient,8,18,5,In Stock,0.0,0,0,0,999.0,2026-02-10,320
INV00002141,DS008,Mylapore,Medium,P0111,5 Star Chocolate 40g,Snacks & Munchies,25,High,Ambient,4,5,3,In Stock,0.29,26,24,2,13.8,2026-02-14,100
INV00002142,DS008,Mylapore,Medium,P0112,Snickers 50g,Snacks & Munchies,40,High,Ambient,4,5,3,In Stock,0.37,33,26,0,10.8,2026-02-15,160
INV00002143,DS008,Mylapore,Medium,P0113,Munch Chocolate 30g,Snacks & Munchies,20,High,Ambient,3,5,3,Low Stock,0.39,35,30,1,7.7,2026-02-15,60
INV00002144,DS008,Mylapore,Medium,P0114,Too Yumm Veggie Stix 56g,Snacks & Munchies,35,High,Ambient,4,5,3,In Stock,0.38,34,31,2,10.5,2026-02-14,140
INV00002145,DS008,Mylapore,Medium,P0115,Act II Popcorn Butter 60g,Snacks & Munchies,50,High,Ambient,2,5,3,Low Stock,0.4,36,30,1,5.0,2026-02-13,100
INV00002146,DS008,Mylapore,Medium,P0116,Cornitos Nacho Chips 150g,Snacks & Munchies,70,Medium,Ambient,5,5,3,In Stock,0.22,20,19,1,22.7,2026-02-13,350
INV00002147,DS008,Mylapore,Medium,P0117,Maggi Masala Noodles 70g,Breakfast & Instant Food,14,High,Ambient,2,5,3,Low Stock,0.24,22,19,0,8.3,2026-02-12,28
INV00002148,DS008,Mylapore,Medium,P0118,Maggi Masala Noodles 280g (4pack),Breakfast & Instant Food,52,High,Ambient,5,5,3,In Stock,0.38,34,31,1,13.2,2026-02-12,260
INV00002149,DS008,Mylapore,Medium,P0119,Maggi Atta Noodles 320g,Breakfast & Instant Food,54,Medium,Ambient,4,5,3,In Stock,0.1,9,8,1,40.0,2026-02-14,216
INV00002150,DS008,Mylapore,Medium,P0120,Top Ramen Curry 280g,Breakfast & Instant Food,48,Medium,Ambient,2,5,3,Low Stock,0.09,8,7,1,22.2,2026-02-14,96
INV00002151,DS008,Mylapore,Medium,P0121,Yippee Magic Masala 240g,Breakfast & Instant Food,42,Medium,Ambient,2,5,3,Low Stock,0.1,9,9,0,20.0,2026-02-10,84
INV00002152,DS008,Mylapore,Medium,P0122,Sunfeast Yippee 420g,Breakfast & Instant Food,60,High,Ambient,2,5,3,Low Stock,0.31,28,25,1,6.5,2026-02-11,120
INV00002153,DS008,Mylapore,Medium,P0123,Knorr Chicken Soup 40g,Breakfast & Instant Food,35,High,Ambient,2,5,3,Low Stock,0.36,32,28,0,5.6,2026-02-13,70
INV00002154,DS008,Mylapore,Medium,P0124,Knorr Hot & Sour Veg Soup 42g,Breakfast & Instant Food,35,High,Ambient,5,5,3,In Stock,0.28,25,24,1,17.9,2026-02-10,175
INV00002155,DS008,Mylapore,Medium,P0125,Maggi Hot Heads 73g,Breakfast & Instant Food,25,High,Ambient,3,5,3,Low Stock,0.32,29,25,0,9.4,2026-02-10,75
INV00002156,DS008,Mylapore,Medium,P0126,Pasta Treat Penne 500g,Breakfast & Instant Food,85,High,Ambient,3,5,3,Low Stock,0.31,28,26,0,9.7,2026-02-12,255
INV00002157,DS008,Mylapore,Medium,P0127,MTR Idli Mix 500g,Breakfast & Instant Food,75,Medium,Ambient,4,5,3,In Stock,0.11,10,8,2,36.4,2026-02-11,300
INV00002158,DS008,Mylapore,Medium,P0128,MTR Dosa Mix 500g,Breakfast & Instant Food,75,High,Ambient,2,5,3,Low Stock,0.29,26,22,2,6.9,2026-02-12,150
INV00002159,DS008,Mylapore,Medium,P0129,MTR Rava Idli 500g,Breakfast & Instant Food,70,Medium,Ambient,3,5,3,Low Stock,0.19,17,15,2,15.8,2026-02-13,210
INV00002160,DS008,Mylapore,Medium,P0130,ID Fresh Idli Batter 1kg,Breakfast & Instant Food,75,Medium,Ambient,2,5,3,Low Stock,0.22,20,17,1,9.1,2026-02-12,150
INV00002161,DS008,Mylapore,Medium,P0131,ID Fresh Dosa Batter 1kg,Breakfast & Instant Food,75,Medium,Ambient,4,5,3,In Stock,0.09,8,7,2,44.4,2026-02-13,300
INV00002162,DS008,Mylapore,Medium,P0132,Saffola Masala Oats 400g,Breakfast & Instant Food,145,High,Ambient,5,5,3,In Stock,0.34,31,25,2,14.7,2026-02-10,725
INV00002163,DS008,Mylapore,Medium,P0133,Quaker Oats 1kg,Breakfast & Instant Food,185,High,Ambient,2,5,3,Low Stock,0.3,27,20,0,6.7,2026-02-12,370
INV00002164,DS008,Mylapore,Medium,P0134,Kelloggs Corn Flakes 875g,Breakfast & Instant Food,340,High,Ambient,2,5,3,Low Stock,0.34,31,27,0,5.9,2026-02-14,680
INV00002165,DS008,Mylapore,Medium,P0135,Kelloggs Chocos 375g,Breakfast & Instant Food,185,High,Ambient,3,5,3,Low Stock,0.24,22,18,2,12.5,2026-02-15,555
INV00002166,DS008,Mylapore,Medium,P0136,Nestle Ceregrow 300g,Breakfast & Instant Food,395,Medium,Ambient,5,5,3,In Stock,0.11,10,9,1,45.5,2026-02-09,1975
INV00002167,DS008,Mylapore,Medium,P0137,MTR Vermicelli Roasted 440g,Breakfast & Instant Food,55,Medium,Ambient,2,5,3,Low Stock,0.13,12,9,1,15.4,2026-02-12,110
INV00002168,DS008,Mylapore,Medium,P0138,Bambino Vermicelli 175g,Breakfast & Instant Food,25,High,Ambient,3,5,3,Low Stock,0.3,27,23,0,10.0,2026-02-11,75
INV00002169,DS008,Mylapore,Medium,P0139,Haldiram Moong Dal 200g,Breakfast & Instant Food,55,High,Ambient,3,5,3,Low Stock,0.3,27,24,2,10.0,2026-02-09,165
INV00002170,DS008,Mylapore,Medium,P0140,McCain French Fries 420g,Breakfast & Instant Food,145,High,Ambient,4,5,3,In Stock,0.26,23,21,0,15.4,2026-02-14,580
INV00002171,DS008,Mylapore,Medium,P0141,McCain Veggie Fingers 360g,Breakfast & Instant Food,180,High,Ambient,5,5,3,In Stock,0.29,26,24,2,17.2,2026-02-10,900
INV00002172,DS008,Mylapore,Medium,P0142,Aashirvaad Atta 5kg,"Atta, Rice & Dal",240,High,Ambient,5,5,3,In Stock,0.28,25,21,1,17.9,2026-02-09,1200
INV00002173,DS008,Mylapore,Medium,P0143,Aashirvaad Atta 10kg,"Atta, Rice & Dal",475,High,Ambient,5,5,3,In Stock,0.22,20,20,1,22.7,2026-02-15,2375
INV00002174,DS008,Mylapore,Medium,P0144,Fortune Chakki Fresh Atta 5kg,"Atta, Rice & Dal",235,High,Ambient,4,5,3,In Stock,0.37,33,30,2,10.8,2026-02-14,940
INV00002175,DS008,Mylapore,Medium,P0145,Pillsbury Chakki Fresh Atta 5kg,"Atta, Rice & Dal",240,High,Ambient,3,5,3,Low Stock,0.36,32,27,0,8.3,2026-02-09,720
INV00002176,DS008,Mylapore,Medium,P0146,India Gate Basmati Rice 1kg,"Atta, Rice & Dal",190,Medium,Ambient,5,5,3,In Stock,0.09,8,7,1,55.6,2026-02-13,950
INV00002177,DS008,Mylapore,Medium,P0147,India Gate Basmati Rice 5kg,"Atta, Rice & Dal",900,High,Ambient,3,5,3,Low Stock,0.22,20,18,2,13.6,2026-02-14,2700
INV00002178,DS008,Mylapore,Medium,P0148,Daawat Basmati Rice 1kg,"Atta, Rice & Dal",180,High,Ambient,3,5,3,Low Stock,0.24,22,19,1,12.5,2026-02-15,540
INV00002179,DS008,Mylapore,Medium,P0149,Fortune Biryani Special Basmati 1kg,"Atta, Rice & Dal",170,Medium,Ambient,3,5,3,Low Stock,0.11,10,8,1,27.3,2026-02-11,510
INV00002180,DS008,Mylapore,Medium,P0150,Sona Masoori Rice 5kg,"Atta, Rice & Dal",280,High,Ambient,12,19,5,In Stock,0.0,0,0,0,999.0,2026-02-15,3360
INV00002181,DS008,Mylapore,Medium,P0151,Ponni Boiled Rice 5kg,"Atta, Rice & Dal",250,High,Ambient,3,5,3,Low Stock,0.21,19,17,2,14.3,2026-02-11,750
INV00002182,DS008,Mylapore,Medium,P0152,Tata Sampann Toor Dal 1kg,"Atta, Rice & Dal",160,High,Ambient,5,5,3,In Stock,0.22,20,17,2,22.7,2026-02-10,800
INV00002183,DS008,Mylapore,Medium,P0153,Tata Sampann Moong Dal 500g,"Atta, Rice & Dal",85,Medium,Ambient,4,5,3,In Stock,0.12,11,8,1,33.3,2026-02-11,340
INV00002184,DS008,Mylapore,Medium,P0154,Tata Sampann Chana Dal 1kg,"Atta, Rice & Dal",155,High,Ambient,3,5,3,Low Stock,0.27,24,18,0,11.1,2026-02-15,465
INV00002185,DS008,Mylapore,Medium,P0155,Tata Sampann Masoor Dal 500g,"Atta, Rice & Dal",75,High,Ambient,4,5,3,In Stock,0.26,23,18,1,15.4,2026-02-13,300
INV00002186,DS008,Mylapore,Medium,P0156,Tata Sampann Urad Dal 500g,"Atta, Rice & Dal",90,High,Ambient,5,5,3,In Stock,0.2,18,15,2,25.0,2026-02-15,450
INV00002187,DS008,Mylapore,Medium,P0157,Rajma 500g,"Atta, Rice & Dal",110,High,Ambient,5,5,3,In Stock,0.21,19,18,0,23.8,2026-02-11,550
INV00002188,DS008,Mylapore,Medium,P0158,Kabuli Chana 500g,"Atta, Rice & Dal",95,High,Ambient,2,5,3,Low Stock,0.24,22,18,1,8.3,2026-02-14,190
INV00002189,DS008,Mylapore,Medium,P0159,Tata Salt 1kg,"Atta, Rice & Dal",22,Medium,Ambient,4,5,3,In Stock,0.1,9,8,0,40.0,2026-02-15,88
INV00002190,DS008,Mylapore,Medium,P0160,Tata Salt Lite 1kg,"Atta, Rice & Dal",52,High,Ambient,5,5,3,In Stock,0.24,22,19,1,20.8,2026-02-11,260
INV00002191,DS008,Mylapore,Medium,P0161,Catch Salt 1kg,"Atta, Rice & Dal",20,Medium,Ambient,5,5,3,In Stock,0.06,5,4,2,83.3,2026-02-14,100
INV00002192,DS008,Mylapore,Medium,P0162,Sugar 1kg,"Atta, Rice & Dal",45,High,Ambient,5,5,3,In Stock,0.17,15,13,1,29.4,2026-02-09,225
INV00002193,DS008,Mylapore,Medium,P0163,Brown Sugar 500g,"Atta, Rice & Dal",50,High,Ambient,4,5,3,In Stock,0.24,22,20,2,16.7,2026-02-12,200
INV00002194,DS008,Mylapore,Medium,P0164,Jaggery Powder 500g,"Atta, Rice & Dal",65,High,Ambient,12,18,5,In Stock,0.0,0,0,0,999.0,2026-02-13,780
INV00002195,DS008,Mylapore,Medium,P0165,Rava Medium 500g,"Atta, Rice & Dal",35,High,Ambient,4,5,3,In Stock,0.17,15,12,1,23.5,2026-02-13,140
INV00002196,DS008,Mylapore,Medium,P0166,Poha Thick 500g,"Atta, Rice & Dal",45,High,Ambient,2,5,3,Low Stock,0.26,23,19,1,7.7,2026-02-11,90
INV00002197,DS008,Mylapore,Medium,P0167,Sabudana 500g,"Atta, Rice & Dal",75,High,Ambient,3,5,3,Low Stock,0.24,22,20,0,12.5,2026-02-09,225
INV00002198,DS008,Mylapore,Medium,P0168,MDH Deggi Mirch 100g,"Masala, Oil & More",85,Medium,Ambient,2,5,3,Low Stock,0.1,9,7,1,20.0,2026-02-09,170
INV00002199,DS008,Mylapore,Medium,P0169,MDH Garam Masala 100g,"Masala, Oil & More",90,High,Ambient,5,5,3,In Stock,0.23,21,18,2,21.7,2026-02-09,450
INV00002200,DS008,Mylapore,Medium,P0170,MDH Chana Masala 100g,"Masala, Oil & More",85,Low,Ambient,3,5,3,Low Stock,0.06,5,4,1,50.0,2026-02-11,255
INV00002201,DS008,Mylapore,Medium,P0171,Everest Turmeric Powder 200g,"Masala, Oil & More",95,High,Ambient,3,5,3,Low Stock,0.28,25,22,1,10.7,2026-02-12,285
INV00002202,DS008,Mylapore,Medium,P0172,Everest Red Chilli Powder 200g,"Masala, Oil & More",105,Medium,Ambient,3,5,3,Low Stock,0.07,6,6,2,42.9,2026-02-11,315
INV00002203,DS008,Mylapore,Medium,P0173,Everest Coriander Powder 200g,"Masala, Oil & More",65,Medium,Ambient,3,5,3,Low Stock,0.08,7,6,2,37.5,2026-02-13,195
INV00002204,DS008,Mylapore,Medium,P0174,Catch Cumin Powder 100g,"Masala, Oil & More",70,High,Ambient,2,5,3,Low Stock,0.31,28,24,2,6.5,2026-02-09,140
INV00002205,DS008,Mylapore,Medium,P0175,Catch Chat Masala 100g,"Masala, Oil & More",60,High,Ambient,3,5,3,Low Stock,0.17,15,13,1,17.6,2026-02-10,180
INV00002206,DS008,Mylapore,Medium,P0176,Ching Secret Manchurian 60g,"Masala, Oil & More",65,Low,Ambient,4,5,3,In Stock,0.04,4,3,0,100.0,2026-02-11,260
INV00002207,DS008,Mylapore,Medium,P0177,Maggi Magic Cubes 40g,"Masala, Oil & More",20,Medium,Ambient,3,5,3,Low Stock,0.11,10,9,2,27.3,2026-02-13,60
INV00002208,DS008,Mylapore,Medium,P0178,Kissan Fresh Tomato Ketchup 900g,"Masala, Oil & More",120,High,Ambient,2,5,3,Low Stock,0.24,22,19,1,8.3,2026-02-10,240
INV00002209,DS008,Mylapore,Medium,P0179,Kissan Tomato Sauce 1kg,"Masala, Oil & More",125,High,Ambient,3,5,3,Low Stock,0.21,19,18,0,14.3,2026-02-09,375
INV00002210,DS008,Mylapore,Medium,P0180,Maggi Hot & Sweet Sauce 1kg,"Masala, Oil & More",140,High,Ambient,3,5,3,Low Stock,0.21,19,16,1,14.3,2026-02-15,420
INV00002211,DS008,Mylapore,Medium,P0181,Fortune Sunflower Oil 1L,"Masala, Oil & More",160,Low,Ambient,3,5,3,Low Stock,0.0,0,0,0,999.0,2026-02-14,480
INV00002212,DS008,Mylapore,Medium,P0182,Fortune Refined Oil 5L,"Masala, Oil & More",750,Medium,Ambient,3,5,3,Low Stock,0.06,5,4,1,50.0,2026-02-09,2250
INV00002213,DS008,Mylapore,Medium,P0183,Sundrop Sunflower Oil 1L,"Masala, Oil & More",155,Medium,Ambient,2,5,3,Low Stock,0.07,6,6,0,28.6,2026-02-15,310
INV00002214,DS008,Mylapore,Medium,P0184,Dhara Refined Oil 1L,"Masala, Oil & More",150,Medium,Ambient,4,5,3,In Stock,0.12,11,10,1,33.3,2026-02-11,600
INV00002215,DS008,Mylapore,Medium,P0185,Fortune Mustard Oil 1L,"Masala, Oil & More",185,High,Ambient,3,5,3,Low Stock,0.21,19,14,2,14.3,2026-02-15,555
INV00002216,DS008,Mylapore,Medium,P0186,KS Gingelly Oil 500ml,"Masala, Oil & More",200,Medium,Ambient,2,5,3,Low Stock,0.17,15,13,1,11.8,2026-02-09,400
INV00002217,DS008,Mylapore,Medium,P0187,Parachute Coconut Oil 500ml,"Masala, Oil & More",195,High,Ambient,3,5,3,Low Stock,0.31,28,20,0,9.7,2026-02-10,585
INV00002218,DS008,Mylapore,Medium,P0188,Saffola Gold Oil 1L,"Masala, Oil & More",250,High,Ambient,4,5,3,In Stock,0.21,19,18,0,19.0,2026-02-10,1000
INV00002219,DS008,Mylapore,Medium,P0189,Ghee 500ml,"Masala, Oil & More",295,Low,Ambient,4,5,3,In Stock,0.08,7,7,2,50.0,2026-02-10,1180
INV00002220,DS008,Mylapore,Medium,P0190,Amul Pure Ghee 500ml,"Masala, Oil & More",340,Medium,Ambient,5,5,3,In Stock,0.06,5,5,1,83.3,2026-02-11,1700
INV00002221,DS008,Mylapore,Medium,P0191,Dalda Vanaspati 1L,"Masala, Oil & More",200,High,Ambient,4,5,3,In Stock,0.3,27,23,0,13.3,2026-02-15,800
INV00002222,DS008,Mylapore,Medium,P0192,Nutella Hazelnut Spread 350g,Sauces & Spreads,385,Medium,Ambient,2,5,3,Low Stock,0.08,7,7,1,25.0,2026-02-11,770
INV00002223,DS008,Mylapore,Medium,P0193,Kissan Mixed Fruit Jam 500g,Sauces & Spreads,140,Medium,Ambient,4,5,3,In Stock,0.16,14,13,1,25.0,2026-02-11,560
INV00002224,DS008,Mylapore,Medium,P0194,Kissan Pineapple Jam 500g,Sauces & Spreads,135,Medium,Ambient,3,5,3,Low Stock,0.07,6,5,0,42.9,2026-02-14,405
INV00002225,DS008,Mylapore,Medium,P0195,Mapro Mango Jam 500g,Sauces & Spreads,155,Low,Ambient,3,5,3,Low Stock,0.09,8,5,2,33.3,2026-02-13,465
INV00002226,DS008,Mylapore,Medium,P0196,Hersheys Chocolate Syrup 623g,Sauces & Spreads,325,Medium,Ambient,5,5,3,In Stock,0.1,9,8,2,50.0,2026-02-15,1625
INV00002227,DS008,Mylapore,Medium,P0197,Veeba Mayonnaise 250g,Sauces & Spreads,85,Low,Ambient,2,5,3,Low Stock,0.06,5,4,2,33.3,2026-02-10,170
INV00002228,DS008,Mylapore,Medium,P0198,Funfoods Peri Peri Sauce 325g,Sauces & Spreads,130,Medium,Ambient,5,5,3,In Stock,0.08,7,7,2,62.5,2026-02-15,650
INV00002229,DS008,Mylapore,Medium,P0199,Veeba Sandwich Spread 275g,Sauces & Spreads,90,Medium,Ambient,4,5,3,In Stock,0.1,9,9,1,40.0,2026-02-09,360
INV00002230,DS008,Mylapore,Medium,P0200,Ching Red Chilli Sauce 680g,Sauces & Spreads,115,Low,Ambient,4,5,3,In Stock,0.02,2,2,0,200.0,2026-02-12,460
INV00002231,DS008,Mylapore,Medium,P0201,Ching Green Chilli Sauce 190g,Sauces & Spreads,60,Medium,Ambient,4,10,3,In Stock,0.0,0,0,0,999.0,2026-02-12,240
INV00002232,DS008,Mylapore,Medium,P0202,Del Monte Pasta Sauce 400g,Sauces & Spreads,145,Low,Ambient,5,5,3,In Stock,0.06,5,5,0,83.3,2026-02-12,725
INV00002233,DS008,Mylapore,Medium,P0203,Maggi Pichkoo 90g,Sauces & Spreads,45,Medium,Ambient,5,5,3,In Stock,0.04,4,3,2,125.0,2026-02-13,225
INV00002234,DS008,Mylapore,Medium,P0204,Tata Tea Gold 1kg,"Tea, Coffee & Health Drinks",490,High,Ambient,5,5,3,In Stock,0.36,32,25,1,13.9,2026-02-13,2450
INV00002235,DS008,Mylapore,Medium,P0205,Tata Tea Premium 1kg,"Tea, Coffee & Health Drinks",460,Medium,Ambient,2,5,3,Low Stock,0.16,14,13,1,12.5,2026-02-12,920
INV00002236,DS008,Mylapore,Medium,P0206,Red Label Natural Care 1kg,"Tea, Coffee & Health Drinks",440,Medium,Ambient,4,5,3,In Stock,0.03,3,3,1,133.3,2026-02-14,1760
INV00002237,DS008,Mylapore,Medium,P0207,Brooke Bond Taj Mahal 1kg,"Tea, Coffee & Health Drinks",520,High,Ambient,2,5,3,Low Stock,0.32,29,25,1,6.2,2026-02-10,1040
INV00002238,DS008,Mylapore,Medium,P0208,Society Tea 1kg,"Tea, Coffee & Health Drinks",380,High,Ambient,3,5,3,Low Stock,0.41,37,33,1,7.3,2026-02-15,1140
INV00002239,DS008,Mylapore,Medium,P0209,Nescafe Classic 50g,"Tea, Coffee & Health Drinks",215,High,Ambient,2,5,3,Low Stock,0.29,26,24,0,6.9,2026-02-15,430
INV00002240,DS008,Mylapore,Medium,P0210,Bru Instant Coffee 50g,"Tea, Coffee & Health Drinks",175,High,Ambient,2,5,3,Low Stock,0.38,34,30,1,5.3,2026-02-14,350
INV00002241,DS008,Mylapore,Medium,P0211,Nescafe Sunrise Premium 50g,"Tea, Coffee & Health Drinks",145,High,Ambient,4,5,3,In Stock,0.28,25,19,0,14.3,2026-02-11,580
INV00002242,DS008,Mylapore,Medium,P0212,Bru Gold 100g,"Tea, Coffee & Health Drinks",345,High,Ambient,4,5,3,In Stock,0.28,25,21,2,14.3,2026-02-10,1380
INV00002243,DS008,Mylapore,Medium,P0213,Horlicks Classic Malt 500g,"Tea, Coffee & Health Drinks",285,Medium,Ambient,3,5,3,Low Stock,0.08,7,6,0,37.5,2026-02-13,855
INV00002244,DS008,Mylapore,Medium,P0214,Boost Health Drink 500g,"Tea, Coffee & Health Drinks",265,High,Ambient,5,5,3,In Stock,0.34,31,27,2,14.7,2026-02-12,1325
INV00002245,DS008,Mylapore,Medium,P0215,Complan Chocolate 500g,"Tea, Coffee & Health Drinks",360,Medium,Ambient,2,5,3,Low Stock,0.06,5,5,1,33.3,2026-02-11,720
INV00002246,DS008,Mylapore,Medium,P0216,Bournvita 500g,"Tea, Coffee & Health Drinks",250,High,Ambient,3,5,3,Low Stock,0.19,17,16,1,15.8,2026-02-10,750
INV00002247,DS008,Mylapore,Medium,P0217,Milo 400g,"Tea, Coffee & Health Drinks",245,Medium,Ambient,4,5,3,In Stock,0.06,5,5,0,66.7,2026-02-12,980
INV00002248,DS008,Mylapore,Medium,P0218,Proteinex Powder 250g,"Tea, Coffee & Health Drinks",285,High,Ambient,5,5,3,In Stock,0.3,27,25,0,16.7,2026-02-11,1425
INV00002249,DS008,Mylapore,Medium,P0219,Green Tea 100 Bags,"Tea, Coffee & Health Drinks",350,High,Ambient,3,5,3,Low Stock,0.22,20,18,2,13.6,2026-02-09,1050
INV00002250,DS008,Mylapore,Medium,P0220,Lipton Green Tea 25 Bags,"Tea, Coffee & Health Drinks",125,High,Ambient,4,5,3,In Stock,0.24,22,18,2,16.7,2026-02-09,500
INV00002251,DS008,Mylapore,Medium,P0221,Vim Dishwash Gel 750ml,Cleaning & Household,95,High,Ambient,2,5,3,Low Stock,0.29,26,24,0,6.9,2026-02-10,190
INV00002252,DS008,Mylapore,Medium,P0222,Vim Dishwash Bar 600g,Cleaning & Household,55,Medium,Ambient,2,5,3,Low Stock,0.11,10,8,2,18.2,2026-02-14,110
INV00002253,DS008,Mylapore,Medium,P0223,Pril Dishwash Liquid 750ml,Cleaning & Household,105,High,Ambient,5,5,3,In Stock,0.24,22,21,0,20.8,2026-02-15,525
INV00002254,DS008,Mylapore,Medium,P0224,Lizol Floor Cleaner 975ml,Cleaning & Household,185,Low,Ambient,4,5,3,In Stock,0.07,6,5,2,57.1,2026-02-15,740
INV00002255,DS008,Mylapore,Medium,P0225,Harpic Toilet Cleaner 1L,Cleaning & Household,165,Medium,Ambient,5,5,3,In Stock,0.17,15,13,0,29.4,2026-02-13,825
INV00002256,DS008,Mylapore,Medium,P0226,Domex Toilet Cleaner 1L,Cleaning & Household,135,High,Ambient,5,5,3,In Stock,0.14,13,12,2,35.7,2026-02-14,675
INV00002257,DS008,Mylapore,Medium,P0227,Colin Glass Cleaner 500ml,Cleaning & Household,155,Medium,Ambient,3,5,3,Low Stock,0.11,10,8,2,27.3,2026-02-11,465
INV00002258,DS008,Mylapore,Medium,P0228,Surf Excel Matic 2kg,Cleaning & Household,365,Low,Ambient,5,5,3,In Stock,0.09,8,7,1,55.6,2026-02-13,1825
INV00002259,DS008,Mylapore,Medium,P0229,Ariel Matic 2kg,Cleaning & Household,395,Medium,Ambient,2,5,3,Low Stock,0.06,5,5,0,33.3,2026-02-09,790
INV00002260,DS008,Mylapore,Medium,P0230,Tide Plus 2kg,Cleaning & Household,285,High,Ambient,3,5,3,Low Stock,0.28,25,20,0,10.7,2026-02-13,855
INV00002261,DS008,Mylapore,Medium,P0231,Comfort Fabric Conditioner 860ml,Cleaning & Household,195,Medium,Ambient,5,5,3,In Stock,0.11,10,9,2,45.5,2026-02-12,975
INV00002262,DS008,Mylapore,Medium,P0232,Rin Detergent Bar 250g,Cleaning & Household,35,Medium,Ambient,5,5,3,In Stock,0.13,12,9,1,38.5,2026-02-10,175
INV00002263,DS008,Mylapore,Medium,P0233,Godrej aer Spray 240ml,Cleaning & Household,199,Low,Ambient,3,5,3,Low Stock,0.08,7,4,0,37.5,2026-02-13,597
INV00002264,DS008,Mylapore,Medium,P0234,Good Knight Activ+ Refill 45ml,Cleaning & Household,115,High,Ambient,2,5,3,Low Stock,0.26,23,21,0,7.7,2026-02-11,230
INV00002265,DS008,Mylapore,Medium,P0235,All Out Refill 45ml,Cleaning & Household,95,High,Ambient,21,28,8,In Stock,0.0,0,0,0,999.0,2026-02-09,1995
INV00002266,DS008,Mylapore,Medium,P0236,Mortein Insect Spray 425ml,Cleaning & Household,225,Medium,Ambient,8,15,4,In Stock,0.0,0,0,0,999.0,2026-02-14,1800
INV00002267,DS008,Mylapore,Medium,P0237,Hit Cockroach Killer 625ml,Cleaning & Household,245,High,Ambient,5,5,3,In Stock,0.3,27,23,2,16.7,2026-02-13,1225
INV00002268,DS008,Mylapore,Medium,P0238,Scotch Brite Scrub Pad 3pc,Cleaning & Household,75,High,Ambient,5,5,3,In Stock,0.13,12,10,0,38.5,2026-02-10,375
INV00002269,DS008,Mylapore,Medium,P0239,Savlon Handwash 750ml,Cleaning & Household,135,High,Ambient,3,5,3,Low Stock,0.28,25,23,0,10.7,2026-02-09,405
INV00002270,DS008,Mylapore,Medium,P0240,Dettol Handwash 750ml,Cleaning & Household,155,Low,Ambient,3,5,3,Low Stock,0.04,4,3,2,75.0,2026-02-09,465
INV00002271,DS008,Mylapore,Medium,P0241,Origami Tissues 100 Pulls,Cleaning & Household,45,Medium,Ambient,4,5,3,In Stock,0.08,7,7,1,50.0,2026-02-15,180
INV00002272,DS008,Mylapore,Medium,P0242,Dettol Soap 125g (4 pack),Personal Care,145,High,Ambient,5,5,3,In Stock,0.16,14,12,1,31.2,2026-02-12,725
INV00002273,DS008,Mylapore,Medium,P0243,Lifebuoy Soap 125g (4 pack),Personal Care,115,High,Ambient,2,5,3,Low Stock,0.19,17,15,1,10.5,2026-02-14,230
INV00002274,DS008,Mylapore,Medium,P0244,Dove Soap 125g (3 pack),Personal Care,180,Medium,Ambient,4,5,3,In Stock,0.06,5,5,0,66.7,2026-02-14,720
INV00002275,DS008,Mylapore,Medium,P0245,Pears Soap 125g (3 pack),Personal Care,150,High,Ambient,23,26,7,In Stock,0.0,0,0,0,999.0,2026-02-10,3450
INV00002276,DS008,Mylapore,Medium,P0246,Lux Soap 125g (3 pack),Personal Care,125,High,Ambient,2,5,3,Low Stock,0.2,18,14,1,10.0,2026-02-12,250
INV00002277,DS008,Mylapore,Medium,P0247,Clinic Plus Shampoo 650ml,Personal Care,265,Low,Ambient,5,5,3,In Stock,0.08,7,7,0,62.5,2026-02-11,1325
INV00002278,DS008,Mylapore,Medium,P0248,Pantene Shampoo 650ml,Personal Care,385,High,Ambient,2,5,3,Low Stock,0.1,9,8,1,20.0,2026-02-09,770
INV00002279,DS008,Mylapore,Medium,P0249,Dove Shampoo 650ml,Personal Care,425,Medium,Ambient,2,5,3,Low Stock,0.03,3,3,0,66.7,2026-02-10,850
INV00002280,DS008,Mylapore,Medium,P0250,Head & Shoulders 650ml,Personal Care,485,High,Ambient,3,5,3,Low Stock,0.24,22,20,1,12.5,2026-02-15,1455
INV00002281,DS008,Mylapore,Medium,P0251,Sunsilk Shampoo 650ml,Personal Care,295,High,Ambient,3,5,3,Low Stock,0.23,21,19,2,13.0,2026-02-09,885
INV00002282,DS008,Mylapore,Medium,P0252,Colgate Total 300g,Personal Care,185,Medium,Ambient,2,5,3,Low Stock,0.04,4,3,0,50.0,2026-02-11,370
INV00002283,DS008,Mylapore,Medium,P0253,Colgate Maxfresh 150g,Personal Care,105,High,Ambient,2,5,3,Low Stock,0.26,23,19,0,7.7,2026-02-15,210
INV00002284,DS008,Mylapore,Medium,P0254,Pepsodent 200g,Personal Care,85,High,Ambient,3,5,3,Low Stock,0.21,19,17,2,14.3,2026-02-09,255
INV00002285,DS008,Mylapore,Medium,P0255,Sensodyne Toothpaste 150g,Personal Care,265,Medium,Ambient,2,5,3,Low Stock,0.13,12,11,0,15.4,2026-02-11,530
INV00002286,DS008,Mylapore,Medium,P0256,Oral B Toothbrush,Personal Care,95,High,Ambient,24,23,6,In Stock,0.0,0,0,0,999.0,2026-02-15,2280
INV00002287,DS008,Mylapore,Medium,P0257,Gillette Shaving Cream 418g,Personal Care,265,Medium,Ambient,3,5,3,Low Stock,0.1,9,8,1,30.0,2026-02-13,795
INV00002288,DS008,Mylapore,Medium,P0258,Gillette Mach 3 Razor,Personal Care,285,High,Ambient,4,5,3,In Stock,0.31,28,24,1,12.9,2026-02-14,1140
INV00002289,DS008,Mylapore,Medium,P0259,Veet Hair Removal Cream 100g,Personal Care,215,High,Ambient,3,5,3,Low Stock,0.23,21,17,2,13.0,2026-02-12,645
INV00002290,DS008,Mylapore,Medium,P0260,Nivea Body Lotion 400ml,Personal Care,295,High,Ambient,4,5,3,In Stock,0.22,20,17,2,18.2,2026-02-14,1180
INV00002291,DS008,Mylapore,Medium,P0261,Vaseline Petroleum Jelly 100ml,Personal Care,105,High,Ambient,2,5,3,Low Stock,0.22,20,17,2,9.1,2026-02-12,210
INV00002292,DS008,Mylapore,Medium,P0262,Ponds Face Cream 100ml,Personal Care,235,Medium,Ambient,5,5,3,In Stock,0.12,11,9,2,41.7,2026-02-15,1175
INV00002293,DS008,Mylapore,Medium,P0263,Fair & Lovely 80g,Personal Care,175,High,Ambient,3,5,3,Low Stock,0.2,18,16,1,15.0,2026-02-13,525
INV00002294,DS008,Mylapore,Medium,P0264,Garnier Face Wash 100g,Personal Care,145,Medium,Ambient,2,5,3,Low Stock,0.02,2,2,0,100.0,2026-02-12,290
INV00002295,DS008,Mylapore,Medium,P0265,Lakmé Face Cream 60g,Personal Care,295,High,Ambient,5,5,3,In Stock,0.28,25,20,0,17.9,2026-02-14,1475
INV00002296,DS008,Mylapore,Medium,P0266,Johnson Baby Powder 400g,Personal Care,285,High,Ambient,4,5,3,In Stock,0.18,16,14,2,22.2,2026-02-12,1140
INV00002297,DS008,Mylapore,Medium,P0267,Dettol Handwash Refill 750ml,Personal Care,145,High,Ambient,2,5,3,Low Stock,0.24,22,18,0,8.3,2026-02-15,290
INV00002298,DS008,Mylapore,Medium,P0268,Savlon Antiseptic Liquid 500ml,Personal Care,165,High,Ambient,16,27,8,In Stock,0.0,0,0,0,999.0,2026-02-13,2640
INV00002299,DS008,Mylapore,Medium,P0269,Band Aid 10pc,Personal Care,55,Medium,Ambient,2,5,3,Low Stock,0.1,9,7,0,20.0,2026-02-13,110
INV00002300,DS008,Mylapore,Medium,P0270,Vicks VapoRub 50ml,Personal Care,145,High,Ambient,3,5,3,Low Stock,0.29,26,22,2,10.3,2026-02-14,435
INV00002301,DS008,Mylapore,Medium,P0271,Dettol Antiseptic Liquid 550ml,Personal Care,195,High,Ambient,3,5,3,Low Stock,0.23,21,18,2,13.0,2026-02-14,585
INV00002302,DS008,Mylapore,Medium,P0272,Cotton Buds 100pc,Personal Care,45,High,Ambient,5,5,3,In Stock,0.18,16,15,1,27.8,2026-02-12,225
INV00002303,DS008,Mylapore,Medium,P0273,Whisper Ultra XL 15 Pads,Personal Care,185,Medium,Ambient,2,5,3,Low Stock,0.1,9,8,2,20.0,2026-02-14,370
INV00002304,DS008,Mylapore,Medium,P0274,Stayfree Secure XL 20 Pads,Personal Care,195,High,Ambient,2,5,3,Low Stock,0.29,26,21,0,6.9,2026-02-10,390
INV00002305,DS008,Mylapore,Medium,P0275,Sanfe Sanitary Napkins 10pc,Personal Care,155,Medium,Ambient,5,5,3,In Stock,0.09,8,7,1,55.6,2026-02-14,775
INV00002306,DS008,Mylapore,Medium,P0276,Pampers Baby Diapers S 20pc,Baby Care,495,Low,Ambient,2,5,3,Low Stock,0.04,4,4,0,50.0,2026-02-12,990
INV00002307,DS008,Mylapore,Medium,P0277,Pampers Baby Diapers M 18pc,Baby Care,595,Medium,Ambient,5,5,3,In Stock,0.02,2,2,1,250.0,2026-02-12,2975
INV00002308,DS008,Mylapore,Medium,P0278,Pampers Baby Diapers L 16pc,Baby Care,695,Low,Ambient,3,5,3,Low Stock,0.02,2,2,1,150.0,2026-02-09,2085
INV00002309,DS008,Mylapore,Medium,P0279,Huggies Diapers S 22pc,Baby Care,485,Medium,Ambient,3,5,3,Low Stock,0.02,2,2,0,150.0,2026-02-09,1455
INV00002310,DS008,Mylapore,Medium,P0280,Mamy Poko Pants M 20pc,Baby Care,575,Medium,Ambient,5,5,3,In Stock,0.07,6,5,1,71.4,2026-02-15,2875
INV00002311,DS008,Mylapore,Medium,P0281,Johnson Baby Soap 100g,Baby Care,55,Medium,Ambient,3,5,3,Low Stock,0.04,4,4,2,75.0,2026-02-11,165
INV00002312,DS008,Mylapore,Medium,P0282,Johnson Baby Shampoo 200ml,Baby Care,175,Medium,Ambient,3,5,3,Low Stock,0.06,5,5,2,50.0,2026-02-13,525
INV00002313,DS008,Mylapore,Medium,P0283,Johnson Baby Lotion 200ml,Baby Care,195,Low,Ambient,4,5,3,In Stock,0.07,6,6,1,57.1,2026-02-09,780
INV00002314,DS008,Mylapore,Medium,P0284,Johnson Baby Powder 200g,Baby Care,185,Low,Ambient,4,5,3,In Stock,0.1,9,8,0,40.0,2026-02-13,740
INV00002315,DS008,Mylapore,Medium,P0285,Himalaya Baby Lotion 200ml,Baby Care,165,Low,Ambient,3,5,3,Low Stock,0.03,3,2,0,100.0,2026-02-09,495
INV00002316,DS008,Mylapore,Medium,P0286,Cerelac Wheat 300g,Baby Care,185,Low,Ambient,4,5,3,In Stock,0.09,8,7,1,44.4,2026-02-15,740
INV00002317,DS008,Mylapore,Medium,P0287,Cerelac Multi Grain 300g,Baby Care,195,Medium,Ambient,3,5,3,Low Stock,0.03,3,3,2,100.0,2026-02-15,585
INV00002318,DS008,Mylapore,Medium,P0288,Lactogen 1 (0-6 months) 400g,Baby Care,495,Medium,Ambient,5,5,3,In Stock,0.08,7,6,1,62.5,2026-02-15,2475
INV00002319,DS008,Mylapore,Medium,P0289,Farex Baby Food 300g,Baby Care,175,Medium,Ambient,4,5,3,In Stock,0.07,6,5,0,57.1,2026-02-13,700
INV00002320,DS008,Mylapore,Medium,P0290,Himalaya Baby Wipes 72pc,Baby Care,165,Medium,Ambient,4,5,3,In Stock,0.11,10,9,2,36.4,2026-02-13,660
INV00002321,DS009,Porur,Medium,P0001,Amul Taaza Toned Milk 500ml,"Dairy, Bread & Eggs",28,High,Refrigerated,2,5,3,Low Stock,0.41,37,27,1,4.9,2026-02-15,56
INV00002322,DS009,Porur,Medium,P0002,Amul Taaza Toned Milk 1L,"Dairy, Bread & Eggs",56,High,Refrigerated,4,5,3,In Stock,0.4,36,24,1,10.0,2026-02-14,224
INV00002323,DS009,Porur,Medium,P0003,Amul Gold Full Cream Milk 500ml,"Dairy, Bread & Eggs",32,High,Refrigerated,4,5,3,In Stock,0.41,37,25,0,9.8,2026-02-14,128
INV00002324,DS009,Porur,Medium,P0004,Amul Gold Full Cream Milk 1L,"Dairy, Bread & Eggs",64,High,Refrigerated,2,5,3,Low Stock,0.5,45,30,1,4.0,2026-02-11,128
INV00002325,DS009,Porur,Medium,P0005,Heritage Fresh Milk 500ml,"Dairy, Bread & Eggs",30,High,Refrigerated,2,5,3,Low Stock,0.61,55,32,2,3.3,2026-02-09,60
INV00002326,DS009,Porur,Medium,P0006,Nandini Milk 500ml,"Dairy, Bread & Eggs",26,Medium,Refrigerated,5,5,3,In Stock,0.08,7,5,1,62.5,2026-02-09,130
INV00002327,DS009,Porur,Medium,P0007,Amul Fresh Cream 250ml,"Dairy, Bread & Eggs",85,High,Refrigerated,2,5,3,Low Stock,0.51,46,31,0,3.9,2026-02-13,170
INV00002328,DS009,Porur,Medium,P0008,Amul Masti Curd 400g,"Dairy, Bread & Eggs",32,High,Refrigerated,3,5,3,Low Stock,0.4,36,26,2,7.5,2026-02-10,96
INV00002329,DS009,Porur,Medium,P0009,Mother Dairy Curd 400g,"Dairy, Bread & Eggs",30,High,Refrigerated,4,5,3,In Stock,0.44,40,27,2,9.1,2026-02-15,120
INV00002330,DS009,Porur,Medium,P0010,Nestle Dahi 400g,"Dairy, Bread & Eggs",35,High,Refrigerated,2,5,3,Low Stock,0.27,24,17,0,7.4,2026-02-09,70
INV00002331,DS009,Porur,Medium,P0011,Amul Salted Butter 100g,"Dairy, Bread & Eggs",56,High,Refrigerated,5,5,3,In Stock,0.41,37,25,2,12.2,2026-02-11,280
INV00002332,DS009,Porur,Medium,P0012,Amul Salted Butter 500g,"Dairy, Bread & Eggs",270,Medium,Refrigerated,3,5,3,Low Stock,0.12,11,8,1,25.0,2026-02-11,810
INV00002333,DS009,Porur,Medium,P0013,Britannia Butter 100g,"Dairy, Bread & Eggs",54,High,Refrigerated,4,5,3,In Stock,0.42,38,30,0,9.5,2026-02-12,216
INV00002334,DS009,Porur,Medium,P0014,Amul Cheese Slices 200g,"Dairy, Bread & Eggs",130,Medium,Refrigerated,5,5,3,In Stock,0.27,24,14,2,18.5,2026-02-09,650
INV00002335,DS009,Porur,Medium,P0015,Britannia Cheese Slices 200g,"Dairy, Bread & Eggs",125,Medium,Refrigerated,4,5,3,In Stock,0.13,12,10,2,30.8,2026-02-14,500
INV00002336,DS009,Porur,Medium,P0016,Amul Processed Cheese Block 200g,"Dairy, Bread & Eggs",110,High,Refrigerated,3,5,3,Low Stock,0.48,43,31,1,6.2,2026-02-15,330
INV00002337,DS009,Porur,Medium,P0017,Mother Dairy Paneer 200g,"Dairy, Bread & Eggs",95,Medium,Refrigerated,4,5,3,In Stock,0.1,9,5,2,40.0,2026-02-12,380
INV00002338,DS009,Porur,Medium,P0018,Amul Fresh Paneer 200g,"Dairy, Bread & Eggs",90,High,Refrigerated,2,5,3,Low Stock,0.3,27,18,0,6.7,2026-02-13,180
INV00002339,DS009,Porur,Medium,P0019,Nandini Paneer 200g,"Dairy, Bread & Eggs",85,High,Refrigerated,4,5,3,In Stock,0.5,45,27,1,8.0,2026-02-09,340
INV00002340,DS009,Porur,Medium,P0020,Farm Fresh White Eggs 6 pcs,"Dairy, Bread & Eggs",48,High,Refrigerated,2,5,3,Low Stock,0.44,40,27,1,4.5,2026-02-09,96
INV00002341,DS009,Porur,Medium,P0021,Farm Fresh Brown Eggs 6 pcs,"Dairy, Bread & Eggs",60,High,Refrigerated,3,5,3,Low Stock,0.49,44,24,0,6.1,2026-02-09,180
INV00002342,DS009,Porur,Medium,P0022,Farm Fresh White Eggs 10 pcs,"Dairy, Bread & Eggs",75,High,Refrigerated,3,5,3,Low Stock,0.39,35,23,0,7.7,2026-02-13,225
INV00002343,DS009,Porur,Medium,P0023,Amul Kool Milk Drink 200ml,"Dairy, Bread & Eggs",20,High,Refrigerated,2,5,3,Low Stock,0.41,37,27,0,4.9,2026-02-10,40
INV00002344,DS009,Porur,Medium,P0024,Amul Lassi 200ml,"Dairy, Bread & Eggs",25,High,Refrigerated,4,5,3,In Stock,0.59,53,34,1,6.8,2026-02-15,100
INV00002345,DS009,Porur,Medium,P0025,Mother Dairy Mishti Doi 400g,"Dairy, Bread & Eggs",42,Medium,Refrigerated,5,5,3,In Stock,0.13,12,9,2,38.5,2026-02-15,210
INV00002346,DS009,Porur,Medium,P0026,Britannia Bread Large,"Dairy, Bread & Eggs",40,High,Refrigerated,4,5,3,In Stock,0.3,27,18,1,13.3,2026-02-09,160
INV00002347,DS009,Porur,Medium,P0027,Modern Bread Sandwich,"Dairy, Bread & Eggs",45,Medium,Refrigerated,4,5,3,In Stock,0.27,24,14,1,14.8,2026-02-09,180
INV00002348,DS009,Porur,Medium,P0028,Harvest Gold Bread,"Dairy, Bread & Eggs",42,High,Refrigerated,5,5,3,In Stock,0.41,37,25,2,12.2,2026-02-12,210
INV00002349,DS009,Porur,Medium,P0029,English Oven Brown Bread,"Dairy, Bread & Eggs",50,High,Refrigerated,11,19,5,In Stock,0.0,0,0,0,999.0,2026-02-12,550
INV00002350,DS009,Porur,Medium,P0030,Onion 1kg,Fruits & Vegetables,35,High,Ambient,3,5,3,Low Stock,0.26,23,23,2,11.5,2026-02-14,105
INV00002351,DS009,Porur,Medium,P0031,Tomato 1kg,Fruits & Vegetables,45,High,Ambient,4,5,3,In Stock,0.19,17,17,1,21.1,2026-02-11,180
INV00002352,DS009,Porur,Medium,P0032,Potato 1kg,Fruits & Vegetables,28,High,Ambient,5,5,3,In Stock,0.23,21,21,2,21.7,2026-02-10,140
INV00002353,DS009,Porur,Medium,P0033,Green Chilli 100g,Fruits & Vegetables,15,High,Ambient,5,5,3,In Stock,0.29,26,26,1,17.2,2026-02-13,75
INV00002354,DS009,Porur,Medium,P0034,Ginger 200g,Fruits & Vegetables,40,High,Ambient,4,5,3,In Stock,0.27,24,24,1,14.8,2026-02-12,160
INV00002355,DS009,Porur,Medium,P0035,Garlic 250g,Fruits & Vegetables,55,High,Ambient,5,5,3,In Stock,0.28,25,25,2,17.9,2026-02-12,275
INV00002356,DS009,Porur,Medium,P0036,Coriander Leaves 100g,Fruits & Vegetables,15,High,Refrigerated,3,5,3,Low Stock,0.24,22,22,2,12.5,2026-02-10,45
INV00002357,DS009,Porur,Medium,P0037,Curry Leaves 100g,Fruits & Vegetables,20,High,Refrigerated,2,5,3,Low Stock,0.18,16,16,1,11.1,2026-02-10,40
INV00002358,DS009,Porur,Medium,P0038,Lemon 250g (4-5pcs),Fruits & Vegetables,25,High,Ambient,2,5,3,Low Stock,0.26,23,23,1,7.7,2026-02-12,50
INV00002359,DS009,Porur,Medium,P0039,Carrot 500g,Fruits & Vegetables,30,High,Ambient,4,5,3,In Stock,0.23,21,21,1,17.4,2026-02-11,120
INV00002360,DS009,Porur,Medium,P0040,Beans 500g,Fruits & Vegetables,45,High,Ambient,2,5,3,Low Stock,0.27,24,24,1,7.4,2026-02-11,90
INV00002361,DS009,Porur,Medium,P0041,Capsicum Green 500g,Fruits & Vegetables,50,High,Ambient,2,5,3,Low Stock,0.19,17,17,1,10.5,2026-02-09,100
INV00002362,DS009,Porur,Medium,P0042,Cabbage 1pc,Fruits & Vegetables,35,High,Ambient,5,5,3,In Stock,0.29,26,26,0,17.2,2026-02-10,175
INV00002363,DS009,Porur,Medium,P0043,Cauliflower 1pc,Fruits & Vegetables,40,High,Ambient,5,5,3,In Stock,0.28,25,25,1,17.9,2026-02-13,200
INV00002364,DS009,Porur,Medium,P0044,Brinjal 500g,Fruits & Vegetables,35,High,Ambient,2,5,3,Low Stock,0.27,24,24,2,7.4,2026-02-14,70
INV00002365,DS009,Porur,Medium,P0045,Ladies Finger 500g,Fruits & Vegetables,40,High,Ambient,2,5,3,Low Stock,0.18,16,16,0,11.1,2026-02-15,80
INV00002366,DS009,Porur,Medium,P0046,Beetroot 500g,Fruits & Vegetables,35,High,Ambient,3,5,3,Low Stock,0.23,21,21,0,13.0,2026-02-12,105
INV00002367,DS009,Porur,Medium,P0047,Radish White 500g,Fruits & Vegetables,30,High,Ambient,5,5,3,In Stock,0.23,21,21,0,21.7,2026-02-09,150
INV00002368,DS009,Porur,Medium,P0048,Bottle Gourd 1pc,Fruits & Vegetables,35,High,Ambient,5,5,3,In Stock,0.32,29,29,2,15.6,2026-02-15,175
INV00002369,DS009,Porur,Medium,P0049,Bitter Gourd 500g,Fruits & Vegetables,45,High,Ambient,2,5,3,Low Stock,0.12,11,11,1,16.7,2026-02-13,90
INV00002370,DS009,Porur,Medium,P0050,Banana Robusta 6pcs,Fruits & Vegetables,35,High,Ambient,2,5,3,Low Stock,0.34,31,31,2,5.9,2026-02-13,70
INV00002371,DS009,Porur,Medium,P0051,Apple Shimla 4pcs,Fruits & Vegetables,140,High,Ambient,4,5,3,In Stock,0.26,23,23,1,15.4,2026-02-14,560
INV00002372,DS009,Porur,Medium,P0052,Pomegranate 1pc,Fruits & Vegetables,85,High,Ambient,3,5,3,Low Stock,0.21,19,19,0,14.3,2026-02-13,255
INV00002373,DS009,Porur,Medium,P0053,Orange 500g,Fruits & Vegetables,50,High,Ambient,2,5,3,Low Stock,0.27,24,24,2,7.4,2026-02-12,100
INV00002374,DS009,Porur,Medium,P0054,Sweet Lime 500g,Fruits & Vegetables,45,High,Ambient,5,5,3,In Stock,0.26,23,23,1,19.2,2026-02-09,225
INV00002375,DS009,Porur,Medium,P0055,Watermelon 1pc (3-4kg),Fruits & Vegetables,80,High,Ambient,3,5,3,Low Stock,0.31,28,28,0,9.7,2026-02-14,240
INV00002376,DS009,Porur,Medium,P0056,Papaya 1pc,Fruits & Vegetables,45,High,Ambient,2,5,3,Low Stock,0.24,22,22,2,8.3,2026-02-09,90
INV00002377,DS009,Porur,Medium,P0057,Grapes Green 500g,Fruits & Vegetables,90,High,Ambient,3,5,3,Low Stock,0.32,29,29,1,9.4,2026-02-10,270
INV00002378,DS009,Porur,Medium,P0058,Mango (Seasonal),Fruits & Vegetables,120,High,Ambient,2,5,3,Low Stock,0.26,23,23,1,7.7,2026-02-15,240
INV00002379,DS009,Porur,Medium,P0059,Pineapple 1pc,Fruits & Vegetables,55,High,Ambient,4,5,3,In Stock,0.14,13,13,2,28.6,2026-02-09,220
INV00002380,DS009,Porur,Medium,P0060,Coca Cola 750ml,Cold Drinks & Juices,40,High,Refrigerated,4,5,3,In Stock,0.42,38,21,0,9.5,2026-02-10,160
INV00002381,DS009,Porur,Medium,P0061,Coca Cola 2.25L,Cold Drinks & Juices,95,Medium,Refrigerated,2,5,3,Low Stock,0.21,19,15,2,9.5,2026-02-14,190
INV00002382,DS009,Porur,Medium,P0062,Pepsi 750ml,Cold Drinks & Juices,40,Medium,Refrigerated,3,5,3,Low Stock,0.13,12,6,2,23.1,2026-02-14,120
INV00002383,DS009,Porur,Medium,P0063,Pepsi 2L,Cold Drinks & Juices,90,High,Refrigerated,3,5,3,Low Stock,0.27,24,18,0,11.1,2026-02-13,270
INV00002384,DS009,Porur,Medium,P0064,Sprite 750ml,Cold Drinks & Juices,40,Medium,Refrigerated,4,5,3,In Stock,0.16,14,11,2,25.0,2026-02-13,160
INV00002385,DS009,Porur,Medium,P0065,Thumbs Up 750ml,Cold Drinks & Juices,40,Medium,Refrigerated,2,5,3,Low Stock,0.12,11,6,1,16.7,2026-02-10,80
INV00002386,DS009,Porur,Medium,P0066,Fanta 750ml,Cold Drinks & Juices,40,High,Refrigerated,3,5,3,Low Stock,0.66,59,35,1,4.5,2026-02-13,120
INV00002387,DS009,Porur,Medium,P0067,Mountain Dew 750ml,Cold Drinks & Juices,40,High,Refrigerated,5,5,3,In Stock,0.48,43,29,0,10.4,2026-02-09,200
INV00002388,DS009,Porur,Medium,P0068,Thums Up 2.25L,Cold Drinks & Juices,95,High,Refrigerated,2,5,3,Low Stock,0.48,43,27,1,4.2,2026-02-10,190
INV00002389,DS009,Porur,Medium,P0069,Bisleri Water 1L,Cold Drinks & Juices,20,High,Ambient,2,5,3,Low Stock,0.34,31,21,0,5.9,2026-02-14,40
INV00002390,DS009,Porur,Medium,P0070,Bisleri Water 2L,Cold Drinks & Juices,35,High,Ambient,5,5,3,In Stock,0.47,42,27,1,10.6,2026-02-12,175
INV00002391,DS009,Porur,Medium,P0071,Kinley Water 1L,Cold Drinks & Juices,20,High,Ambient,3,5,3,Low Stock,0.44,40,28,0,6.8,2026-02-12,60
INV00002392,DS009,Porur,Medium,P0072,Aquafina Water 1L,Cold Drinks & Juices,20,Medium,Ambient,5,5,3,In Stock,0.2,18,11,1,25.0,2026-02-12,100
INV00002393,DS009,Porur,Medium,P0073,Red Bull Energy Drink 250ml,Cold Drinks & Juices,125,Medium,Refrigerated,5,5,3,In Stock,0.24,22,15,1,20.8,2026-02-10,625
INV00002394,DS009,Porur,Medium,P0074,Sting Energy Drink 250ml,Cold Drinks & Juices,20,Medium,Refrigerated,2,5,3,Low Stock,0.21,19,12,2,9.5,2026-02-15,40
INV00002395,DS009,Porur,Medium,P0075,Monster Energy Drink 500ml,Cold Drinks & Juices,150,Medium,Refrigerated,2,5,3,Low Stock,0.17,15,11,0,11.8,2026-02-09,300
INV00002396,DS009,Porur,Medium,P0076,Real Fruit Juice Mixed Fruit 1L,Cold Drinks & Juices,130,Medium,Refrigerated,2,5,3,Low Stock,0.3,27,16,1,6.7,2026-02-13,260
INV00002397,DS009,Porur,Medium,P0077,Real Fruit Juice Mango 1L,Cold Drinks & Juices,130,High,Refrigerated,3,5,3,Low Stock,0.41,37,22,1,7.3,2026-02-10,390
INV00002398,DS009,Porur,Medium,P0078,Tropicana Orange 1L,Cold Drinks & Juices,145,High,Refrigerated,4,5,3,In Stock,0.6,54,38,2,6.7,2026-02-13,580
INV00002399,DS009,Porur,Medium,P0079,Tropicana Mixed Fruit 1L,Cold Drinks & Juices,145,High,Refrigerated,14,16,4,In Stock,0.0,0,0,0,999.0,2026-02-11,2030
INV00002400,DS009,Porur,Medium,P0080,Minute Maid Pulpy Orange 400ml,Cold Drinks & Juices,45,Medium,Refrigerated,3,5,3,Low Stock,0.17,15,9,0,17.6,2026-02-09,135
INV00002401,DS009,Porur,Medium,P0081,Frooti Mango Drink 160ml,Cold Drinks & Juices,10,High,Refrigerated,4,5,3,In Stock,0.51,46,33,0,7.8,2026-02-15,40
INV00002402,DS009,Porur,Medium,P0082,Frooti Mango Drink 1.2L,Cold Drinks & Juices,60,High,Refrigerated,4,5,3,In Stock,0.43,39,23,0,9.3,2026-02-14,240
INV00002403,DS009,Porur,Medium,P0083,Maaza Mango Drink 1.2L,Cold Drinks & Juices,60,High,Refrigerated,3,5,3,Low Stock,0.33,30,21,1,9.1,2026-02-13,180
INV00002404,DS009,Porur,Medium,P0084,Paper Boat Aam Panna 250ml,Cold Drinks & Juices,40,Medium,Refrigerated,3,5,3,Low Stock,0.11,10,7,2,27.3,2026-02-15,120
INV00002405,DS009,Porur,Medium,P0085,Paper Boat Jaljeera 250ml,Cold Drinks & Juices,40,High,Refrigerated,4,5,3,In Stock,0.39,35,22,1,10.3,2026-02-14,160
INV00002406,DS009,Porur,Medium,P0086,Rasna Orange 750ml,Cold Drinks & Juices,35,High,Refrigerated,2,5,3,Low Stock,0.38,34,22,2,5.3,2026-02-11,70
INV00002407,DS009,Porur,Medium,P0087,Tang Instant Drink 750g,Cold Drinks & Juices,320,Medium,Refrigerated,4,5,3,In Stock,0.17,15,10,1,23.5,2026-02-12,1280
INV00002408,DS009,Porur,Medium,P0088,Nestle Iced Tea Lemon 500ml,Cold Drinks & Juices,40,High,Refrigerated,5,5,3,In Stock,0.44,40,25,0,11.4,2026-02-14,200
INV00002409,DS009,Porur,Medium,P0089,Lays Classic Salted 50g,Snacks & Munchies,20,High,Ambient,2,5,3,Low Stock,0.22,20,17,1,9.1,2026-02-14,40
INV00002410,DS009,Porur,Medium,P0090,Lays Classic Salted 90g,Snacks & Munchies,35,Medium,Ambient,3,5,3,Low Stock,0.18,16,13,0,16.7,2026-02-10,105
INV00002411,DS009,Porur,Medium,P0091,Lays American Style Cream & Onion 50g,Snacks & Munchies,20,High,Ambient,2,5,3,Low Stock,0.27,24,23,0,7.4,2026-02-11,40
INV00002412,DS009,Porur,Medium,P0092,Kurkure Masala Munch 90g,Snacks & Munchies,20,High,Ambient,4,5,3,In Stock,0.3,27,25,1,13.3,2026-02-11,80
INV00002413,DS009,Porur,Medium,P0093,Kurkure Solid Masti 90g,Snacks & Munchies,20,Medium,Ambient,5,11,3,In Stock,0.0,0,0,0,999.0,2026-02-11,100
INV00002414,DS009,Porur,Medium,P0094,Bingo Mad Angles 72g,Snacks & Munchies,20,High,Ambient,2,5,3,Low Stock,0.59,53,45,0,3.4,2026-02-12,40
INV00002415,DS009,Porur,Medium,P0095,Doritos Nacho Cheese 150g,Snacks & Munchies,75,High,Ambient,3,5,3,Low Stock,0.26,23,20,2,11.5,2026-02-10,225
INV00002416,DS009,Porur,Medium,P0096,Pringles Original 107g,Snacks & Munchies,130,High,Ambient,2,5,3,Low Stock,0.21,19,19,2,9.5,2026-02-12,260
INV00002417,DS009,Porur,Medium,P0097,Haldirams Aloo Bhujia 200g,Snacks & Munchies,50,High,Ambient,5,5,3,In Stock,0.36,32,23,1,13.9,2026-02-13,250
INV00002418,DS009,Porur,Medium,P0098,Haldirams Moong Dal 200g,Snacks & Munchies,55,High,Ambient,3,5,3,Low Stock,0.26,23,20,2,11.5,2026-02-10,165
INV00002419,DS009,Porur,Medium,P0099,Haldirams Sev Bhujia 400g,Snacks & Munchies,95,High,Ambient,5,5,3,In Stock,0.33,30,28,0,15.2,2026-02-11,475
INV00002420,DS009,Porur,Medium,P0100,Bikaji Bhujia 200g,Snacks & Munchies,48,High,Ambient,5,5,3,In Stock,0.37,33,30,0,13.5,2026-02-14,240
INV00002421,DS009,Porur,Medium,P0101,Parle G Biscuits 376g,Snacks & Munchies,40,High,Ambient,2,5,3,Low Stock,0.48,43,34,0,4.2,2026-02-09,80
INV00002422,DS009,Porur,Medium,P0102,Britannia Good Day Butter 600g,Snacks & Munchies,80,High,Ambient,3,5,3,Low Stock,0.31,28,25,2,9.7,2026-02-09,240
INV00002423,DS009,Porur,Medium,P0103,Britannia Marie Gold 250g,Snacks & Munchies,32,High,Ambient,5,5,3,In Stock,0.34,31,26,1,14.7,2026-02-11,160
INV00002424,DS009,Porur,Medium,P0104,Sunfeast Dark Fantasy 300g,Snacks & Munchies,110,High,Ambient,5,5,3,In Stock,0.41,37,30,2,12.2,2026-02-10,550
INV00002425,DS009,Porur,Medium,P0105,Oreo Original 300g,Snacks & Munchies,40,High,Ambient,4,5,3,In Stock,0.27,24,20,2,14.8,2026-02-09,160
INV00002426,DS009,Porur,Medium,P0106,Hide & Seek 240g,Snacks & Munchies,50,High,Ambient,5,5,3,In Stock,0.29,26,22,0,17.2,2026-02-09,250
INV00002427,DS009,Porur,Medium,P0107,Monaco Classic 200g,Snacks & Munchies,25,Medium,Ambient,2,5,3,Low Stock,0.08,7,7,1,25.0,2026-02-15,50
INV00002428,DS009,Porur,Medium,P0108,Parle 20-20 Cashew Cookies 400g,Snacks & Munchies,55,Medium,Ambient,5,5,3,In Stock,0.23,21,19,2,21.7,2026-02-14,275
INV00002429,DS009,Porur,Medium,P0109,Cadbury Dairy Milk Silk 60g,Snacks & Munchies,100,High,Ambient,2,5,3,Low Stock,0.42,38,35,1,4.8,2026-02-09,200
INV00002430,DS009,Porur,Medium,P0110,KitKat 4 Finger 37.3g,Snacks & Munchies,40,High,Ambient,27,23,6,In Stock,0.0,0,0,0,999.0,2026-02-11,1080
INV00002431,DS009,Porur,Medium,P0111,5 Star Chocolate 40g,Snacks & Munchies,25,High,Ambient,4,5,3,In Stock,0.32,29,23,0,12.5,2026-02-15,100
INV00002432,DS009,Porur,Medium,P0112,Snickers 50g,Snacks & Munchies,40,High,Ambient,3,5,3,Low Stock,0.1,9,9,0,30.0,2026-02-13,120
INV00002433,DS009,Porur,Medium,P0113,Munch Chocolate 30g,Snacks & Munchies,20,High,Ambient,2,5,3,Low Stock,0.34,31,24,2,5.9,2026-02-09,40
INV00002434,DS009,Porur,Medium,P0114,Too Yumm Veggie Stix 56g,Snacks & Munchies,35,High,Ambient,3,5,3,Low Stock,0.36,32,31,2,8.3,2026-02-14,105
INV00002435,DS009,Porur,Medium,P0115,Act II Popcorn Butter 60g,Snacks & Munchies,50,High,Ambient,2,5,3,Low Stock,0.3,27,23,0,6.7,2026-02-11,100
INV00002436,DS009,Porur,Medium,P0116,Cornitos Nacho Chips 150g,Snacks & Munchies,70,Medium,Ambient,5,5,3,In Stock,0.09,8,8,0,55.6,2026-02-14,350
INV00002437,DS009,Porur,Medium,P0117,Maggi Masala Noodles 70g,Breakfast & Instant Food,14,High,Ambient,3,5,3,Low Stock,0.31,28,24,2,9.7,2026-02-09,42
INV00002438,DS009,Porur,Medium,P0118,Maggi Masala Noodles 280g (4pack),Breakfast & Instant Food,52,High,Ambient,3,5,3,Low Stock,0.32,29,24,1,9.4,2026-02-15,156
INV00002439,DS009,Porur,Medium,P0119,Maggi Atta Noodles 320g,Breakfast & Instant Food,54,Medium,Ambient,4,5,3,In Stock,0.11,10,9,0,36.4,2026-02-15,216
INV00002440,DS009,Porur,Medium,P0120,Top Ramen Curry 280g,Breakfast & Instant Food,48,Medium,Ambient,2,5,3,Low Stock,0.14,13,12,2,14.3,2026-02-13,96
INV00002441,DS009,Porur,Medium,P0121,Yippee Magic Masala 240g,Breakfast & Instant Food,42,Medium,Ambient,5,5,3,In Stock,0.11,10,8,2,45.5,2026-02-10,210
INV00002442,DS009,Porur,Medium,P0122,Sunfeast Yippee 420g,Breakfast & Instant Food,60,High,Ambient,5,5,3,In Stock,0.27,24,22,1,18.5,2026-02-10,300
INV00002443,DS009,Porur,Medium,P0123,Knorr Chicken Soup 40g,Breakfast & Instant Food,35,High,Ambient,4,5,3,In Stock,0.46,41,35,2,8.7,2026-02-12,140
INV00002444,DS009,Porur,Medium,P0124,Knorr Hot & Sour Veg Soup 42g,Breakfast & Instant Food,35,High,Ambient,5,5,3,In Stock,0.2,18,15,0,25.0,2026-02-12,175
INV00002445,DS009,Porur,Medium,P0125,Maggi Hot Heads 73g,Breakfast & Instant Food,25,High,Ambient,3,5,3,Low Stock,0.33,30,25,0,9.1,2026-02-09,75
INV00002446,DS009,Porur,Medium,P0126,Pasta Treat Penne 500g,Breakfast & Instant Food,85,High,Ambient,3,5,3,Low Stock,0.36,32,27,0,8.3,2026-02-13,255
INV00002447,DS009,Porur,Medium,P0127,MTR Idli Mix 500g,Breakfast & Instant Food,75,Medium,Ambient,4,5,3,In Stock,0.17,15,12,0,23.5,2026-02-10,300
INV00002448,DS009,Porur,Medium,P0128,MTR Dosa Mix 500g,Breakfast & Instant Food,75,High,Ambient,4,5,3,In Stock,0.33,30,27,1,12.1,2026-02-12,300
INV00002449,DS009,Porur,Medium,P0129,MTR Rava Idli 500g,Breakfast & Instant Food,70,Medium,Ambient,4,5,3,In Stock,0.19,17,16,1,21.1,2026-02-12,280
INV00002450,DS009,Porur,Medium,P0130,ID Fresh Idli Batter 1kg,Breakfast & Instant Food,75,Medium,Ambient,3,5,3,Low Stock,0.12,11,9,2,25.0,2026-02-09,225
INV00002451,DS009,Porur,Medium,P0131,ID Fresh Dosa Batter 1kg,Breakfast & Instant Food,75,Medium,Ambient,4,5,3,In Stock,0.16,14,11,0,25.0,2026-02-12,300
INV00002452,DS009,Porur,Medium,P0132,Saffola Masala Oats 400g,Breakfast & Instant Food,145,High,Ambient,4,5,3,In Stock,0.28,25,22,2,14.3,2026-02-11,580
INV00002453,DS009,Porur,Medium,P0133,Quaker Oats 1kg,Breakfast & Instant Food,185,High,Ambient,5,5,3,In Stock,0.39,35,30,0,12.8,2026-02-09,925
INV00002454,DS009,Porur,Medium,P0134,Kelloggs Corn Flakes 875g,Breakfast & Instant Food,340,High,Ambient,2,5,3,Low Stock,0.3,27,24,1,6.7,2026-02-13,680
INV00002455,DS009,Porur,Medium,P0135,Kelloggs Chocos 375g,Breakfast & Instant Food,185,High,Ambient,2,5,3,Low Stock,0.34,31,27,1,5.9,2026-02-14,370
INV00002456,DS009,Porur,Medium,P0136,Nestle Ceregrow 300g,Breakfast & Instant Food,395,Medium,Ambient,4,5,3,In Stock,0.11,10,9,2,36.4,2026-02-11,1580
INV00002457,DS009,Porur,Medium,P0137,MTR Vermicelli Roasted 440g,Breakfast & Instant Food,55,Medium,Ambient,3,5,3,Low Stock,0.07,6,6,0,42.9,2026-02-13,165
INV00002458,DS009,Porur,Medium,P0138,Bambino Vermicelli 175g,Breakfast & Instant Food,25,High,Ambient,4,5,3,In Stock,0.29,26,20,0,13.8,2026-02-13,100
INV00002459,DS009,Porur,Medium,P0139,Haldiram Moong Dal 200g,Breakfast & Instant Food,55,High,Ambient,5,5,3,In Stock,0.32,29,26,0,15.6,2026-02-11,275
INV00002460,DS009,Porur,Medium,P0140,McCain French Fries 420g,Breakfast & Instant Food,145,High,Ambient,2,5,3,Low Stock,0.32,29,28,2,6.2,2026-02-12,290
INV00002461,DS009,Porur,Medium,P0141,McCain Veggie Fingers 360g,Breakfast & Instant Food,180,High,Ambient,4,5,3,In Stock,0.36,32,29,1,11.1,2026-02-14,720
INV00002462,DS009,Porur,Medium,P0142,Aashirvaad Atta 5kg,"Atta, Rice & Dal",240,High,Ambient,4,5,3,In Stock,0.21,19,18,0,19.0,2026-02-09,960
INV00002463,DS009,Porur,Medium,P0143,Aashirvaad Atta 10kg,"Atta, Rice & Dal",475,High,Ambient,2,5,3,Low Stock,0.12,11,11,0,16.7,2026-02-12,950
INV00002464,DS009,Porur,Medium,P0144,Fortune Chakki Fresh Atta 5kg,"Atta, Rice & Dal",235,High,Ambient,4,5,3,In Stock,0.18,16,12,2,22.2,2026-02-14,940
INV00002465,DS009,Porur,Medium,P0145,Pillsbury Chakki Fresh Atta 5kg,"Atta, Rice & Dal",240,High,Ambient,2,5,3,Low Stock,0.2,18,17,2,10.0,2026-02-11,480
INV00002466,DS009,Porur,Medium,P0146,India Gate Basmati Rice 1kg,"Atta, Rice & Dal",190,Medium,Ambient,3,5,3,Low Stock,0.06,5,5,1,50.0,2026-02-14,570
INV00002467,DS009,Porur,Medium,P0147,India Gate Basmati Rice 5kg,"Atta, Rice & Dal",900,High,Ambient,2,5,3,Low Stock,0.16,14,13,0,12.5,2026-02-10,1800
INV00002468,DS009,Porur,Medium,P0148,Daawat Basmati Rice 1kg,"Atta, Rice & Dal",180,High,Ambient,5,5,3,In Stock,0.22,20,17,1,22.7,2026-02-12,900
INV00002469,DS009,Porur,Medium,P0149,Fortune Biryani Special Basmati 1kg,"Atta, Rice & Dal",170,Medium,Ambient,3,5,3,Low Stock,0.08,7,6,2,37.5,2026-02-14,510
INV00002470,DS009,Porur,Medium,P0150,Sona Masoori Rice 5kg,"Atta, Rice & Dal",280,High,Ambient,20,17,5,In Stock,0.0,0,0,0,999.0,2026-02-11,5600
INV00002471,DS009,Porur,Medium,P0151,Ponni Boiled Rice 5kg,"Atta, Rice & Dal",250,High,Ambient,4,5,3,In Stock,0.31,28,25,2,12.9,2026-02-12,1000
INV00002472,DS009,Porur,Medium,P0152,Tata Sampann Toor Dal 1kg,"Atta, Rice & Dal",160,High,Ambient,4,5,3,In Stock,0.19,17,16,2,21.1,2026-02-12,640
INV00002473,DS009,Porur,Medium,P0153,Tata Sampann Moong Dal 500g,"Atta, Rice & Dal",85,Medium,Ambient,4,5,3,In Stock,0.04,4,4,0,100.0,2026-02-12,340
INV00002474,DS009,Porur,Medium,P0154,Tata Sampann Chana Dal 1kg,"Atta, Rice & Dal",155,High,Ambient,4,5,3,In Stock,0.2,18,15,1,20.0,2026-02-14,620
INV00002475,DS009,Porur,Medium,P0155,Tata Sampann Masoor Dal 500g,"Atta, Rice & Dal",75,High,Ambient,2,5,3,Low Stock,0.21,19,17,0,9.5,2026-02-10,150
INV00002476,DS009,Porur,Medium,P0156,Tata Sampann Urad Dal 500g,"Atta, Rice & Dal",90,High,Ambient,5,5,3,In Stock,0.31,28,22,0,16.1,2026-02-11,450
INV00002477,DS009,Porur,Medium,P0157,Rajma 500g,"Atta, Rice & Dal",110,High,Ambient,4,5,3,In Stock,0.2,18,15,0,20.0,2026-02-14,440
INV00002478,DS009,Porur,Medium,P0158,Kabuli Chana 500g,"Atta, Rice & Dal",95,High,Ambient,3,5,3,Low Stock,0.19,17,16,1,15.8,2026-02-11,285
INV00002479,DS009,Porur,Medium,P0159,Tata Salt 1kg,"Atta, Rice & Dal",22,Medium,Ambient,3,5,3,Low Stock,0.08,7,7,1,37.5,2026-02-13,66
INV00002480,DS009,Porur,Medium,P0160,Tata Salt Lite 1kg,"Atta, Rice & Dal",52,High,Ambient,2,5,3,Low Stock,0.18,16,14,1,11.1,2026-02-11,104
INV00002481,DS009,Porur,Medium,P0161,Catch Salt 1kg,"Atta, Rice & Dal",20,Medium,Ambient,2,5,3,Low Stock,0.08,7,5,1,25.0,2026-02-10,40
INV00002482,DS009,Porur,Medium,P0162,Sugar 1kg,"Atta, Rice & Dal",45,High,Ambient,3,5,3,Low Stock,0.24,22,18,0,12.5,2026-02-12,135
INV00002483,DS009,Porur,Medium,P0163,Brown Sugar 500g,"Atta, Rice & Dal",50,High,Ambient,5,5,3,In Stock,0.29,26,23,1,17.2,2026-02-15,250
INV00002484,DS009,Porur,Medium,P0164,Jaggery Powder 500g,"Atta, Rice & Dal",65,High,Ambient,29,28,8,In Stock,0.0,0,0,0,999.0,2026-02-10,1885
INV00002485,DS009,Porur,Medium,P0165,Rava Medium 500g,"Atta, Rice & Dal",35,High,Ambient,4,5,3,In Stock,0.27,24,17,0,14.8,2026-02-11,140
INV00002486,DS009,Porur,Medium,P0166,Poha Thick 500g,"Atta, Rice & Dal",45,High,Ambient,5,5,3,In Stock,0.18,16,15,0,27.8,2026-02-09,225
INV00002487,DS009,Porur,Medium,P0167,Sabudana 500g,"Atta, Rice & Dal",75,High,Ambient,3,5,3,Low Stock,0.24,22,19,0,12.5,2026-02-14,225
INV00002488,DS009,Porur,Medium,P0168,MDH Deggi Mirch 100g,"Masala, Oil & More",85,Medium,Ambient,2,5,3,Low Stock,0.07,6,6,1,28.6,2026-02-10,170
INV00002489,DS009,Porur,Medium,P0169,MDH Garam Masala 100g,"Masala, Oil & More",90,High,Ambient,3,5,3,Low Stock,0.27,24,20,1,11.1,2026-02-13,270
INV00002490,DS009,Porur,Medium,P0170,MDH Chana Masala 100g,"Masala, Oil & More",85,Low,Ambient,4,5,3,In Stock,0.06,5,5,2,66.7,2026-02-12,340
INV00002491,DS009,Porur,Medium,P0171,Everest Turmeric Powder 200g,"Masala, Oil & More",95,High,Ambient,4,5,3,In Stock,0.21,19,17,0,19.0,2026-02-09,380
INV00002492,DS009,Porur,Medium,P0172,Everest Red Chilli Powder 200g,"Masala, Oil & More",105,Medium,Ambient,3,5,3,Low Stock,0.13,12,11,1,23.1,2026-02-11,315
INV00002493,DS009,Porur,Medium,P0173,Everest Coriander Powder 200g,"Masala, Oil & More",65,Medium,Ambient,3,5,3,Low Stock,0.09,8,6,2,33.3,2026-02-13,195
INV00002494,DS009,Porur,Medium,P0174,Catch Cumin Powder 100g,"Masala, Oil & More",70,High,Ambient,2,5,3,Low Stock,0.16,14,11,0,12.5,2026-02-15,140
INV00002495,DS009,Porur,Medium,P0175,Catch Chat Masala 100g,"Masala, Oil & More",60,High,Ambient,5,5,3,In Stock,0.19,17,14,2,26.3,2026-02-13,300
INV00002496,DS009,Porur,Medium,P0176,Ching Secret Manchurian 60g,"Masala, Oil & More",65,Low,Ambient,4,5,3,In Stock,0.01,1,1,2,400.0,2026-02-11,260
INV00002497,DS009,Porur,Medium,P0177,Maggi Magic Cubes 40g,"Masala, Oil & More",20,Medium,Ambient,3,5,3,Low Stock,0.08,7,6,1,37.5,2026-02-10,60
INV00002498,DS009,Porur,Medium,P0178,Kissan Fresh Tomato Ketchup 900g,"Masala, Oil & More",120,High,Ambient,3,5,3,Low Stock,0.16,14,11,1,18.8,2026-02-13,360
INV00002499,DS009,Porur,Medium,P0179,Kissan Tomato Sauce 1kg,"Masala, Oil & More",125,High,Ambient,3,5,3,Low Stock,0.22,20,19,1,13.6,2026-02-09,375
INV00002500,DS009,Porur,Medium,P0180,Maggi Hot & Sweet Sauce 1kg,"Masala, Oil & More",140,High,Ambient,2,5,3,Low Stock,0.2,18,15,0,10.0,2026-02-11,280
INV00002501,DS009,Porur,Medium,P0181,Fortune Sunflower Oil 1L,"Masala, Oil & More",160,Low,Ambient,4,5,3,In Stock,0.0,0,0,0,999.0,2026-02-11,640
INV00002502,DS009,Porur,Medium,P0182,Fortune Refined Oil 5L,"Masala, Oil & More",750,Medium,Ambient,2,5,3,Low Stock,0.06,5,5,0,33.3,2026-02-12,1500
INV00002503,DS009,Porur,Medium,P0183,Sundrop Sunflower Oil 1L,"Masala, Oil & More",155,Medium,Ambient,4,5,3,In Stock,0.09,8,6,2,44.4,2026-02-14,620
INV00002504,DS009,Porur,Medium,P0184,Dhara Refined Oil 1L,"Masala, Oil & More",150,Medium,Ambient,3,5,3,Low Stock,0.06,5,5,0,50.0,2026-02-10,450
INV00002505,DS009,Porur,Medium,P0185,Fortune Mustard Oil 1L,"Masala, Oil & More",185,High,Ambient,3,5,3,Low Stock,0.26,23,18,2,11.5,2026-02-15,555
INV00002506,DS009,Porur,Medium,P0186,KS Gingelly Oil 500ml,"Masala, Oil & More",200,Medium,Ambient,4,5,3,In Stock,0.06,5,5,2,66.7,2026-02-10,800
INV00002507,DS009,Porur,Medium,P0187,Parachute Coconut Oil 500ml,"Masala, Oil & More",195,High,Ambient,2,5,3,Low Stock,0.29,26,24,2,6.9,2026-02-11,390
INV00002508,DS009,Porur,Medium,P0188,Saffola Gold Oil 1L,"Masala, Oil & More",250,High,Ambient,3,5,3,Low Stock,0.17,15,10,2,17.6,2026-02-09,750
INV00002509,DS009,Porur,Medium,P0189,Ghee 500ml,"Masala, Oil & More",295,Low,Ambient,3,5,3,Low Stock,0.07,6,5,1,42.9,2026-02-13,885
INV00002510,DS009,Porur,Medium,P0190,Amul Pure Ghee 500ml,"Masala, Oil & More",340,Medium,Ambient,2,5,3,Low Stock,0.12,11,9,0,16.7,2026-02-10,680
INV00002511,DS009,Porur,Medium,P0191,Dalda Vanaspati 1L,"Masala, Oil & More",200,High,Ambient,5,5,3,In Stock,0.28,25,25,0,17.9,2026-02-09,1000
INV00002512,DS009,Porur,Medium,P0192,Nutella Hazelnut Spread 350g,Sauces & Spreads,385,Medium,Ambient,4,5,3,In Stock,0.09,8,8,1,44.4,2026-02-11,1540
INV00002513,DS009,Porur,Medium,P0193,Kissan Mixed Fruit Jam 500g,Sauces & Spreads,140,Medium,Ambient,4,5,3,In Stock,0.08,7,6,0,50.0,2026-02-11,560
INV00002514,DS009,Porur,Medium,P0194,Kissan Pineapple Jam 500g,Sauces & Spreads,135,Medium,Ambient,5,5,3,In Stock,0.09,8,8,2,55.6,2026-02-12,675
INV00002515,DS009,Porur,Medium,P0195,Mapro Mango Jam 500g,Sauces & Spreads,155,Low,Ambient,2,5,3,Low Stock,0.04,4,4,1,50.0,2026-02-10,310
INV00002516,DS009,Porur,Medium,P0196,Hersheys Chocolate Syrup 623g,Sauces & Spreads,325,Medium,Ambient,5,5,3,In Stock,0.08,7,7,1,62.5,2026-02-12,1625
INV00002517,DS009,Porur,Medium,P0197,Veeba Mayonnaise 250g,Sauces & Spreads,85,Low,Ambient,2,5,3,Low Stock,0.03,3,2,1,66.7,2026-02-09,170
INV00002518,DS009,Porur,Medium,P0198,Funfoods Peri Peri Sauce 325g,Sauces & Spreads,130,Medium,Ambient,3,5,3,Low Stock,0.1,9,7,1,30.0,2026-02-09,390
INV00002519,DS009,Porur,Medium,P0199,Veeba Sandwich Spread 275g,Sauces & Spreads,90,Medium,Ambient,3,5,3,Low Stock,0.07,6,5,1,42.9,2026-02-10,270
INV00002520,DS009,Porur,Medium,P0200,Ching Red Chilli Sauce 680g,Sauces & Spreads,115,Low,Ambient,4,5,3,In Stock,0.01,1,1,0,400.0,2026-02-12,460
INV00002521,DS009,Porur,Medium,P0201,Ching Green Chilli Sauce 190g,Sauces & Spreads,60,Medium,Ambient,8,13,3,In Stock,0.0,0,0,0,999.0,2026-02-14,480
INV00002522,DS009,Porur,Medium,P0202,Del Monte Pasta Sauce 400g,Sauces & Spreads,145,Low,Ambient,4,5,3,In Stock,0.03,3,3,2,133.3,2026-02-11,580
INV00002523,DS009,Porur,Medium,P0203,Maggi Pichkoo 90g,Sauces & Spreads,45,Medium,Ambient,2,5,3,Low Stock,0.11,10,10,2,18.2,2026-02-11,90
INV00002524,DS009,Porur,Medium,P0204,Tata Tea Gold 1kg,"Tea, Coffee & Health Drinks",490,High,Ambient,5,5,3,In Stock,0.3,27,24,2,16.7,2026-02-14,2450
INV00002525,DS009,Porur,Medium,P0205,Tata Tea Premium 1kg,"Tea, Coffee & Health Drinks",460,Medium,Ambient,3,5,3,Low Stock,0.14,13,10,2,21.4,2026-02-10,1380
INV00002526,DS009,Porur,Medium,P0206,Red Label Natural Care 1kg,"Tea, Coffee & Health Drinks",440,Medium,Ambient,2,5,3,Low Stock,0.09,8,7,2,22.2,2026-02-11,880
INV00002527,DS009,Porur,Medium,P0207,Brooke Bond Taj Mahal 1kg,"Tea, Coffee & Health Drinks",520,High,Ambient,4,5,3,In Stock,0.43,39,32,2,9.3,2026-02-10,2080
INV00002528,DS009,Porur,Medium,P0208,Society Tea 1kg,"Tea, Coffee & Health Drinks",380,High,Ambient,4,5,3,In Stock,0.39,35,32,1,10.3,2026-02-13,1520
INV00002529,DS009,Porur,Medium,P0209,Nescafe Classic 50g,"Tea, Coffee & Health Drinks",215,High,Ambient,4,5,3,In Stock,0.23,21,20,2,17.4,2026-02-15,860
INV00002530,DS009,Porur,Medium,P0210,Bru Instant Coffee 50g,"Tea, Coffee & Health Drinks",175,High,Ambient,3,5,3,Low Stock,0.36,32,25,2,8.3,2026-02-12,525
INV00002531,DS009,Porur,Medium,P0211,Nescafe Sunrise Premium 50g,"Tea, Coffee & Health Drinks",145,High,Ambient,3,5,3,Low Stock,0.34,31,26,0,8.8,2026-02-14,435
INV00002532,DS009,Porur,Medium,P0212,Bru Gold 100g,"Tea, Coffee & Health Drinks",345,High,Ambient,2,5,3,Low Stock,0.27,24,21,1,7.4,2026-02-11,690
INV00002533,DS009,Porur,Medium,P0213,Horlicks Classic Malt 500g,"Tea, Coffee & Health Drinks",285,Medium,Ambient,3,5,3,Low Stock,0.08,7,6,2,37.5,2026-02-14,855
INV00002534,DS009,Porur,Medium,P0214,Boost Health Drink 500g,"Tea, Coffee & Health Drinks",265,High,Ambient,4,5,3,In Stock,0.24,22,20,2,16.7,2026-02-13,1060
INV00002535,DS009,Porur,Medium,P0215,Complan Chocolate 500g,"Tea, Coffee & Health Drinks",360,Medium,Ambient,3,5,3,Low Stock,0.09,8,7,2,33.3,2026-02-13,1080
INV00002536,DS009,Porur,Medium,P0216,Bournvita 500g,"Tea, Coffee & Health Drinks",250,High,Ambient,4,5,3,In Stock,0.29,26,21,0,13.8,2026-02-10,1000
INV00002537,DS009,Porur,Medium,P0217,Milo 400g,"Tea, Coffee & Health Drinks",245,Medium,Ambient,4,5,3,In Stock,0.08,7,6,0,50.0,2026-02-09,980
INV00002538,DS009,Porur,Medium,P0218,Proteinex Powder 250g,"Tea, Coffee & Health Drinks",285,High,Ambient,5,5,3,In Stock,0.21,19,18,2,23.8,2026-02-09,1425
INV00002539,DS009,Porur,Medium,P0219,Green Tea 100 Bags,"Tea, Coffee & Health Drinks",350,High,Ambient,5,5,3,In Stock,0.23,21,18,2,21.7,2026-02-10,1750
INV00002540,DS009,Porur,Medium,P0220,Lipton Green Tea 25 Bags,"Tea, Coffee & Health Drinks",125,High,Ambient,3,5,3,Low Stock,0.29,26,24,0,10.3,2026-02-13,375
INV00002541,DS009,Porur,Medium,P0221,Vim Dishwash Gel 750ml,Cleaning & Household,95,High,Ambient,4,5,3,In Stock,0.2,18,14,0,20.0,2026-02-13,380
INV00002542,DS009,Porur,Medium,P0222,Vim Dishwash Bar 600g,Cleaning & Household,55,Medium,Ambient,2,5,3,Low Stock,0.11,10,9,0,18.2,2026-02-11,110
INV00002543,DS009,Porur,Medium,P0223,Pril Dishwash Liquid 750ml,Cleaning & Household,105,High,Ambient,5,5,3,In Stock,0.18,16,15,2,27.8,2026-02-13,525
INV00002544,DS009,Porur,Medium,P0224,Lizol Floor Cleaner 975ml,Cleaning & Household,185,Low,Ambient,2,5,3,Low Stock,0.02,2,2,1,100.0,2026-02-12,370
INV00002545,DS009,Porur,Medium,P0225,Harpic Toilet Cleaner 1L,Cleaning & Household,165,Medium,Ambient,2,5,3,Low Stock,0.16,14,12,1,12.5,2026-02-15,330
INV00002546,DS009,Porur,Medium,P0226,Domex Toilet Cleaner 1L,Cleaning & Household,135,High,Ambient,3,5,3,Low Stock,0.21,19,19,1,14.3,2026-02-11,405
INV00002547,DS009,Porur,Medium,P0227,Colin Glass Cleaner 500ml,Cleaning & Household,155,Medium,Ambient,4,5,3,In Stock,0.11,10,10,2,36.4,2026-02-10,620
INV00002548,DS009,Porur,Medium,P0228,Surf Excel Matic 2kg,Cleaning & Household,365,Low,Ambient,2,5,3,Low Stock,0.02,2,2,0,100.0,2026-02-14,730
INV00002549,DS009,Porur,Medium,P0229,Ariel Matic 2kg,Cleaning & Household,395,Medium,Ambient,4,5,3,In Stock,0.09,8,8,0,44.4,2026-02-15,1580
INV00002550,DS009,Porur,Medium,P0230,Tide Plus 2kg,Cleaning & Household,285,High,Ambient,4,5,3,In Stock,0.17,15,14,1,23.5,2026-02-14,1140
INV00002551,DS009,Porur,Medium,P0231,Comfort Fabric Conditioner 860ml,Cleaning & Household,195,Medium,Ambient,3,5,3,Low Stock,0.13,12,10,0,23.1,2026-02-12,585
INV00002552,DS009,Porur,Medium,P0232,Rin Detergent Bar 250g,Cleaning & Household,35,Medium,Ambient,4,5,3,In Stock,0.12,11,8,2,33.3,2026-02-15,140
INV00002553,DS009,Porur,Medium,P0233,Godrej aer Spray 240ml,Cleaning & Household,199,Low,Ambient,4,5,3,In Stock,0.09,8,7,1,44.4,2026-02-14,796
INV00002554,DS009,Porur,Medium,P0234,Good Knight Activ+ Refill 45ml,Cleaning & Household,115,High,Ambient,5,5,3,In Stock,0.24,22,19,1,20.8,2026-02-13,575
INV00002555,DS009,Porur,Medium,P0235,All Out Refill 45ml,Cleaning & Household,95,High,Ambient,20,23,6,In Stock,0.0,0,0,0,999.0,2026-02-11,1900
INV00002556,DS009,Porur,Medium,P0236,Mortein Insect Spray 425ml,Cleaning & Household,225,Medium,Ambient,2,5,3,Low Stock,0.08,7,7,2,25.0,2026-02-11,450
INV00002557,DS009,Porur,Medium,P0237,Hit Cockroach Killer 625ml,Cleaning & Household,245,High,Ambient,5,5,3,In Stock,0.22,20,18,1,22.7,2026-02-11,1225
INV00002558,DS009,Porur,Medium,P0238,Scotch Brite Scrub Pad 3pc,Cleaning & Household,75,High,Ambient,5,5,3,In Stock,0.26,23,18,2,19.2,2026-02-09,375
INV00002559,DS009,Porur,Medium,P0239,Savlon Handwash 750ml,Cleaning & Household,135,High,Ambient,2,5,3,Low Stock,0.18,16,15,0,11.1,2026-02-13,270
INV00002560,DS009,Porur,Medium,P0240,Dettol Handwash 750ml,Cleaning & Household,155,Low,Ambient,2,5,3,Low Stock,0.06,5,3,2,33.3,2026-02-15,310
INV00002561,DS009,Porur,Medium,P0241,Origami Tissues 100 Pulls,Cleaning & Household,45,Medium,Ambient,3,5,3,Low Stock,0.09,8,7,2,33.3,2026-02-12,135
INV00002562,DS009,Porur,Medium,P0242,Dettol Soap 125g (4 pack),Personal Care,145,High,Ambient,2,5,3,Low Stock,0.3,27,24,2,6.7,2026-02-14,290
INV00002563,DS009,Porur,Medium,P0243,Lifebuoy Soap 125g (4 pack),Personal Care,115,High,Ambient,5,5,3,In Stock,0.24,22,18,1,20.8,2026-02-15,575
INV00002564,DS009,Porur,Medium,P0244,Dove Soap 125g (3 pack),Personal Care,180,Medium,Ambient,5,5,3,In Stock,0.07,6,6,0,71.4,2026-02-12,900
INV00002565,DS009,Porur,Medium,P0245,Pears Soap 125g (3 pack),Personal Care,150,High,Ambient,13,27,8,In Stock,0.0,0,0,0,999.0,2026-02-09,1950
INV00002566,DS009,Porur,Medium,P0246,Lux Soap 125g (3 pack),Personal Care,125,High,Ambient,4,5,3,In Stock,0.24,22,19,0,16.7,2026-02-10,500
INV00002567,DS009,Porur,Medium,P0247,Clinic Plus Shampoo 650ml,Personal Care,265,Low,Ambient,4,5,3,In Stock,0.0,0,0,0,999.0,2026-02-14,1060
INV00002568,DS009,Porur,Medium,P0248,Pantene Shampoo 650ml,Personal Care,385,High,Ambient,5,5,3,In Stock,0.12,11,10,1,41.7,2026-02-12,1925
INV00002569,DS009,Porur,Medium,P0249,Dove Shampoo 650ml,Personal Care,425,Medium,Ambient,4,5,3,In Stock,0.19,17,12,0,21.1,2026-02-15,1700
INV00002570,DS009,Porur,Medium,P0250,Head & Shoulders 650ml,Personal Care,485,High,Ambient,3,5,3,Low Stock,0.27,24,19,1,11.1,2026-02-09,1455
INV00002571,DS009,Porur,Medium,P0251,Sunsilk Shampoo 650ml,Personal Care,295,High,Ambient,2,5,3,Low Stock,0.26,23,19,1,7.7,2026-02-13,590
INV00002572,DS009,Porur,Medium,P0252,Colgate Total 300g,Personal Care,185,Medium,Ambient,2,5,3,Low Stock,0.09,8,8,2,22.2,2026-02-10,370
INV00002573,DS009,Porur,Medium,P0253,Colgate Maxfresh 150g,Personal Care,105,High,Ambient,4,5,3,In Stock,0.39,35,28,0,10.3,2026-02-14,420
INV00002574,DS009,Porur,Medium,P0254,Pepsodent 200g,Personal Care,85,High,Ambient,5,5,3,In Stock,0.16,14,12,2,31.2,2026-02-14,425
INV00002575,DS009,Porur,Medium,P0255,Sensodyne Toothpaste 150g,Personal Care,265,Medium,Ambient,5,5,3,In Stock,0.13,12,8,1,38.5,2026-02-15,1325
INV00002576,DS009,Porur,Medium,P0256,Oral B Toothbrush,Personal Care,95,High,Ambient,18,27,8,In Stock,0.0,0,0,0,999.0,2026-02-15,1710
INV00002577,DS009,Porur,Medium,P0257,Gillette Shaving Cream 418g,Personal Care,265,Medium,Ambient,3,5,3,Low Stock,0.13,12,9,2,23.1,2026-02-12,795
INV00002578,DS009,Porur,Medium,P0258,Gillette Mach 3 Razor,Personal Care,285,High,Ambient,2,5,3,Low Stock,0.27,24,22,1,7.4,2026-02-12,570
INV00002579,DS009,Porur,Medium,P0259,Veet Hair Removal Cream 100g,Personal Care,215,High,Ambient,3,5,3,Low Stock,0.13,12,11,1,23.1,2026-02-15,645
INV00002580,DS009,Porur,Medium,P0260,Nivea Body Lotion 400ml,Personal Care,295,High,Ambient,5,5,3,In Stock,0.29,26,24,1,17.2,2026-02-11,1475
INV00002581,DS009,Porur,Medium,P0261,Vaseline Petroleum Jelly 100ml,Personal Care,105,High,Ambient,4,5,3,In Stock,0.28,25,21,2,14.3,2026-02-13,420
INV00002582,DS009,Porur,Medium,P0262,Ponds Face Cream 100ml,Personal Care,235,Medium,Ambient,5,5,3,In Stock,0.1,9,8,0,50.0,2026-02-12,1175
INV00002583,DS009,Porur,Medium,P0263,Fair & Lovely 80g,Personal Care,175,High,Ambient,3,5,3,Low Stock,0.22,20,20,0,13.6,2026-02-09,525
INV00002584,DS009,Porur,Medium,P0264,Garnier Face Wash 100g,Personal Care,145,Medium,Ambient,5,5,3,In Stock,0.08,7,7,0,62.5,2026-02-15,725
INV00002585,DS009,Porur,Medium,P0265,Lakmé Face Cream 60g,Personal Care,295,High,Ambient,3,5,3,Low Stock,0.14,13,11,2,21.4,2026-02-13,885
INV00002586,DS009,Porur,Medium,P0266,Johnson Baby Powder 400g,Personal Care,285,High,Ambient,3,5,3,Low Stock,0.18,16,14,1,16.7,2026-02-12,855
INV00002587,DS009,Porur,Medium,P0267,Dettol Handwash Refill 750ml,Personal Care,145,High,Ambient,4,5,3,In Stock,0.3,27,26,0,13.3,2026-02-14,580
INV00002588,DS009,Porur,Medium,P0268,Savlon Antiseptic Liquid 500ml,Personal Care,165,High,Ambient,22,29,8,In Stock,0.0,0,0,0,999.0,2026-02-14,3630
INV00002589,DS009,Porur,Medium,P0269,Band Aid 10pc,Personal Care,55,Medium,Ambient,2,5,3,Low Stock,0.13,12,9,1,15.4,2026-02-11,110
INV00002590,DS009,Porur,Medium,P0270,Vicks VapoRub 50ml,Personal Care,145,High,Ambient,5,5,3,In Stock,0.21,19,16,2,23.8,2026-02-14,725
INV00002591,DS009,Porur,Medium,P0271,Dettol Antiseptic Liquid 550ml,Personal Care,195,High,Ambient,3,5,3,Low Stock,0.21,19,16,2,14.3,2026-02-14,585
INV00002592,DS009,Porur,Medium,P0272,Cotton Buds 100pc,Personal Care,45,High,Ambient,3,5,3,Low Stock,0.28,25,20,0,10.7,2026-02-09,135
INV00002593,DS009,Porur,Medium,P0273,Whisper Ultra XL 15 Pads,Personal Care,185,Medium,Ambient,3,5,3,Low Stock,0.13,12,10,2,23.1,2026-02-10,555
INV00002594,DS009,Porur,Medium,P0274,Stayfree Secure XL 20 Pads,Personal Care,195,High,Ambient,5,5,3,In Stock,0.19,17,16,2,26.3,2026-02-14,975
INV00002595,DS009,Porur,Medium,P0275,Sanfe Sanitary Napkins 10pc,Personal Care,155,Medium,Ambient,5,5,3,In Stock,0.13,12,9,1,38.5,2026-02-13,775
INV00002596,DS009,Porur,Medium,P0276,Pampers Baby Diapers S 20pc,Baby Care,495,Low,Ambient,3,5,3,Low Stock,0.08,7,5,0,37.5,2026-02-09,1485
INV00002597,DS009,Porur,Medium,P0277,Pampers Baby Diapers M 18pc,Baby Care,595,Medium,Ambient,5,5,3,In Stock,0.06,5,4,0,83.3,2026-02-14,2975
INV00002598,DS009,Porur,Medium,P0278,Pampers Baby Diapers L 16pc,Baby Care,695,Low,Ambient,4,5,3,In Stock,0.02,2,2,2,200.0,2026-02-09,2780
INV00002599,DS009,Porur,Medium,P0279,Huggies Diapers S 22pc,Baby Care,485,Medium,Ambient,4,5,3,In Stock,0.14,13,10,0,28.6,2026-02-14,1940
INV00002600,DS009,Porur,Medium,P0280,Mamy Poko Pants M 20pc,Baby Care,575,Medium,Ambient,4,5,3,In Stock,0.09,8,7,0,44.4,2026-02-13,2300
INV00002601,DS009,Porur,Medium,P0281,Johnson Baby Soap 100g,Baby Care,55,Medium,Ambient,2,5,3,Low Stock,0.09,8,7,1,22.2,2026-02-09,110
INV00002602,DS009,Porur,Medium,P0282,Johnson Baby Shampoo 200ml,Baby Care,175,Medium,Ambient,4,5,3,In Stock,0.06,5,4,2,66.7,2026-02-13,700
INV00002603,DS009,Porur,Medium,P0283,Johnson Baby Lotion 200ml,Baby Care,195,Low,Ambient,5,5,3,In Stock,0.04,4,4,1,125.0,2026-02-10,975
INV00002604,DS009,Porur,Medium,P0284,Johnson Baby Powder 200g,Baby Care,185,Low,Ambient,4,5,3,In Stock,0.06,5,4,0,66.7,2026-02-14,740
INV00002605,DS009,Porur,Medium,P0285,Himalaya Baby Lotion 200ml,Baby Care,165,Low,Ambient,4,5,3,In Stock,0.06,5,4,0,66.7,2026-02-15,660
INV00002606,DS009,Porur,Medium,P0286,Cerelac Wheat 300g,Baby Care,185,Low,Ambient,5,5,3,In Stock,0.01,1,1,0,500.0,2026-02-15,925
INV00002607,DS009,Porur,Medium,P0287,Cerelac Multi Grain 300g,Baby Care,195,Medium,Ambient,2,5,3,Low Stock,0.06,5,5,0,33.3,2026-02-10,390
INV00002608,DS009,Porur,Medium,P0288,Lactogen 1 (0-6 months) 400g,Baby Care,495,Medium,Ambient,2,5,3,Low Stock,0.04,4,3,2,50.0,2026-02-09,990
INV00002609,DS009,Porur,Medium,P0289,Farex Baby Food 300g,Baby Care,175,Medium,Ambient,4,5,3,In Stock,0.09,8,6,0,44.4,2026-02-12,700
INV00002610,DS009,Porur,Medium,P0290,Himalaya Baby Wipes 72pc,Baby Care,165,Medium,Ambient,4,5,3,In Stock,0.08,7,7,1,50.0,2026-02-15,660
INV00002611,DS010,Tambaram,High,P0001,Amul Taaza Toned Milk 500ml,"Dairy, Bread & Eggs",28,High,Refrigerated,7,9,3,In Stock,1.39,125,78,0,5.0,2026-02-10,196
INV00002612,DS010,Tambaram,High,P0002,Amul Taaza Toned Milk 1L,"Dairy, Bread & Eggs",56,High,Refrigerated,7,10,3,In Stock,1.63,147,102,0,4.3,2026-02-14,392
INV00002613,DS010,Tambaram,High,P0003,Amul Gold Full Cream Milk 500ml,"Dairy, Bread & Eggs",32,High,Refrigerated,7,11,3,In Stock,1.5,135,93,0,4.7,2026-02-11,224
INV00002614,DS010,Tambaram,High,P0004,Amul Gold Full Cream Milk 1L,"Dairy, Bread & Eggs",64,High,Refrigerated,2,7,3,Low Stock,1.19,107,73,0,1.7,2026-02-13,128
INV00002615,DS010,Tambaram,High,P0005,Heritage Fresh Milk 500ml,"Dairy, Bread & Eggs",30,High,Refrigerated,4,11,3,In Stock,1.51,136,93,1,2.6,2026-02-14,120
INV00002616,DS010,Tambaram,High,P0006,Nandini Milk 500ml,"Dairy, Bread & Eggs",26,Medium,Refrigerated,3,5,3,Low Stock,0.46,41,26,0,6.5,2026-02-10,78
INV00002617,DS010,Tambaram,High,P0007,Amul Fresh Cream 250ml,"Dairy, Bread & Eggs",85,High,Refrigerated,8,9,3,In Stock,1.4,126,80,0,5.7,2026-02-12,680
INV00002618,DS010,Tambaram,High,P0008,Amul Masti Curd 400g,"Dairy, Bread & Eggs",32,High,Refrigerated,10,9,3,In Stock,1.32,119,75,2,7.6,2026-02-10,320
INV00002619,DS010,Tambaram,High,P0009,Mother Dairy Curd 400g,"Dairy, Bread & Eggs",30,High,Refrigerated,11,12,3,In Stock,1.54,139,98,2,7.1,2026-02-15,330
INV00002620,DS010,Tambaram,High,P0010,Nestle Dahi 400g,"Dairy, Bread & Eggs",35,High,Refrigerated,11,10,3,In Stock,1.36,122,82,1,8.1,2026-02-15,385
INV00002621,DS010,Tambaram,High,P0011,Amul Salted Butter 100g,"Dairy, Bread & Eggs",56,High,Refrigerated,6,10,3,In Stock,1.49,134,89,1,4.0,2026-02-13,336
INV00002622,DS010,Tambaram,High,P0012,Amul Salted Butter 500g,"Dairy, Bread & Eggs",270,Medium,Refrigerated,3,5,3,Low Stock,0.58,52,37,1,5.2,2026-02-11,810
INV00002623,DS010,Tambaram,High,P0013,Britannia Butter 100g,"Dairy, Bread & Eggs",54,High,Refrigerated,6,8,3,In Stock,1.28,115,76,2,4.7,2026-02-10,324
INV00002624,DS010,Tambaram,High,P0014,Amul Cheese Slices 200g,"Dairy, Bread & Eggs",130,Medium,Refrigerated,2,5,3,Low Stock,0.57,51,30,0,3.5,2026-02-15,260
INV00002625,DS010,Tambaram,High,P0015,Britannia Cheese Slices 200g,"Dairy, Bread & Eggs",125,Medium,Refrigerated,2,5,3,Low Stock,0.53,48,30,1,3.8,2026-02-11,250
INV00002626,DS010,Tambaram,High,P0016,Amul Processed Cheese Block 200g,"Dairy, Bread & Eggs",110,High,Refrigerated,9,13,3,In Stock,1.64,148,92,0,5.5,2026-02-10,990
INV00002627,DS010,Tambaram,High,P0017,Mother Dairy Paneer 200g,"Dairy, Bread & Eggs",95,Medium,Refrigerated,2,5,3,Low Stock,0.46,41,28,0,4.3,2026-02-12,190
INV00002628,DS010,Tambaram,High,P0018,Amul Fresh Paneer 200g,"Dairy, Bread & Eggs",90,High,Refrigerated,8,9,3,In Stock,1.4,126,76,2,5.7,2026-02-13,720
INV00002629,DS010,Tambaram,High,P0019,Nandini Paneer 200g,"Dairy, Bread & Eggs",85,High,Refrigerated,10,10,3,In Stock,1.76,158,104,2,5.7,2026-02-11,850
INV00002630,DS010,Tambaram,High,P0020,Farm Fresh White Eggs 6 pcs,"Dairy, Bread & Eggs",48,High,Refrigerated,7,10,3,In Stock,1.7,153,97,2,4.1,2026-02-10,336
INV00002631,DS010,Tambaram,High,P0021,Farm Fresh Brown Eggs 6 pcs,"Dairy, Bread & Eggs",60,High,Refrigerated,9,10,3,In Stock,1.49,134,86,1,6.0,2026-02-14,540
INV00002632,DS010,Tambaram,High,P0022,Farm Fresh White Eggs 10 pcs,"Dairy, Bread & Eggs",75,High,Refrigerated,7,8,3,In Stock,1.43,129,92,1,4.9,2026-02-12,525
INV00002633,DS010,Tambaram,High,P0023,Amul Kool Milk Drink 200ml,"Dairy, Bread & Eggs",20,High,Refrigerated,10,12,3,In Stock,1.52,137,88,0,6.6,2026-02-14,200
INV00002634,DS010,Tambaram,High,P0024,Amul Lassi 200ml,"Dairy, Bread & Eggs",25,High,Refrigerated,5,7,3,In Stock,1.28,115,75,2,3.9,2026-02-09,125
INV00002635,DS010,Tambaram,High,P0025,Mother Dairy Mishti Doi 400g,"Dairy, Bread & Eggs",42,Medium,Refrigerated,5,5,3,In Stock,0.68,61,43,1,7.4,2026-02-15,210
INV00002636,DS010,Tambaram,High,P0026,Britannia Bread Large,"Dairy, Bread & Eggs",40,High,Refrigerated,7,10,3,In Stock,1.37,123,88,1,5.1,2026-02-15,280
INV00002637,DS010,Tambaram,High,P0027,Modern Bread Sandwich,"Dairy, Bread & Eggs",45,Medium,Refrigerated,5,5,3,In Stock,0.79,71,43,1,6.3,2026-02-12,225
INV00002638,DS010,Tambaram,High,P0028,Harvest Gold Bread,"Dairy, Bread & Eggs",42,High,Refrigerated,4,10,3,In Stock,1.58,142,92,0,2.5,2026-02-09,168
INV00002639,DS010,Tambaram,High,P0029,English Oven Brown Bread,"Dairy, Bread & Eggs",50,High,Refrigerated,22,24,7,In Stock,0.0,0,0,0,999.0,2026-02-13,1100
INV00002640,DS010,Tambaram,High,P0030,Onion 1kg,Fruits & Vegetables,35,High,Ambient,4,5,3,In Stock,0.76,68,68,2,5.3,2026-02-14,140
INV00002641,DS010,Tambaram,High,P0031,Tomato 1kg,Fruits & Vegetables,45,High,Ambient,3,5,3,Low Stock,0.68,61,61,0,4.4,2026-02-15,135
INV00002642,DS010,Tambaram,High,P0032,Potato 1kg,Fruits & Vegetables,28,High,Ambient,4,5,3,In Stock,0.72,65,65,1,5.6,2026-02-10,112
INV00002643,DS010,Tambaram,High,P0033,Green Chilli 100g,Fruits & Vegetables,15,High,Ambient,2,5,3,Low Stock,0.68,61,61,2,2.9,2026-02-15,30
INV00002644,DS010,Tambaram,High,P0034,Ginger 200g,Fruits & Vegetables,40,High,Ambient,5,5,3,In Stock,0.72,65,65,1,6.9,2026-02-14,200
INV00002645,DS010,Tambaram,High,P0035,Garlic 250g,Fruits & Vegetables,55,High,Ambient,6,6,3,In Stock,0.81,73,73,2,7.4,2026-02-15,330
INV00002646,DS010,Tambaram,High,P0036,Coriander Leaves 100g,Fruits & Vegetables,15,High,Refrigerated,4,5,3,In Stock,0.89,80,80,1,4.5,2026-02-11,60
INV00002647,DS010,Tambaram,High,P0037,Curry Leaves 100g,Fruits & Vegetables,20,High,Refrigerated,4,5,3,In Stock,0.7,63,63,1,5.7,2026-02-15,80
INV00002648,DS010,Tambaram,High,P0038,Lemon 250g (4-5pcs),Fruits & Vegetables,25,High,Ambient,4,5,3,In Stock,0.83,75,75,0,4.8,2026-02-11,100
INV00002649,DS010,Tambaram,High,P0039,Carrot 500g,Fruits & Vegetables,30,High,Ambient,4,5,3,In Stock,0.66,59,59,1,6.1,2026-02-13,120
INV00002650,DS010,Tambaram,High,P0040,Beans 500g,Fruits & Vegetables,45,High,Ambient,3,6,3,Low Stock,0.8,72,72,1,3.8,2026-02-09,135
INV00002651,DS010,Tambaram,High,P0041,Capsicum Green 500g,Fruits & Vegetables,50,High,Ambient,4,5,3,In Stock,0.76,68,68,0,5.3,2026-02-10,200
INV00002652,DS010,Tambaram,High,P0042,Cabbage 1pc,Fruits & Vegetables,35,High,Ambient,2,5,3,Low Stock,0.78,70,70,0,2.6,2026-02-14,70
INV00002653,DS010,Tambaram,High,P0043,Cauliflower 1pc,Fruits & Vegetables,40,High,Ambient,3,5,3,Low Stock,0.57,51,51,1,5.3,2026-02-13,120
INV00002654,DS010,Tambaram,High,P0044,Brinjal 500g,Fruits & Vegetables,35,High,Ambient,5,5,3,In Stock,0.64,58,58,0,7.8,2026-02-13,175
INV00002655,DS010,Tambaram,High,P0045,Ladies Finger 500g,Fruits & Vegetables,40,High,Ambient,2,5,3,Low Stock,0.72,65,65,2,2.8,2026-02-11,80
INV00002656,DS010,Tambaram,High,P0046,Beetroot 500g,Fruits & Vegetables,35,High,Ambient,4,5,3,In Stock,0.8,72,72,0,5.0,2026-02-09,140
INV00002657,DS010,Tambaram,High,P0047,Radish White 500g,Fruits & Vegetables,30,High,Ambient,5,5,3,In Stock,0.77,69,69,2,6.5,2026-02-10,150
INV00002658,DS010,Tambaram,High,P0048,Bottle Gourd 1pc,Fruits & Vegetables,35,High,Ambient,3,5,3,Low Stock,0.62,56,56,0,4.8,2026-02-09,105
INV00002659,DS010,Tambaram,High,P0049,Bitter Gourd 500g,Fruits & Vegetables,45,High,Ambient,5,5,3,In Stock,0.72,65,65,2,6.9,2026-02-09,225
INV00002660,DS010,Tambaram,High,P0050,Banana Robusta 6pcs,Fruits & Vegetables,35,High,Ambient,5,5,3,In Stock,0.66,59,59,0,7.6,2026-02-10,175
INV00002661,DS010,Tambaram,High,P0051,Apple Shimla 4pcs,Fruits & Vegetables,140,High,Ambient,4,5,3,In Stock,0.88,79,79,1,4.5,2026-02-14,560
INV00002662,DS010,Tambaram,High,P0052,Pomegranate 1pc,Fruits & Vegetables,85,High,Ambient,4,6,3,In Stock,0.91,82,82,1,4.4,2026-02-12,340
INV00002663,DS010,Tambaram,High,P0053,Orange 500g,Fruits & Vegetables,50,High,Ambient,2,5,3,Low Stock,0.73,66,66,0,2.7,2026-02-13,100
INV00002664,DS010,Tambaram,High,P0054,Sweet Lime 500g,Fruits & Vegetables,45,High,Ambient,7,7,3,In Stock,0.98,88,88,2,7.1,2026-02-13,315
INV00002665,DS010,Tambaram,High,P0055,Watermelon 1pc (3-4kg),Fruits & Vegetables,80,High,Ambient,5,6,3,In Stock,0.86,77,77,1,5.8,2026-02-09,400
INV00002666,DS010,Tambaram,High,P0056,Papaya 1pc,Fruits & Vegetables,45,High,Ambient,3,6,3,Low Stock,0.87,78,78,2,3.4,2026-02-10,135
INV00002667,DS010,Tambaram,High,P0057,Grapes Green 500g,Fruits & Vegetables,90,High,Ambient,5,5,3,In Stock,0.73,66,66,1,6.8,2026-02-15,450
INV00002668,DS010,Tambaram,High,P0058,Mango (Seasonal),Fruits & Vegetables,120,High,Ambient,6,6,3,In Stock,0.87,78,78,2,6.9,2026-02-12,720
INV00002669,DS010,Tambaram,High,P0059,Pineapple 1pc,Fruits & Vegetables,55,High,Ambient,5,5,3,In Stock,0.66,59,59,0,7.6,2026-02-09,275
INV00002670,DS010,Tambaram,High,P0060,Coca Cola 750ml,Cold Drinks & Juices,40,High,Refrigerated,2,7,3,Low Stock,0.9,81,57,1,2.2,2026-02-09,80
INV00002671,DS010,Tambaram,High,P0061,Coca Cola 2.25L,Cold Drinks & Juices,95,Medium,Refrigerated,4,5,3,In Stock,0.52,47,28,2,7.7,2026-02-10,380
INV00002672,DS010,Tambaram,High,P0062,Pepsi 750ml,Cold Drinks & Juices,40,Medium,Refrigerated,2,5,3,Low Stock,0.44,40,28,2,4.5,2026-02-11,80
INV00002673,DS010,Tambaram,High,P0063,Pepsi 2L,Cold Drinks & Juices,90,High,Refrigerated,5,10,3,In Stock,1.39,125,74,2,3.6,2026-02-14,450
INV00002674,DS010,Tambaram,High,P0064,Sprite 750ml,Cold Drinks & Juices,40,Medium,Refrigerated,3,5,3,Low Stock,0.81,73,46,0,3.7,2026-02-09,120
INV00002675,DS010,Tambaram,High,P0065,Thumbs Up 750ml,Cold Drinks & Juices,40,Medium,Refrigerated,4,5,3,In Stock,0.56,50,36,2,7.1,2026-02-09,160
INV00002676,DS010,Tambaram,High,P0066,Fanta 750ml,Cold Drinks & Juices,40,High,Refrigerated,3,8,3,Low Stock,1.14,103,71,1,2.6,2026-02-11,120
INV00002677,DS010,Tambaram,High,P0067,Mountain Dew 750ml,Cold Drinks & Juices,40,High,Refrigerated,4,9,3,In Stock,1.34,121,83,2,3.0,2026-02-10,160
INV00002678,DS010,Tambaram,High,P0068,Thums Up 2.25L,Cold Drinks & Juices,95,High,Refrigerated,10,9,3,In Stock,1.62,146,93,0,6.2,2026-02-12,950
INV00002679,DS010,Tambaram,High,P0069,Bisleri Water 1L,Cold Drinks & Juices,20,High,Ambient,5,7,3,In Stock,1.19,107,70,1,4.2,2026-02-15,100
INV00002680,DS010,Tambaram,High,P0070,Bisleri Water 2L,Cold Drinks & Juices,35,High,Ambient,3,5,3,Low Stock,0.78,70,50,0,3.8,2026-02-15,105
INV00002681,DS010,Tambaram,High,P0071,Kinley Water 1L,Cold Drinks & Juices,20,High,Ambient,6,8,3,In Stock,1.17,105,72,2,5.1,2026-02-10,120
INV00002682,DS010,Tambaram,High,P0072,Aquafina Water 1L,Cold Drinks & Juices,20,Medium,Ambient,5,5,3,In Stock,0.39,35,25,1,12.8,2026-02-12,100
INV00002683,DS010,Tambaram,High,P0073,Red Bull Energy Drink 250ml,Cold Drinks & Juices,125,Medium,Refrigerated,3,5,3,Low Stock,0.5,45,32,1,6.0,2026-02-10,375
INV00002684,DS010,Tambaram,High,P0074,Sting Energy Drink 250ml,Cold Drinks & Juices,20,Medium,Refrigerated,2,5,3,Low Stock,0.64,58,36,0,3.1,2026-02-11,40
INV00002685,DS010,Tambaram,High,P0075,Monster Energy Drink 500ml,Cold Drinks & Juices,150,Medium,Refrigerated,4,5,3,In Stock,0.33,30,21,0,12.1,2026-02-10,600
INV00002686,DS010,Tambaram,High,P0076,Real Fruit Juice Mixed Fruit 1L,Cold Drinks & Juices,130,Medium,Refrigerated,2,5,3,Low Stock,0.48,43,27,1,4.2,2026-02-11,260
INV00002687,DS010,Tambaram,High,P0077,Real Fruit Juice Mango 1L,Cold Drinks & Juices,130,High,Refrigerated,5,11,3,In Stock,1.48,133,89,0,3.4,2026-02-15,650
INV00002688,DS010,Tambaram,High,P0078,Tropicana Orange 1L,Cold Drinks & Juices,145,High,Refrigerated,7,7,3,In Stock,1.0,90,61,1,7.0,2026-02-13,1015
INV00002689,DS010,Tambaram,High,P0079,Tropicana Mixed Fruit 1L,Cold Drinks & Juices,145,High,Refrigerated,12,22,6,In Stock,0.0,0,0,0,999.0,2026-02-12,1740
INV00002690,DS010,Tambaram,High,P0080,Minute Maid Pulpy Orange 400ml,Cold Drinks & Juices,45,Medium,Refrigerated,4,5,3,In Stock,0.52,47,30,0,7.7,2026-02-09,180
INV00002691,DS010,Tambaram,High,P0081,Frooti Mango Drink 160ml,Cold Drinks & Juices,10,High,Refrigerated,5,9,3,In Stock,1.27,114,75,2,3.9,2026-02-14,50
INV00002692,DS010,Tambaram,High,P0082,Frooti Mango Drink 1.2L,Cold Drinks & Juices,60,High,Refrigerated,7,9,3,In Stock,1.33,120,77,1,5.3,2026-02-11,420
INV00002693,DS010,Tambaram,High,P0083,Maaza Mango Drink 1.2L,Cold Drinks & Juices,60,High,Refrigerated,5,8,3,In Stock,1.29,116,81,2,3.9,2026-02-14,300
INV00002694,DS010,Tambaram,High,P0084,Paper Boat Aam Panna 250ml,Cold Drinks & Juices,40,Medium,Refrigerated,2,5,3,Low Stock,0.41,37,27,0,4.9,2026-02-09,80
INV00002695,DS010,Tambaram,High,P0085,Paper Boat Jaljeera 250ml,Cold Drinks & Juices,40,High,Refrigerated,6,7,3,In Stock,1.37,123,82,0,4.4,2026-02-12,240
INV00002696,DS010,Tambaram,High,P0086,Rasna Orange 750ml,Cold Drinks & Juices,35,High,Refrigerated,6,11,3,In Stock,1.51,136,88,1,4.0,2026-02-09,210
INV00002697,DS010,Tambaram,High,P0087,Tang Instant Drink 750g,Cold Drinks & Juices,320,Medium,Refrigerated,2,5,3,Low Stock,0.6,54,42,0,3.3,2026-02-10,640
INV00002698,DS010,Tambaram,High,P0088,Nestle Iced Tea Lemon 500ml,Cold Drinks & Juices,40,High,Refrigerated,6,6,3,In Stock,0.87,78,56,1,6.9,2026-02-13,240
INV00002699,DS010,Tambaram,High,P0089,Lays Classic Salted 50g,Snacks & Munchies,20,High,Ambient,7,7,3,In Stock,1.01,91,75,0,6.9,2026-02-12,140
INV00002700,DS010,Tambaram,High,P0090,Lays Classic Salted 90g,Snacks & Munchies,35,Medium,Ambient,3,5,3,Low Stock,0.26,23,21,2,11.5,2026-02-14,105
INV00002701,DS010,Tambaram,High,P0091,Lays American Style Cream & Onion 50g,Snacks & Munchies,20,High,Ambient,5,7,3,In Stock,0.99,89,77,1,5.1,2026-02-14,100
INV00002702,DS010,Tambaram,High,P0092,Kurkure Masala Munch 90g,Snacks & Munchies,20,High,Ambient,4,6,3,In Stock,1.08,97,87,0,3.7,2026-02-12,80
INV00002703,DS010,Tambaram,High,P0093,Kurkure Solid Masti 90g,Snacks & Munchies,20,Medium,Ambient,7,13,3,In Stock,0.0,0,0,0,999.0,2026-02-11,140
INV00002704,DS010,Tambaram,High,P0094,Bingo Mad Angles 72g,Snacks & Munchies,20,High,Ambient,5,7,3,In Stock,1.1,99,86,1,4.5,2026-02-15,100
INV00002705,DS010,Tambaram,High,P0095,Doritos Nacho Cheese 150g,Snacks & Munchies,75,High,Ambient,5,8,3,In Stock,1.13,102,86,2,4.4,2026-02-14,375
INV00002706,DS010,Tambaram,High,P0096,Pringles Original 107g,Snacks & Munchies,130,High,Ambient,2,6,3,Low Stock,1.01,91,79,1,2.0,2026-02-09,260
INV00002707,DS010,Tambaram,High,P0097,Haldirams Aloo Bhujia 200g,Snacks & Munchies,50,High,Ambient,2,5,3,Low Stock,0.84,76,68,0,2.4,2026-02-09,100
INV00002708,DS010,Tambaram,High,P0098,Haldirams Moong Dal 200g,Snacks & Munchies,55,High,Ambient,4,6,3,In Stock,1.13,102,88,1,3.5,2026-02-10,220
INV00002709,DS010,Tambaram,High,P0099,Haldirams Sev Bhujia 400g,Snacks & Munchies,95,High,Ambient,2,5,3,Low Stock,0.9,81,73,2,2.2,2026-02-12,190
INV00002710,DS010,Tambaram,High,P0100,Bikaji Bhujia 200g,Snacks & Munchies,48,High,Ambient,4,9,3,In Stock,1.2,108,97,0,3.3,2026-02-10,192
INV00002711,DS010,Tambaram,High,P0101,Parle G Biscuits 376g,Snacks & Munchies,40,High,Ambient,2,5,3,Low Stock,0.83,75,69,2,2.4,2026-02-15,80
INV00002712,DS010,Tambaram,High,P0102,Britannia Good Day Butter 600g,Snacks & Munchies,80,High,Ambient,7,6,3,In Stock,0.92,83,72,1,7.6,2026-02-12,560
INV00002713,DS010,Tambaram,High,P0103,Britannia Marie Gold 250g,Snacks & Munchies,32,High,Ambient,2,6,3,Low Stock,1.12,101,83,0,1.8,2026-02-14,64
INV00002714,DS010,Tambaram,High,P0104,Sunfeast Dark Fantasy 300g,Snacks & Munchies,110,High,Ambient,3,6,3,Low Stock,1.0,90,81,2,3.0,2026-02-12,330
INV00002715,DS010,Tambaram,High,P0105,Oreo Original 300g,Snacks & Munchies,40,High,Ambient,3,5,3,Low Stock,0.8,72,63,1,3.8,2026-02-09,120
INV00002716,DS010,Tambaram,High,P0106,Hide & Seek 240g,Snacks & Munchies,50,High,Ambient,2,6,3,Low Stock,1.13,102,88,1,1.8,2026-02-12,100
INV00002717,DS010,Tambaram,High,P0107,Monaco Classic 200g,Snacks & Munchies,25,Medium,Ambient,5,5,3,In Stock,0.5,45,36,0,10.0,2026-02-15,125
INV00002718,DS010,Tambaram,High,P0108,Parle 20-20 Cashew Cookies 400g,Snacks & Munchies,55,Medium,Ambient,3,5,3,Low Stock,0.43,39,32,0,7.0,2026-02-10,165
INV00002719,DS010,Tambaram,High,P0109,Cadbury Dairy Milk Silk 60g,Snacks & Munchies,100,High,Ambient,4,8,3,In Stock,1.06,95,85,0,3.8,2026-02-15,400
INV00002720,DS010,Tambaram,High,P0110,KitKat 4 Finger 37.3g,Snacks & Munchies,40,High,Ambient,15,15,4,In Stock,0.0,0,0,0,999.0,2026-02-10,600
INV00002721,DS010,Tambaram,High,P0111,5 Star Chocolate 40g,Snacks & Munchies,25,High,Ambient,6,6,3,In Stock,0.94,85,77,1,6.4,2026-02-11,150
INV00002722,DS010,Tambaram,High,P0112,Snickers 50g,Snacks & Munchies,40,High,Ambient,6,6,3,In Stock,1.12,101,86,1,5.4,2026-02-13,240
INV00002723,DS010,Tambaram,High,P0113,Munch Chocolate 30g,Snacks & Munchies,20,High,Ambient,5,6,3,In Stock,0.91,82,70,2,5.5,2026-02-13,100
INV00002724,DS010,Tambaram,High,P0114,Too Yumm Veggie Stix 56g,Snacks & Munchies,35,High,Ambient,7,7,3,In Stock,1.19,107,93,2,5.9,2026-02-11,245
INV00002725,DS010,Tambaram,High,P0115,Act II Popcorn Butter 60g,Snacks & Munchies,50,High,Ambient,4,9,3,In Stock,1.18,106,93,1,3.4,2026-02-13,200
INV00002726,DS010,Tambaram,High,P0116,Cornitos Nacho Chips 150g,Snacks & Munchies,70,Medium,Ambient,4,5,3,In Stock,0.36,32,30,0,11.1,2026-02-10,280
INV00002727,DS010,Tambaram,High,P0117,Maggi Masala Noodles 70g,Breakfast & Instant Food,14,High,Ambient,6,7,3,In Stock,1.09,98,79,1,5.5,2026-02-09,84
INV00002728,DS010,Tambaram,High,P0118,Maggi Masala Noodles 280g (4pack),Breakfast & Instant Food,52,High,Ambient,4,8,3,In Stock,1.12,101,84,2,3.6,2026-02-10,208
INV00002729,DS010,Tambaram,High,P0119,Maggi Atta Noodles 320g,Breakfast & Instant Food,54,Medium,Ambient,2,5,3,Low Stock,0.37,33,27,0,5.4,2026-02-09,108
INV00002730,DS010,Tambaram,High,P0120,Top Ramen Curry 280g,Breakfast & Instant Food,48,Medium,Ambient,4,5,3,In Stock,0.42,38,33,1,9.5,2026-02-15,192
INV00002731,DS010,Tambaram,High,P0121,Yippee Magic Masala 240g,Breakfast & Instant Food,42,Medium,Ambient,4,5,3,In Stock,0.46,41,36,0,8.7,2026-02-11,168
INV00002732,DS010,Tambaram,High,P0122,Sunfeast Yippee 420g,Breakfast & Instant Food,60,High,Ambient,8,7,3,In Stock,0.93,84,75,0,8.6,2026-02-13,480
INV00002733,DS010,Tambaram,High,P0123,Knorr Chicken Soup 40g,Breakfast & Instant Food,35,High,Ambient,9,8,3,In Stock,1.07,96,84,0,8.4,2026-02-13,315
INV00002734,DS010,Tambaram,High,P0124,Knorr Hot & Sour Veg Soup 42g,Breakfast & Instant Food,35,High,Ambient,6,6,3,In Stock,1.01,91,75,2,5.9,2026-02-12,210
INV00002735,DS010,Tambaram,High,P0125,Maggi Hot Heads 73g,Breakfast & Instant Food,25,High,Ambient,4,7,3,In Stock,0.94,85,70,2,4.3,2026-02-14,100
INV00002736,DS010,Tambaram,High,P0126,Pasta Treat Penne 500g,Breakfast & Instant Food,85,High,Ambient,6,7,3,In Stock,1.11,100,85,0,5.4,2026-02-12,510
INV00002737,DS010,Tambaram,High,P0127,MTR Idli Mix 500g,Breakfast & Instant Food,75,Medium,Ambient,5,5,3,In Stock,0.46,41,34,1,10.9,2026-02-09,375
INV00002738,DS010,Tambaram,High,P0128,MTR Dosa Mix 500g,Breakfast & Instant Food,75,High,Ambient,3,6,3,Low Stock,0.9,81,66,1,3.3,2026-02-10,225
INV00002739,DS010,Tambaram,High,P0129,MTR Rava Idli 500g,Breakfast & Instant Food,70,Medium,Ambient,2,5,3,Low Stock,0.39,35,31,2,5.1,2026-02-11,140
INV00002740,DS010,Tambaram,High,P0130,ID Fresh Idli Batter 1kg,Breakfast & Instant Food,75,Medium,Ambient,2,5,3,Low Stock,0.6,54,42,2,3.3,2026-02-10,150
INV00002741,DS010,Tambaram,High,P0131,ID Fresh Dosa Batter 1kg,Breakfast & Instant Food,75,Medium,Ambient,3,5,3,Low Stock,0.29,26,24,1,10.3,2026-02-13,225
INV00002742,DS010,Tambaram,High,P0132,Saffola Masala Oats 400g,Breakfast & Instant Food,145,High,Ambient,5,5,3,In Stock,0.91,82,76,2,5.5,2026-02-13,725
INV00002743,DS010,Tambaram,High,P0133,Quaker Oats 1kg,Breakfast & Instant Food,185,High,Ambient,6,6,3,In Stock,0.94,85,71,1,6.4,2026-02-13,1110
INV00002744,DS010,Tambaram,High,P0134,Kelloggs Corn Flakes 875g,Breakfast & Instant Food,340,High,Ambient,3,5,3,Low Stock,0.8,72,63,1,3.8,2026-02-12,1020
INV00002745,DS010,Tambaram,High,P0135,Kelloggs Chocos 375g,Breakfast & Instant Food,185,High,Ambient,2,6,3,Low Stock,0.89,80,69,1,2.2,2026-02-11,370
INV00002746,DS010,Tambaram,High,P0136,Nestle Ceregrow 300g,Breakfast & Instant Food,395,Medium,Ambient,2,5,3,Low Stock,0.42,38,33,2,4.8,2026-02-09,790
INV00002747,DS010,Tambaram,High,P0137,MTR Vermicelli Roasted 440g,Breakfast & Instant Food,55,Medium,Ambient,3,5,3,Low Stock,0.4,36,31,1,7.5,2026-02-14,165
INV00002748,DS010,Tambaram,High,P0138,Bambino Vermicelli 175g,Breakfast & Instant Food,25,High,Ambient,2,5,3,Low Stock,0.87,78,70,0,2.3,2026-02-10,50
INV00002749,DS010,Tambaram,High,P0139,Haldiram Moong Dal 200g,Breakfast & Instant Food,55,High,Ambient,7,7,3,In Stock,0.99,89,77,0,7.1,2026-02-14,385
INV00002750,DS010,Tambaram,High,P0140,McCain French Fries 420g,Breakfast & Instant Food,145,High,Ambient,7,6,3,In Stock,0.99,89,80,2,7.1,2026-02-11,1015
INV00002751,DS010,Tambaram,High,P0141,McCain Veggie Fingers 360g,Breakfast & Instant Food,180,High,Ambient,8,8,3,In Stock,1.01,91,79,1,7.9,2026-02-15,1440
INV00002752,DS010,Tambaram,High,P0142,Aashirvaad Atta 5kg,"Atta, Rice & Dal",240,High,Ambient,2,5,3,Low Stock,0.68,61,54,1,2.9,2026-02-11,480
INV00002753,DS010,Tambaram,High,P0143,Aashirvaad Atta 10kg,"Atta, Rice & Dal",475,High,Ambient,2,5,3,Low Stock,0.71,64,56,1,2.8,2026-02-09,950
INV00002754,DS010,Tambaram,High,P0144,Fortune Chakki Fresh Atta 5kg,"Atta, Rice & Dal",235,High,Ambient,3,5,3,Low Stock,0.76,68,62,1,3.9,2026-02-12,705
INV00002755,DS010,Tambaram,High,P0145,Pillsbury Chakki Fresh Atta 5kg,"Atta, Rice & Dal",240,High,Ambient,3,5,3,Low Stock,0.62,56,46,1,4.8,2026-02-09,720
INV00002756,DS010,Tambaram,High,P0146,India Gate Basmati Rice 1kg,"Atta, Rice & Dal",190,Medium,Ambient,5,5,3,In Stock,0.17,15,15,0,29.4,2026-02-09,950
INV00002757,DS010,Tambaram,High,P0147,India Gate Basmati Rice 5kg,"Atta, Rice & Dal",900,High,Ambient,5,5,3,In Stock,0.77,69,60,1,6.5,2026-02-14,4500
INV00002758,DS010,Tambaram,High,P0148,Daawat Basmati Rice 1kg,"Atta, Rice & Dal",180,High,Ambient,4,5,3,In Stock,0.64,58,54,0,6.2,2026-02-10,720
INV00002759,DS010,Tambaram,High,P0149,Fortune Biryani Special Basmati 1kg,"Atta, Rice & Dal",170,Medium,Ambient,3,5,3,Low Stock,0.27,24,19,0,11.1,2026-02-12,510
INV00002760,DS010,Tambaram,High,P0150,Sona Masoori Rice 5kg,"Atta, Rice & Dal",280,High,Ambient,21,27,8,In Stock,0.0,0,0,0,999.0,2026-02-15,5880
INV00002761,DS010,Tambaram,High,P0151,Ponni Boiled Rice 5kg,"Atta, Rice & Dal",250,High,Ambient,2,5,3,Low Stock,0.63,57,51,2,3.2,2026-02-13,500
INV00002762,DS010,Tambaram,High,P0152,Tata Sampann Toor Dal 1kg,"Atta, Rice & Dal",160,High,Ambient,4,5,3,In Stock,0.73,66,60,1,5.5,2026-02-14,640
INV00002763,DS010,Tambaram,High,P0153,Tata Sampann Moong Dal 500g,"Atta, Rice & Dal",85,Medium,Ambient,4,5,3,In Stock,0.43,39,31,0,9.3,2026-02-12,340
INV00002764,DS010,Tambaram,High,P0154,Tata Sampann Chana Dal 1kg,"Atta, Rice & Dal",155,High,Ambient,4,5,3,In Stock,0.8,72,60,0,5.0,2026-02-14,620
INV00002765,DS010,Tambaram,High,P0155,Tata Sampann Masoor Dal 500g,"Atta, Rice & Dal",75,High,Ambient,2,5,3,Low Stock,0.61,55,49,2,3.3,2026-02-10,150
INV00002766,DS010,Tambaram,High,P0156,Tata Sampann Urad Dal 500g,"Atta, Rice & Dal",90,High,Ambient,5,5,3,In Stock,0.61,55,51,1,8.2,2026-02-14,450
INV00002767,DS010,Tambaram,High,P0157,Rajma 500g,"Atta, Rice & Dal",110,High,Ambient,3,5,3,Low Stock,0.79,71,65,1,3.8,2026-02-14,330
INV00002768,DS010,Tambaram,High,P0158,Kabuli Chana 500g,"Atta, Rice & Dal",95,High,Ambient,3,5,3,Low Stock,0.59,53,45,1,5.1,2026-02-13,285
INV00002769,DS010,Tambaram,High,P0159,Tata Salt 1kg,"Atta, Rice & Dal",22,Medium,Ambient,2,5,3,Low Stock,0.26,23,20,2,7.7,2026-02-12,44
INV00002770,DS010,Tambaram,High,P0160,Tata Salt Lite 1kg,"Atta, Rice & Dal",52,High,Ambient,4,5,3,In Stock,0.7,63,52,0,5.7,2026-02-13,208
INV00002771,DS010,Tambaram,High,P0161,Catch Salt 1kg,"Atta, Rice & Dal",20,Medium,Ambient,5,5,3,In Stock,0.31,28,24,2,16.1,2026-02-09,100
INV00002772,DS010,Tambaram,High,P0162,Sugar 1kg,"Atta, Rice & Dal",45,High,Ambient,2,5,3,Low Stock,0.6,54,45,2,3.3,2026-02-10,90
INV00002773,DS010,Tambaram,High,P0163,Brown Sugar 500g,"Atta, Rice & Dal",50,High,Ambient,4,5,3,In Stock,0.66,59,48,1,6.1,2026-02-13,200
INV00002774,DS010,Tambaram,High,P0164,Jaggery Powder 500g,"Atta, Rice & Dal",65,High,Ambient,23,26,7,In Stock,0.0,0,0,0,999.0,2026-02-13,1495
INV00002775,DS010,Tambaram,High,P0165,Rava Medium 500g,"Atta, Rice & Dal",35,High,Ambient,5,5,3,In Stock,0.67,60,48,1,7.5,2026-02-15,175
INV00002776,DS010,Tambaram,High,P0166,Poha Thick 500g,"Atta, Rice & Dal",45,High,Ambient,4,5,3,In Stock,0.79,71,61,1,5.1,2026-02-13,180
INV00002777,DS010,Tambaram,High,P0167,Sabudana 500g,"Atta, Rice & Dal",75,High,Ambient,3,6,3,Low Stock,0.86,77,67,0,3.5,2026-02-14,225
INV00002778,DS010,Tambaram,High,P0168,MDH Deggi Mirch 100g,"Masala, Oil & More",85,Medium,Ambient,3,5,3,Low Stock,0.28,25,23,1,10.7,2026-02-13,255
INV00002779,DS010,Tambaram,High,P0169,MDH Garam Masala 100g,"Masala, Oil & More",90,High,Ambient,3,5,3,Low Stock,0.52,47,41,2,5.8,2026-02-13,270
INV00002780,DS010,Tambaram,High,P0170,MDH Chana Masala 100g,"Masala, Oil & More",85,Low,Ambient,2,5,3,Low Stock,0.14,13,11,1,14.3,2026-02-10,170
INV00002781,DS010,Tambaram,High,P0171,Everest Turmeric Powder 200g,"Masala, Oil & More",95,High,Ambient,2,5,3,Low Stock,0.79,71,63,1,2.5,2026-02-10,190
INV00002782,DS010,Tambaram,High,P0172,Everest Red Chilli Powder 200g,"Masala, Oil & More",105,Medium,Ambient,4,5,3,In Stock,0.19,17,16,1,21.1,2026-02-12,420
INV00002783,DS010,Tambaram,High,P0173,Everest Coriander Powder 200g,"Masala, Oil & More",65,Medium,Ambient,4,5,3,In Stock,0.38,34,30,0,10.5,2026-02-13,260
INV00002784,DS010,Tambaram,High,P0174,Catch Cumin Powder 100g,"Masala, Oil & More",70,High,Ambient,3,5,3,Low Stock,0.54,49,44,2,5.6,2026-02-10,210
INV00002785,DS010,Tambaram,High,P0175,Catch Chat Masala 100g,"Masala, Oil & More",60,High,Ambient,3,5,3,Low Stock,0.6,54,50,1,5.0,2026-02-11,180
INV00002786,DS010,Tambaram,High,P0176,Ching Secret Manchurian 60g,"Masala, Oil & More",65,Low,Ambient,3,5,3,Low Stock,0.18,16,15,2,16.7,2026-02-10,195
INV00002787,DS010,Tambaram,High,P0177,Maggi Magic Cubes 40g,"Masala, Oil & More",20,Medium,Ambient,4,5,3,In Stock,0.3,27,23,1,13.3,2026-02-14,80
INV00002788,DS010,Tambaram,High,P0178,Kissan Fresh Tomato Ketchup 900g,"Masala, Oil & More",120,High,Ambient,2,6,3,Low Stock,0.79,71,64,2,2.5,2026-02-13,240
INV00002789,DS010,Tambaram,High,P0179,Kissan Tomato Sauce 1kg,"Masala, Oil & More",125,High,Ambient,4,5,3,In Stock,0.66,59,53,0,6.1,2026-02-14,500
INV00002790,DS010,Tambaram,High,P0180,Maggi Hot & Sweet Sauce 1kg,"Masala, Oil & More",140,High,Ambient,3,5,3,Low Stock,0.54,49,44,2,5.6,2026-02-15,420
INV00002791,DS010,Tambaram,High,P0181,Fortune Sunflower Oil 1L,"Masala, Oil & More",160,Low,Ambient,5,5,3,In Stock,0.0,0,0,0,999.0,2026-02-11,800
INV00002792,DS010,Tambaram,High,P0182,Fortune Refined Oil 5L,"Masala, Oil & More",750,Medium,Ambient,5,5,3,In Stock,0.17,15,12,1,29.4,2026-02-10,3750
INV00002793,DS010,Tambaram,High,P0183,Sundrop Sunflower Oil 1L,"Masala, Oil & More",155,Medium,Ambient,3,5,3,Low Stock,0.3,27,24,0,10.0,2026-02-12,465
INV00002794,DS010,Tambaram,High,P0184,Dhara Refined Oil 1L,"Masala, Oil & More",150,Medium,Ambient,2,5,3,Low Stock,0.31,28,25,1,6.5,2026-02-14,300
INV00002795,DS010,Tambaram,High,P0185,Fortune Mustard Oil 1L,"Masala, Oil & More",185,High,Ambient,3,5,3,Low Stock,0.68,61,58,0,4.4,2026-02-11,555
INV00002796,DS010,Tambaram,High,P0186,KS Gingelly Oil 500ml,"Masala, Oil & More",200,Medium,Ambient,5,5,3,In Stock,0.38,34,31,0,13.2,2026-02-13,1000
INV00002797,DS010,Tambaram,High,P0187,Parachute Coconut Oil 500ml,"Masala, Oil & More",195,High,Ambient,4,5,3,In Stock,0.58,52,47,2,6.9,2026-02-12,780
INV00002798,DS010,Tambaram,High,P0188,Saffola Gold Oil 1L,"Masala, Oil & More",250,High,Ambient,2,5,3,Low Stock,0.74,67,55,2,2.7,2026-02-12,500
INV00002799,DS010,Tambaram,High,P0189,Ghee 500ml,"Masala, Oil & More",295,Low,Ambient,3,5,3,Low Stock,0.17,15,13,1,17.6,2026-02-10,885
INV00002800,DS010,Tambaram,High,P0190,Amul Pure Ghee 500ml,"Masala, Oil & More",340,Medium,Ambient,2,5,3,Low Stock,0.33,30,28,1,6.1,2026-02-12,680
INV00002801,DS010,Tambaram,High,P0191,Dalda Vanaspati 1L,"Masala, Oil & More",200,High,Ambient,4,5,3,In Stock,0.84,76,64,2,4.8,2026-02-10,800
INV00002802,DS010,Tambaram,High,P0192,Nutella Hazelnut Spread 350g,Sauces & Spreads,385,Medium,Ambient,2,5,3,Low Stock,0.32,29,22,0,6.2,2026-02-12,770
INV00002803,DS010,Tambaram,High,P0193,Kissan Mixed Fruit Jam 500g,Sauces & Spreads,140,Medium,Ambient,3,5,3,Low Stock,0.23,21,19,1,13.0,2026-02-14,420
INV00002804,DS010,Tambaram,High,P0194,Kissan Pineapple Jam 500g,Sauces & Spreads,135,Medium,Ambient,3,5,3,Low Stock,0.24,22,18,0,12.5,2026-02-10,405
INV00002805,DS010,Tambaram,High,P0195,Mapro Mango Jam 500g,Sauces & Spreads,155,Low,Ambient,4,5,3,In Stock,0.17,15,13,1,23.5,2026-02-10,620
INV00002806,DS010,Tambaram,High,P0196,Hersheys Chocolate Syrup 623g,Sauces & Spreads,325,Medium,Ambient,4,5,3,In Stock,0.3,27,25,2,13.3,2026-02-10,1300
INV00002807,DS010,Tambaram,High,P0197,Veeba Mayonnaise 250g,Sauces & Spreads,85,Low,Ambient,4,5,3,In Stock,0.14,13,12,0,28.6,2026-02-12,340
INV00002808,DS010,Tambaram,High,P0198,Funfoods Peri Peri Sauce 325g,Sauces & Spreads,130,Medium,Ambient,5,5,3,In Stock,0.33,30,26,1,15.2,2026-02-10,650
INV00002809,DS010,Tambaram,High,P0199,Veeba Sandwich Spread 275g,Sauces & Spreads,90,Medium,Ambient,3,5,3,Low Stock,0.3,27,22,0,10.0,2026-02-10,270
INV00002810,DS010,Tambaram,High,P0200,Ching Red Chilli Sauce 680g,Sauces & Spreads,115,Low,Ambient,3,5,3,Low Stock,0.07,6,5,2,42.9,2026-02-14,345
INV00002811,DS010,Tambaram,High,P0201,Ching Green Chilli Sauce 190g,Sauces & Spreads,60,Medium,Ambient,13,15,4,In Stock,0.0,0,0,0,999.0,2026-02-10,780
INV00002812,DS010,Tambaram,High,P0202,Del Monte Pasta Sauce 400g,Sauces & Spreads,145,Low,Ambient,5,5,3,In Stock,0.13,12,11,1,38.5,2026-02-12,725
INV00002813,DS010,Tambaram,High,P0203,Maggi Pichkoo 90g,Sauces & Spreads,45,Medium,Ambient,4,5,3,In Stock,0.26,23,18,2,15.4,2026-02-14,180
INV00002814,DS010,Tambaram,High,P0204,Tata Tea Gold 1kg,"Tea, Coffee & Health Drinks",490,High,Ambient,5,5,3,In Stock,0.8,72,64,2,6.2,2026-02-13,2450
INV00002815,DS010,Tambaram,High,P0205,Tata Tea Premium 1kg,"Tea, Coffee & Health Drinks",460,Medium,Ambient,5,5,3,In Stock,0.24,22,20,0,20.8,2026-02-09,2300
INV00002816,DS010,Tambaram,High,P0206,Red Label Natural Care 1kg,"Tea, Coffee & Health Drinks",440,Medium,Ambient,5,5,3,In Stock,0.52,47,38,0,9.6,2026-02-13,2200
INV00002817,DS010,Tambaram,High,P0207,Brooke Bond Taj Mahal 1kg,"Tea, Coffee & Health Drinks",520,High,Ambient,6,7,3,In Stock,0.91,82,73,1,6.6,2026-02-10,3120
INV00002818,DS010,Tambaram,High,P0208,Society Tea 1kg,"Tea, Coffee & Health Drinks",380,High,Ambient,8,7,3,In Stock,1.17,105,96,2,6.8,2026-02-11,3040
INV00002819,DS010,Tambaram,High,P0209,Nescafe Classic 50g,"Tea, Coffee & Health Drinks",215,High,Ambient,4,5,3,In Stock,0.83,75,66,2,4.8,2026-02-10,860
INV00002820,DS010,Tambaram,High,P0210,Bru Instant Coffee 50g,"Tea, Coffee & Health Drinks",175,High,Ambient,2,5,3,Low Stock,0.71,64,57,1,2.8,2026-02-13,350
INV00002821,DS010,Tambaram,High,P0211,Nescafe Sunrise Premium 50g,"Tea, Coffee & Health Drinks",145,High,Ambient,6,6,3,In Stock,1.04,94,83,0,5.8,2026-02-11,870
INV00002822,DS010,Tambaram,High,P0212,Bru Gold 100g,"Tea, Coffee & Health Drinks",345,High,Ambient,7,7,3,In Stock,1.0,90,79,0,7.0,2026-02-09,2415
INV00002823,DS010,Tambaram,High,P0213,Horlicks Classic Malt 500g,"Tea, Coffee & Health Drinks",285,Medium,Ambient,3,5,3,Low Stock,0.46,41,34,1,6.5,2026-02-15,855
INV00002824,DS010,Tambaram,High,P0214,Boost Health Drink 500g,"Tea, Coffee & Health Drinks",265,High,Ambient,6,6,3,In Stock,0.83,75,67,1,7.2,2026-02-15,1590
INV00002825,DS010,Tambaram,High,P0215,Complan Chocolate 500g,"Tea, Coffee & Health Drinks",360,Medium,Ambient,2,5,3,Low Stock,0.33,30,28,2,6.1,2026-02-09,720
INV00002826,DS010,Tambaram,High,P0216,Bournvita 500g,"Tea, Coffee & Health Drinks",250,High,Ambient,6,6,3,In Stock,0.8,72,64,2,7.5,2026-02-09,1500
INV00002827,DS010,Tambaram,High,P0217,Milo 400g,"Tea, Coffee & Health Drinks",245,Medium,Ambient,2,5,3,Low Stock,0.37,33,28,1,5.4,2026-02-10,490
INV00002828,DS010,Tambaram,High,P0218,Proteinex Powder 250g,"Tea, Coffee & Health Drinks",285,High,Ambient,3,6,3,Low Stock,0.96,86,70,2,3.1,2026-02-14,855
INV00002829,DS010,Tambaram,High,P0219,Green Tea 100 Bags,"Tea, Coffee & Health Drinks",350,High,Ambient,2,5,3,Low Stock,0.89,80,67,0,2.2,2026-02-13,700
INV00002830,DS010,Tambaram,High,P0220,Lipton Green Tea 25 Bags,"Tea, Coffee & Health Drinks",125,High,Ambient,3,6,3,Low Stock,0.84,76,68,1,3.6,2026-02-09,375
INV00002831,DS010,Tambaram,High,P0221,Vim Dishwash Gel 750ml,Cleaning & Household,95,High,Ambient,2,5,3,Low Stock,0.57,51,44,2,3.5,2026-02-10,190
INV00002832,DS010,Tambaram,High,P0222,Vim Dishwash Bar 600g,Cleaning & Household,55,Medium,Ambient,2,5,3,Low Stock,0.26,23,18,0,7.7,2026-02-13,110
INV00002833,DS010,Tambaram,High,P0223,Pril Dishwash Liquid 750ml,Cleaning & Household,105,High,Ambient,5,5,3,In Stock,0.57,51,42,1,8.8,2026-02-13,525
INV00002834,DS010,Tambaram,High,P0224,Lizol Floor Cleaner 975ml,Cleaning & Household,185,Low,Ambient,2,5,3,Low Stock,0.13,12,12,0,15.4,2026-02-12,370
INV00002835,DS010,Tambaram,High,P0225,Harpic Toilet Cleaner 1L,Cleaning & Household,165,Medium,Ambient,5,5,3,In Stock,0.4,36,30,1,12.5,2026-02-10,825
INV00002836,DS010,Tambaram,High,P0226,Domex Toilet Cleaner 1L,Cleaning & Household,135,High,Ambient,4,5,3,In Stock,0.74,67,62,0,5.4,2026-02-10,540
INV00002837,DS010,Tambaram,High,P0227,Colin Glass Cleaner 500ml,Cleaning & Household,155,Medium,Ambient,5,5,3,In Stock,0.21,19,16,2,23.8,2026-02-15,775
INV00002838,DS010,Tambaram,High,P0228,Surf Excel Matic 2kg,Cleaning & Household,365,Low,Ambient,5,5,3,In Stock,0.11,10,9,0,45.5,2026-02-11,1825
INV00002839,DS010,Tambaram,High,P0229,Ariel Matic 2kg,Cleaning & Household,395,Medium,Ambient,2,5,3,Low Stock,0.31,28,23,1,6.5,2026-02-15,790
INV00002840,DS010,Tambaram,High,P0230,Tide Plus 2kg,Cleaning & Household,285,High,Ambient,4,5,3,In Stock,0.69,62,55,1,5.8,2026-02-14,1140
INV00002841,DS010,Tambaram,High,P0231,Comfort Fabric Conditioner 860ml,Cleaning & Household,195,Medium,Ambient,2,5,3,Low Stock,0.24,22,20,2,8.3,2026-02-12,390
INV00002842,DS010,Tambaram,High,P0232,Rin Detergent Bar 250g,Cleaning & Household,35,Medium,Ambient,3,5,3,Low Stock,0.28,25,20,2,10.7,2026-02-11,105
INV00002843,DS010,Tambaram,High,P0233,Godrej aer Spray 240ml,Cleaning & Household,199,Low,Ambient,5,5,3,In Stock,0.07,6,4,0,71.4,2026-02-15,995
INV00002844,DS010,Tambaram,High,P0234,Good Knight Activ+ Refill 45ml,Cleaning & Household,115,High,Ambient,4,5,3,In Stock,0.74,67,61,0,5.4,2026-02-10,460
INV00002845,DS010,Tambaram,High,P0235,All Out Refill 45ml,Cleaning & Household,95,High,Ambient,11,18,5,In Stock,0.0,0,0,0,999.0,2026-02-15,1045
INV00002846,DS010,Tambaram,High,P0236,Mortein Insect Spray 425ml,Cleaning & Household,225,Medium,Ambient,4,5,3,In Stock,0.19,17,16,0,21.1,2026-02-12,900
INV00002847,DS010,Tambaram,High,P0237,Hit Cockroach Killer 625ml,Cleaning & Household,245,High,Ambient,3,5,3,Low Stock,0.74,67,63,2,4.1,2026-02-14,735
INV00002848,DS010,Tambaram,High,P0238,Scotch Brite Scrub Pad 3pc,Cleaning & Household,75,High,Ambient,3,5,3,Low Stock,0.79,71,59,0,3.8,2026-02-10,225
INV00002849,DS010,Tambaram,High,P0239,Savlon Handwash 750ml,Cleaning & Household,135,High,Ambient,5,5,3,In Stock,0.71,64,56,0,7.0,2026-02-10,675
INV00002850,DS010,Tambaram,High,P0240,Dettol Handwash 750ml,Cleaning & Household,155,Low,Ambient,5,5,3,In Stock,0.11,10,9,1,45.5,2026-02-11,775
INV00002851,DS010,Tambaram,High,P0241,Origami Tissues 100 Pulls,Cleaning & Household,45,Medium,Ambient,4,5,3,In Stock,0.36,32,27,1,11.1,2026-02-14,180
INV00002852,DS010,Tambaram,High,P0242,Dettol Soap 125g (4 pack),Personal Care,145,High,Ambient,2,5,3,Low Stock,0.67,60,55,0,3.0,2026-02-13,290
INV00002853,DS010,Tambaram,High,P0243,Lifebuoy Soap 125g (4 pack),Personal Care,115,High,Ambient,4,5,3,In Stock,0.7,63,55,2,5.7,2026-02-10,460
INV00002854,DS010,Tambaram,High,P0244,Dove Soap 125g (3 pack),Personal Care,180,Medium,Ambient,5,5,3,In Stock,0.2,18,16,2,25.0,2026-02-11,900
INV00002855,DS010,Tambaram,High,P0245,Pears Soap 125g (3 pack),Personal Care,150,High,Ambient,18,25,7,In Stock,0.0,0,0,0,999.0,2026-02-14,2700
INV00002856,DS010,Tambaram,High,P0246,Lux Soap 125g (3 pack),Personal Care,125,High,Ambient,4,5,3,In Stock,0.61,55,47,0,6.6,2026-02-13,500
INV00002857,DS010,Tambaram,High,P0247,Clinic Plus Shampoo 650ml,Personal Care,265,Low,Ambient,3,5,3,Low Stock,0.08,7,5,0,37.5,2026-02-09,795
INV00002858,DS010,Tambaram,High,P0248,Pantene Shampoo 650ml,Personal Care,385,High,Ambient,2,5,3,Low Stock,0.72,65,54,1,2.8,2026-02-13,770
INV00002859,DS010,Tambaram,High,P0249,Dove Shampoo 650ml,Personal Care,425,Medium,Ambient,5,5,3,In Stock,0.32,29,24,2,15.6,2026-02-12,2125
INV00002860,DS010,Tambaram,High,P0250,Head & Shoulders 650ml,Personal Care,485,High,Ambient,2,5,3,Low Stock,0.8,72,65,2,2.5,2026-02-11,970
INV00002861,DS010,Tambaram,High,P0251,Sunsilk Shampoo 650ml,Personal Care,295,High,Ambient,3,5,3,Low Stock,0.6,54,44,0,5.0,2026-02-09,885
INV00002862,DS010,Tambaram,High,P0252,Colgate Total 300g,Personal Care,185,Medium,Ambient,4,5,3,In Stock,0.29,26,25,2,13.8,2026-02-09,740
INV00002863,DS010,Tambaram,High,P0253,Colgate Maxfresh 150g,Personal Care,105,High,Ambient,4,5,3,In Stock,0.57,51,48,0,7.0,2026-02-15,420
INV00002864,DS010,Tambaram,High,P0254,Pepsodent 200g,Personal Care,85,High,Ambient,2,5,3,Low Stock,0.68,61,55,0,2.9,2026-02-14,170
INV00002865,DS010,Tambaram,High,P0255,Sensodyne Toothpaste 150g,Personal Care,265,Medium,Ambient,4,5,3,In Stock,0.27,24,20,0,14.8,2026-02-12,1060
INV00002866,DS010,Tambaram,High,P0256,Oral B Toothbrush,Personal Care,95,High,Ambient,20,17,5,In Stock,0.0,0,0,0,999.0,2026-02-12,1900
INV00002867,DS010,Tambaram,High,P0257,Gillette Shaving Cream 418g,Personal Care,265,Medium,Ambient,2,5,3,Low Stock,0.22,20,17,2,9.1,2026-02-15,530
INV00002868,DS010,Tambaram,High,P0258,Gillette Mach 3 Razor,Personal Care,285,High,Ambient,5,5,3,In Stock,0.83,75,63,2,6.0,2026-02-13,1425
INV00002869,DS010,Tambaram,High,P0259,Veet Hair Removal Cream 100g,Personal Care,215,High,Ambient,2,5,3,Low Stock,0.68,61,52,2,2.9,2026-02-09,430
INV00002870,DS010,Tambaram,High,P0260,Nivea Body Lotion 400ml,Personal Care,295,High,Ambient,4,5,3,In Stock,0.61,55,47,1,6.6,2026-02-14,1180
INV00002871,DS010,Tambaram,High,P0261,Vaseline Petroleum Jelly 100ml,Personal Care,105,High,Ambient,2,5,3,Low Stock,0.76,68,61,2,2.6,2026-02-10,210
INV00002872,DS010,Tambaram,High,P0262,Ponds Face Cream 100ml,Personal Care,235,Medium,Ambient,4,5,3,In Stock,0.3,27,20,1,13.3,2026-02-12,940
INV00002873,DS010,Tambaram,High,P0263,Fair & Lovely 80g,Personal Care,175,High,Ambient,4,5,3,In Stock,0.74,67,61,0,5.4,2026-02-12,700
INV00002874,DS010,Tambaram,High,P0264,Garnier Face Wash 100g,Personal Care,145,Medium,Ambient,5,5,3,In Stock,0.19,17,14,0,26.3,2026-02-14,725
INV00002875,DS010,Tambaram,High,P0265,Lakmé Face Cream 60g,Personal Care,295,High,Ambient,4,5,3,In Stock,0.48,43,39,2,8.3,2026-02-09,1180
INV00002876,DS010,Tambaram,High,P0266,Johnson Baby Powder 400g,Personal Care,285,High,Ambient,3,5,3,Low Stock,0.73,66,57,0,4.1,2026-02-11,855
INV00002877,DS010,Tambaram,High,P0267,Dettol Handwash Refill 750ml,Personal Care,145,High,Ambient,3,5,3,Low Stock,0.69,62,55,1,4.3,2026-02-13,435
INV00002878,DS010,Tambaram,High,P0268,Savlon Antiseptic Liquid 500ml,Personal Care,165,High,Ambient,14,24,7,In Stock,0.0,0,0,0,999.0,2026-02-14,2310
INV00002879,DS010,Tambaram,High,P0269,Band Aid 10pc,Personal Care,55,Medium,Ambient,3,5,3,Low Stock,0.28,25,21,1,10.7,2026-02-11,165
INV00002880,DS010,Tambaram,High,P0270,Vicks VapoRub 50ml,Personal Care,145,High,Ambient,5,5,3,In Stock,0.7,63,56,0,7.1,2026-02-12,725
INV00002881,DS010,Tambaram,High,P0271,Dettol Antiseptic Liquid 550ml,Personal Care,195,High,Ambient,5,5,3,In Stock,0.7,63,53,0,7.1,2026-02-09,975
INV00002882,DS010,Tambaram,High,P0272,Cotton Buds 100pc,Personal Care,45,High,Ambient,2,5,3,Low Stock,0.72,65,60,1,2.8,2026-02-10,90
INV00002883,DS010,Tambaram,High,P0273,Whisper Ultra XL 15 Pads,Personal Care,185,Medium,Ambient,5,5,3,In Stock,0.2,18,16,1,25.0,2026-02-15,925
INV00002884,DS010,Tambaram,High,P0274,Stayfree Secure XL 20 Pads,Personal Care,195,High,Ambient,5,5,3,In Stock,0.63,57,51,2,7.9,2026-02-11,975
INV00002885,DS010,Tambaram,High,P0275,Sanfe Sanitary Napkins 10pc,Personal Care,155,Medium,Ambient,3,5,3,Low Stock,0.33,30,27,2,9.1,2026-02-15,465
INV00002886,DS010,Tambaram,High,P0276,Pampers Baby Diapers S 20pc,Baby Care,495,Low,Ambient,4,5,3,In Stock,0.2,18,14,1,20.0,2026-02-15,1980
INV00002887,DS010,Tambaram,High,P0277,Pampers Baby Diapers M 18pc,Baby Care,595,Medium,Ambient,3,5,3,Low Stock,0.24,22,19,2,12.5,2026-02-13,1785
INV00002888,DS010,Tambaram,High,P0278,Pampers Baby Diapers L 16pc,Baby Care,695,Low,Ambient,4,5,3,In Stock,0.14,13,10,1,28.6,2026-02-15,2780
INV00002889,DS010,Tambaram,High,P0279,Huggies Diapers S 22pc,Baby Care,485,Medium,Ambient,4,5,3,In Stock,0.21,19,19,1,19.0,2026-02-09,1940
INV00002890,DS010,Tambaram,High,P0280,Mamy Poko Pants M 20pc,Baby Care,575,Medium,Ambient,3,5,3,Low Stock,0.22,20,19,0,13.6,2026-02-13,1725
INV00002891,DS010,Tambaram,High,P0281,Johnson Baby Soap 100g,Baby Care,55,Medium,Ambient,2,5,3,Low Stock,0.33,30,27,0,6.1,2026-02-11,110
INV00002892,DS010,Tambaram,High,P0282,Johnson Baby Shampoo 200ml,Baby Care,175,Medium,Ambient,4,5,3,In Stock,0.36,32,27,2,11.1,2026-02-15,700
INV00002893,DS010,Tambaram,High,P0283,Johnson Baby Lotion 200ml,Baby Care,195,Low,Ambient,2,5,3,Low Stock,0.13,12,10,1,15.4,2026-02-09,390
INV00002894,DS010,Tambaram,High,P0284,Johnson Baby Powder 200g,Baby Care,185,Low,Ambient,5,5,3,In Stock,0.14,13,11,0,35.7,2026-02-12,925
INV00002895,DS010,Tambaram,High,P0285,Himalaya Baby Lotion 200ml,Baby Care,165,Low,Ambient,5,5,3,In Stock,0.11,10,9,2,45.5,2026-02-12,825
INV00002896,DS010,Tambaram,High,P0286,Cerelac Wheat 300g,Baby Care,185,Low,Ambient,5,5,3,In Stock,0.18,16,13,1,27.8,2026-02-11,925
INV00002897,DS010,Tambaram,High,P0287,Cerelac Multi Grain 300g,Baby Care,195,Medium,Ambient,2,5,3,Low Stock,0.26,23,20,2,7.7,2026-02-11,390
INV00002898,DS010,Tambaram,High,P0288,Lactogen 1 (0-6 months) 400g,Baby Care,495,Medium,Ambient,3,5,3,Low Stock,0.21,19,17,0,14.3,2026-02-14,1485
INV00002899,DS010,Tambaram,High,P0289,Farex Baby Food 300g,Baby Care,175,Medium,Ambient,4,5,3,In Stock,0.27,24,23,2,14.8,2026-02-10,700
INV00002900,DS010,Tambaram,High,P0290,Himalaya Baby Wipes 72pc,Baby Care,165,Medium,Ambient,2,5,3,Low Stock,0.26,23,19,0,7.7,2026-02-14,330
INV00002901,DS011,Vadapalani,Medium,P0001,Amul Taaza Toned Milk 500ml,"Dairy, Bread & Eggs",28,High,Refrigerated,4,5,3,In Stock,0.64,58,34,1,6.2,2026-02-14,112
INV00002902,DS011,Vadapalani,Medium,P0002,Amul Taaza Toned Milk 1L,"Dairy, Bread & Eggs",56,High,Refrigerated,2,5,3,Low Stock,0.51,46,31,0,3.9,2026-02-13,112
INV00002903,DS011,Vadapalani,Medium,P0003,Amul Gold Full Cream Milk 500ml,"Dairy, Bread & Eggs",32,High,Refrigerated,2,5,3,Low Stock,0.47,42,30,2,4.3,2026-02-15,64
INV00002904,DS011,Vadapalani,Medium,P0004,Amul Gold Full Cream Milk 1L,"Dairy, Bread & Eggs",64,High,Refrigerated,4,5,3,In Stock,0.54,49,36,0,7.4,2026-02-15,256
INV00002905,DS011,Vadapalani,Medium,P0005,Heritage Fresh Milk 500ml,"Dairy, Bread & Eggs",30,High,Refrigerated,5,5,3,In Stock,0.24,22,18,1,20.8,2026-02-14,150
INV00002906,DS011,Vadapalani,Medium,P0006,Nandini Milk 500ml,"Dairy, Bread & Eggs",26,Medium,Refrigerated,4,5,3,In Stock,0.21,19,12,0,19.0,2026-02-10,104
INV00002907,DS011,Vadapalani,Medium,P0007,Amul Fresh Cream 250ml,"Dairy, Bread & Eggs",85,High,Refrigerated,3,5,3,Low Stock,0.46,41,27,2,6.5,2026-02-13,255
INV00002908,DS011,Vadapalani,Medium,P0008,Amul Masti Curd 400g,"Dairy, Bread & Eggs",32,High,Refrigerated,3,5,3,Low Stock,0.63,57,40,0,4.8,2026-02-13,96
INV00002909,DS011,Vadapalani,Medium,P0009,Mother Dairy Curd 400g,"Dairy, Bread & Eggs",30,High,Refrigerated,5,5,3,In Stock,0.42,38,24,0,11.9,2026-02-12,150
INV00002910,DS011,Vadapalani,Medium,P0010,Nestle Dahi 400g,"Dairy, Bread & Eggs",35,High,Refrigerated,4,5,3,In Stock,0.5,45,28,1,8.0,2026-02-09,140
INV00002911,DS011,Vadapalani,Medium,P0011,Amul Salted Butter 100g,"Dairy, Bread & Eggs",56,High,Refrigerated,4,5,3,In Stock,0.27,24,16,1,14.8,2026-02-15,224
INV00002912,DS011,Vadapalani,Medium,P0012,Amul Salted Butter 500g,"Dairy, Bread & Eggs",270,Medium,Refrigerated,4,5,3,In Stock,0.16,14,10,2,25.0,2026-02-13,1080
INV00002913,DS011,Vadapalani,Medium,P0013,Britannia Butter 100g,"Dairy, Bread & Eggs",54,High,Refrigerated,5,5,3,In Stock,0.21,19,15,2,23.8,2026-02-12,270
INV00002914,DS011,Vadapalani,Medium,P0014,Amul Cheese Slices 200g,"Dairy, Bread & Eggs",130,Medium,Refrigerated,3,5,3,Low Stock,0.17,15,11,1,17.6,2026-02-11,390
INV00002915,DS011,Vadapalani,Medium,P0015,Britannia Cheese Slices 200g,"Dairy, Bread & Eggs",125,Medium,Refrigerated,2,5,3,Low Stock,0.22,20,14,2,9.1,2026-02-15,250
INV00002916,DS011,Vadapalani,Medium,P0016,Amul Processed Cheese Block 200g,"Dairy, Bread & Eggs",110,High,Refrigerated,3,5,3,Low Stock,0.4,36,26,1,7.5,2026-02-15,330
INV00002917,DS011,Vadapalani,Medium,P0017,Mother Dairy Paneer 200g,"Dairy, Bread & Eggs",95,Medium,Refrigerated,2,5,3,Low Stock,0.24,22,15,1,8.3,2026-02-11,190
INV00002918,DS011,Vadapalani,Medium,P0018,Amul Fresh Paneer 200g,"Dairy, Bread & Eggs",90,High,Refrigerated,3,5,3,Low Stock,0.46,41,25,2,6.5,2026-02-09,270
INV00002919,DS011,Vadapalani,Medium,P0019,Nandini Paneer 200g,"Dairy, Bread & Eggs",85,High,Refrigerated,4,5,3,In Stock,0.36,32,21,0,11.1,2026-02-09,340
INV00002920,DS011,Vadapalani,Medium,P0020,Farm Fresh White Eggs 6 pcs,"Dairy, Bread & Eggs",48,High,Refrigerated,4,5,3,In Stock,0.38,34,21,1,10.5,2026-02-13,192
INV00002921,DS011,Vadapalani,Medium,P0021,Farm Fresh Brown Eggs 6 pcs,"Dairy, Bread & Eggs",60,High,Refrigerated,3,5,3,Low Stock,0.46,41,27,0,6.5,2026-02-14,180
INV00002922,DS011,Vadapalani,Medium,P0022,Farm Fresh White Eggs 10 pcs,"Dairy, Bread & Eggs",75,High,Refrigerated,5,5,3,In Stock,0.53,48,29,2,9.4,2026-02-12,375
INV00002923,DS011,Vadapalani,Medium,P0023,Amul Kool Milk Drink 200ml,"Dairy, Bread & Eggs",20,High,Refrigerated,5,5,3,In Stock,0.46,41,31,2,10.9,2026-02-11,100
INV00002924,DS011,Vadapalani,Medium,P0024,Amul Lassi 200ml,"Dairy, Bread & Eggs",25,High,Refrigerated,4,5,3,In Stock,0.58,52,34,0,6.9,2026-02-14,100
INV00002925,DS011,Vadapalani,Medium,P0025,Mother Dairy Mishti Doi 400g,"Dairy, Bread & Eggs",42,Medium,Refrigerated,5,5,3,In Stock,0.28,25,17,1,17.9,2026-02-11,210
INV00002926,DS011,Vadapalani,Medium,P0026,Britannia Bread Large,"Dairy, Bread & Eggs",40,High,Refrigerated,2,5,3,Low Stock,0.48,43,32,1,4.2,2026-02-11,80
INV00002927,DS011,Vadapalani,Medium,P0027,Modern Bread Sandwich,"Dairy, Bread & Eggs",45,Medium,Refrigerated,2,5,3,Low Stock,0.24,22,13,0,8.3,2026-02-11,90
INV00002928,DS011,Vadapalani,Medium,P0028,Harvest Gold Bread,"Dairy, Bread & Eggs",42,High,Refrigerated,3,5,3,Low Stock,0.36,32,21,0,8.3,2026-02-11,126
INV00002929,DS011,Vadapalani,Medium,P0029,English Oven Brown Bread,"Dairy, Bread & Eggs",50,High,Refrigerated,25,24,7,In Stock,0.0,0,0,0,999.0,2026-02-11,1250
INV00002930,DS011,Vadapalani,Medium,P0030,Onion 1kg,Fruits & Vegetables,35,High,Ambient,3,5,3,Low Stock,0.2,18,18,1,15.0,2026-02-10,105
INV00002931,DS011,Vadapalani,Medium,P0031,Tomato 1kg,Fruits & Vegetables,45,High,Ambient,3,5,3,Low Stock,0.24,22,22,1,12.5,2026-02-10,135
INV00002932,DS011,Vadapalani,Medium,P0032,Potato 1kg,Fruits & Vegetables,28,High,Ambient,5,5,3,In Stock,0.26,23,23,1,19.2,2026-02-11,140
INV00002933,DS011,Vadapalani,Medium,P0033,Green Chilli 100g,Fruits & Vegetables,15,High,Ambient,2,5,3,Low Stock,0.27,24,24,0,7.4,2026-02-12,30
INV00002934,DS011,Vadapalani,Medium,P0034,Ginger 200g,Fruits & Vegetables,40,High,Ambient,5,5,3,In Stock,0.28,25,25,2,17.9,2026-02-12,200
INV00002935,DS011,Vadapalani,Medium,P0035,Garlic 250g,Fruits & Vegetables,55,High,Ambient,3,5,3,Low Stock,0.17,15,15,0,17.6,2026-02-09,165
INV00002936,DS011,Vadapalani,Medium,P0036,Coriander Leaves 100g,Fruits & Vegetables,15,High,Refrigerated,5,5,3,In Stock,0.26,23,23,1,19.2,2026-02-09,75
INV00002937,DS011,Vadapalani,Medium,P0037,Curry Leaves 100g,Fruits & Vegetables,20,High,Refrigerated,3,5,3,Low Stock,0.17,15,15,2,17.6,2026-02-13,60
INV00002938,DS011,Vadapalani,Medium,P0038,Lemon 250g (4-5pcs),Fruits & Vegetables,25,High,Ambient,4,5,3,In Stock,0.2,18,18,1,20.0,2026-02-12,100
INV00002939,DS011,Vadapalani,Medium,P0039,Carrot 500g,Fruits & Vegetables,30,High,Ambient,5,5,3,In Stock,0.21,19,19,1,23.8,2026-02-10,150
INV00002940,DS011,Vadapalani,Medium,P0040,Beans 500g,Fruits & Vegetables,45,High,Ambient,5,5,3,In Stock,0.33,30,30,1,15.2,2026-02-12,225
INV00002941,DS011,Vadapalani,Medium,P0041,Capsicum Green 500g,Fruits & Vegetables,50,High,Ambient,5,5,3,In Stock,0.34,31,31,2,14.7,2026-02-12,250
INV00002942,DS011,Vadapalani,Medium,P0042,Cabbage 1pc,Fruits & Vegetables,35,High,Ambient,5,5,3,In Stock,0.28,25,25,2,17.9,2026-02-09,175
INV00002943,DS011,Vadapalani,Medium,P0043,Cauliflower 1pc,Fruits & Vegetables,40,High,Ambient,2,5,3,Low Stock,0.24,22,22,2,8.3,2026-02-14,80
INV00002944,DS011,Vadapalani,Medium,P0044,Brinjal 500g,Fruits & Vegetables,35,High,Ambient,2,5,3,Low Stock,0.29,26,26,1,6.9,2026-02-12,70
INV00002945,DS011,Vadapalani,Medium,P0045,Ladies Finger 500g,Fruits & Vegetables,40,High,Ambient,3,5,3,Low Stock,0.26,23,23,0,11.5,2026-02-09,120
INV00002946,DS011,Vadapalani,Medium,P0046,Beetroot 500g,Fruits & Vegetables,35,High,Ambient,2,5,3,Low Stock,0.22,20,20,0,9.1,2026-02-09,70
INV00002947,DS011,Vadapalani,Medium,P0047,Radish White 500g,Fruits & Vegetables,30,High,Ambient,2,5,3,Low Stock,0.32,29,29,0,6.2,2026-02-11,60
INV00002948,DS011,Vadapalani,Medium,P0048,Bottle Gourd 1pc,Fruits & Vegetables,35,High,Ambient,5,5,3,In Stock,0.37,33,33,1,13.5,2026-02-10,175
INV00002949,DS011,Vadapalani,Medium,P0049,Bitter Gourd 500g,Fruits & Vegetables,45,High,Ambient,5,5,3,In Stock,0.24,22,22,0,20.8,2026-02-10,225
INV00002950,DS011,Vadapalani,Medium,P0050,Banana Robusta 6pcs,Fruits & Vegetables,35,High,Ambient,5,5,3,In Stock,0.24,22,22,2,20.8,2026-02-13,175
INV00002951,DS011,Vadapalani,Medium,P0051,Apple Shimla 4pcs,Fruits & Vegetables,140,High,Ambient,4,5,3,In Stock,0.19,17,17,1,21.1,2026-02-13,560
INV00002952,DS011,Vadapalani,Medium,P0052,Pomegranate 1pc,Fruits & Vegetables,85,High,Ambient,4,5,3,In Stock,0.18,16,16,0,22.2,2026-02-10,340
INV00002953,DS011,Vadapalani,Medium,P0053,Orange 500g,Fruits & Vegetables,50,High,Ambient,2,5,3,Low Stock,0.24,22,22,1,8.3,2026-02-09,100
INV00002954,DS011,Vadapalani,Medium,P0054,Sweet Lime 500g,Fruits & Vegetables,45,High,Ambient,2,5,3,Low Stock,0.24,22,22,0,8.3,2026-02-14,90
INV00002955,DS011,Vadapalani,Medium,P0055,Watermelon 1pc (3-4kg),Fruits & Vegetables,80,High,Ambient,3,5,3,Low Stock,0.2,18,18,2,15.0,2026-02-14,240
INV00002956,DS011,Vadapalani,Medium,P0056,Papaya 1pc,Fruits & Vegetables,45,High,Ambient,3,5,3,Low Stock,0.32,29,29,2,9.4,2026-02-13,135
INV00002957,DS011,Vadapalani,Medium,P0057,Grapes Green 500g,Fruits & Vegetables,90,High,Ambient,5,5,3,In Stock,0.27,24,24,1,18.5,2026-02-15,450
INV00002958,DS011,Vadapalani,Medium,P0058,Mango (Seasonal),Fruits & Vegetables,120,High,Ambient,2,5,3,Low Stock,0.34,31,31,0,5.9,2026-02-14,240
INV00002959,DS011,Vadapalani,Medium,P0059,Pineapple 1pc,Fruits & Vegetables,55,High,Ambient,2,5,3,Low Stock,0.17,15,15,1,11.8,2026-02-13,110
INV00002960,DS011,Vadapalani,Medium,P0060,Coca Cola 750ml,Cold Drinks & Juices,40,High,Refrigerated,5,5,3,In Stock,0.43,39,26,0,11.6,2026-02-12,200
INV00002961,DS011,Vadapalani,Medium,P0061,Coca Cola 2.25L,Cold Drinks & Juices,95,Medium,Refrigerated,5,5,3,In Stock,0.17,15,7,1,29.4,2026-02-11,475
INV00002962,DS011,Vadapalani,Medium,P0062,Pepsi 750ml,Cold Drinks & Juices,40,Medium,Refrigerated,2,5,3,Low Stock,0.19,17,10,0,10.5,2026-02-13,80
INV00002963,DS011,Vadapalani,Medium,P0063,Pepsi 2L,Cold Drinks & Juices,90,High,Refrigerated,4,5,3,In Stock,0.33,30,19,1,12.1,2026-02-10,360
INV00002964,DS011,Vadapalani,Medium,P0064,Sprite 750ml,Cold Drinks & Juices,40,Medium,Refrigerated,5,5,3,In Stock,0.16,14,9,0,31.2,2026-02-12,200
INV00002965,DS011,Vadapalani,Medium,P0065,Thumbs Up 750ml,Cold Drinks & Juices,40,Medium,Refrigerated,4,5,3,In Stock,0.17,15,8,2,23.5,2026-02-12,160
INV00002966,DS011,Vadapalani,Medium,P0066,Fanta 750ml,Cold Drinks & Juices,40,High,Refrigerated,5,5,3,In Stock,0.48,43,27,2,10.4,2026-02-11,200
INV00002967,DS011,Vadapalani,Medium,P0067,Mountain Dew 750ml,Cold Drinks & Juices,40,High,Refrigerated,4,5,3,In Stock,0.36,32,20,2,11.1,2026-02-09,160
INV00002968,DS011,Vadapalani,Medium,P0068,Thums Up 2.25L,Cold Drinks & Juices,95,High,Refrigerated,2,5,3,Low Stock,0.36,32,21,0,5.6,2026-02-10,190
INV00002969,DS011,Vadapalani,Medium,P0069,Bisleri Water 1L,Cold Drinks & Juices,20,High,Ambient,5,5,3,In Stock,0.37,33,22,2,13.5,2026-02-11,100
INV00002970,DS011,Vadapalani,Medium,P0070,Bisleri Water 2L,Cold Drinks & Juices,35,High,Ambient,5,5,3,In Stock,0.51,46,31,1,9.8,2026-02-12,175
INV00002971,DS011,Vadapalani,Medium,P0071,Kinley Water 1L,Cold Drinks & Juices,20,High,Ambient,4,5,3,In Stock,0.41,37,26,1,9.8,2026-02-13,80
INV00002972,DS011,Vadapalani,Medium,P0072,Aquafina Water 1L,Cold Drinks & Juices,20,Medium,Ambient,4,5,3,In Stock,0.16,14,10,1,25.0,2026-02-10,80
INV00002973,DS011,Vadapalani,Medium,P0073,Red Bull Energy Drink 250ml,Cold Drinks & Juices,125,Medium,Refrigerated,5,5,3,In Stock,0.11,10,8,0,45.5,2026-02-10,625
INV00002974,DS011,Vadapalani,Medium,P0074,Sting Energy Drink 250ml,Cold Drinks & Juices,20,Medium,Refrigerated,4,5,3,In Stock,0.21,19,13,1,19.0,2026-02-13,80
INV00002975,DS011,Vadapalani,Medium,P0075,Monster Energy Drink 500ml,Cold Drinks & Juices,150,Medium,Refrigerated,4,5,3,In Stock,0.13,12,9,1,30.8,2026-02-09,600
INV00002976,DS011,Vadapalani,Medium,P0076,Real Fruit Juice Mixed Fruit 1L,Cold Drinks & Juices,130,Medium,Refrigerated,2,5,3,Low Stock,0.19,17,12,0,10.5,2026-02-12,260
INV00002977,DS011,Vadapalani,Medium,P0077,Real Fruit Juice Mango 1L,Cold Drinks & Juices,130,High,Refrigerated,2,5,3,Low Stock,0.46,41,26,1,4.3,2026-02-13,260
INV00002978,DS011,Vadapalani,Medium,P0078,Tropicana Orange 1L,Cold Drinks & Juices,145,High,Refrigerated,4,5,3,In Stock,0.52,47,32,1,7.7,2026-02-09,580
INV00002979,DS011,Vadapalani,Medium,P0079,Tropicana Mixed Fruit 1L,Cold Drinks & Juices,145,High,Refrigerated,11,24,7,In Stock,0.0,0,0,0,999.0,2026-02-14,1595
INV00002980,DS011,Vadapalani,Medium,P0080,Minute Maid Pulpy Orange 400ml,Cold Drinks & Juices,45,Medium,Refrigerated,2,5,3,Low Stock,0.14,13,10,1,14.3,2026-02-13,90
INV00002981,DS011,Vadapalani,Medium,P0081,Frooti Mango Drink 160ml,Cold Drinks & Juices,10,High,Refrigerated,4,5,3,In Stock,0.56,50,34,1,7.1,2026-02-10,40
INV00002982,DS011,Vadapalani,Medium,P0082,Frooti Mango Drink 1.2L,Cold Drinks & Juices,60,High,Refrigerated,3,5,3,Low Stock,0.42,38,28,1,7.1,2026-02-14,180
INV00002983,DS011,Vadapalani,Medium,P0083,Maaza Mango Drink 1.2L,Cold Drinks & Juices,60,High,Refrigerated,4,5,3,In Stock,0.22,20,14,2,18.2,2026-02-10,240
INV00002984,DS011,Vadapalani,Medium,P0084,Paper Boat Aam Panna 250ml,Cold Drinks & Juices,40,Medium,Refrigerated,5,5,3,In Stock,0.24,22,14,0,20.8,2026-02-13,200
INV00002985,DS011,Vadapalani,Medium,P0085,Paper Boat Jaljeera 250ml,Cold Drinks & Juices,40,High,Refrigerated,2,5,3,Low Stock,0.31,28,18,1,6.5,2026-02-09,80
INV00002986,DS011,Vadapalani,Medium,P0086,Rasna Orange 750ml,Cold Drinks & Juices,35,High,Refrigerated,3,5,3,Low Stock,0.37,33,25,2,8.1,2026-02-13,105
INV00002987,DS011,Vadapalani,Medium,P0087,Tang Instant Drink 750g,Cold Drinks & Juices,320,Medium,Refrigerated,2,5,3,Low Stock,0.11,10,9,1,18.2,2026-02-12,640
INV00002988,DS011,Vadapalani,Medium,P0088,Nestle Iced Tea Lemon 500ml,Cold Drinks & Juices,40,High,Refrigerated,5,5,3,In Stock,0.32,29,18,0,15.6,2026-02-14,200
INV00002989,DS011,Vadapalani,Medium,P0089,Lays Classic Salted 50g,Snacks & Munchies,20,High,Ambient,3,5,3,Low Stock,0.17,15,13,2,17.6,2026-02-12,60
INV00002990,DS011,Vadapalani,Medium,P0090,Lays Classic Salted 90g,Snacks & Munchies,35,Medium,Ambient,5,5,3,In Stock,0.18,16,14,1,27.8,2026-02-12,175
INV00002991,DS011,Vadapalani,Medium,P0091,Lays American Style Cream & Onion 50g,Snacks & Munchies,20,High,Ambient,4,5,3,In Stock,0.19,17,15,0,21.1,2026-02-10,80
INV00002992,DS011,Vadapalani,Medium,P0092,Kurkure Masala Munch 90g,Snacks & Munchies,20,High,Ambient,5,5,3,In Stock,0.41,37,31,1,12.2,2026-02-14,100
INV00002993,DS011,Vadapalani,Medium,P0093,Kurkure Solid Masti 90g,Snacks & Munchies,20,Medium,Ambient,10,11,3,In Stock,0.0,0,0,0,999.0,2026-02-10,200
INV00002994,DS011,Vadapalani,Medium,P0094,Bingo Mad Angles 72g,Snacks & Munchies,20,High,Ambient,3,5,3,Low Stock,0.39,35,28,2,7.7,2026-02-14,60
INV00002995,DS011,Vadapalani,Medium,P0095,Doritos Nacho Cheese 150g,Snacks & Munchies,75,High,Ambient,3,5,3,Low Stock,0.34,31,25,2,8.8,2026-02-09,225
INV00002996,DS011,Vadapalani,Medium,P0096,Pringles Original 107g,Snacks & Munchies,130,High,Ambient,3,5,3,Low Stock,0.29,26,21,0,10.3,2026-02-13,390
INV00002997,DS011,Vadapalani,Medium,P0097,Haldirams Aloo Bhujia 200g,Snacks & Munchies,50,High,Ambient,5,5,3,In Stock,0.24,22,17,1,20.8,2026-02-12,250
INV00002998,DS011,Vadapalani,Medium,P0098,Haldirams Moong Dal 200g,Snacks & Munchies,55,High,Ambient,4,5,3,In Stock,0.33,30,26,0,12.1,2026-02-15,220
INV00002999,DS011,Vadapalani,Medium,P0099,Haldirams Sev Bhujia 400g,Snacks & Munchies,95,High,Ambient,4,5,3,In Stock,0.28,25,23,0,14.3,2026-02-10,380
INV00003000,DS011,Vadapalani,Medium,P0100,Bikaji Bhujia 200g,Snacks & Munchies,48,High,Ambient,4,5,3,In Stock,0.21,19,19,2,19.0,2026-02-10,192
INV00003001,DS011,Vadapalani,Medium,P0101,Parle G Biscuits 376g,Snacks & Munchies,40,High,Ambient,3,5,3,Low Stock,0.39,35,30,0,7.7,2026-02-13,120
INV00003002,DS011,Vadapalani,Medium,P0102,Britannia Good Day Butter 600g,Snacks & Munchies,80,High,Ambient,5,5,3,In Stock,0.33,30,24,1,15.2,2026-02-10,400
INV00003003,DS011,Vadapalani,Medium,P0103,Britannia Marie Gold 250g,Snacks & Munchies,32,High,Ambient,3,5,3,Low Stock,0.36,32,27,2,8.3,2026-02-10,96
INV00003004,DS011,Vadapalani,Medium,P0104,Sunfeast Dark Fantasy 300g,Snacks & Munchies,110,High,Ambient,3,5,3,Low Stock,0.31,28,24,0,9.7,2026-02-12,330
INV00003005,DS011,Vadapalani,Medium,P0105,Oreo Original 300g,Snacks & Munchies,40,High,Ambient,3,5,3,Low Stock,0.24,22,18,2,12.5,2026-02-12,120
INV00003006,DS011,Vadapalani,Medium,P0106,Hide & Seek 240g,Snacks & Munchies,50,High,Ambient,3,5,3,Low Stock,0.37,33,28,0,8.1,2026-02-15,150
INV00003007,DS011,Vadapalani,Medium,P0107,Monaco Classic 200g,Snacks & Munchies,25,Medium,Ambient,5,5,3,In Stock,0.09,8,7,1,55.6,2026-02-09,125
INV00003008,DS011,Vadapalani,Medium,P0108,Parle 20-20 Cashew Cookies 400g,Snacks & Munchies,55,Medium,Ambient,3,5,3,Low Stock,0.16,14,13,2,18.8,2026-02-12,165
INV00003009,DS011,Vadapalani,Medium,P0109,Cadbury Dairy Milk Silk 60g,Snacks & Munchies,100,High,Ambient,3,5,3,Low Stock,0.38,34,28,1,7.9,2026-02-12,300
INV00003010,DS011,Vadapalani,Medium,P0110,KitKat 4 Finger 37.3g,Snacks & Munchies,40,High,Ambient,15,18,5,In Stock,0.0,0,0,0,999.0,2026-02-13,600
INV00003011,DS011,Vadapalani,Medium,P0111,5 Star Chocolate 40g,Snacks & Munchies,25,High,Ambient,5,5,3,In Stock,0.26,23,20,0,19.2,2026-02-12,125
INV00003012,DS011,Vadapalani,Medium,P0112,Snickers 50g,Snacks & Munchies,40,High,Ambient,4,5,3,In Stock,0.38,34,28,1,10.5,2026-02-14,160
INV00003013,DS011,Vadapalani,Medium,P0113,Munch Chocolate 30g,Snacks & Munchies,20,High,Ambient,5,5,3,In Stock,0.3,27,25,1,16.7,2026-02-09,100
INV00003014,DS011,Vadapalani,Medium,P0114,Too Yumm Veggie Stix 56g,Snacks & Munchies,35,High,Ambient,3,5,3,Low Stock,0.31,28,23,0,9.7,2026-02-09,105
INV00003015,DS011,Vadapalani,Medium,P0115,Act II Popcorn Butter 60g,Snacks & Munchies,50,High,Ambient,5,5,3,In Stock,0.39,35,34,0,12.8,2026-02-09,250
INV00003016,DS011,Vadapalani,Medium,P0116,Cornitos Nacho Chips 150g,Snacks & Munchies,70,Medium,Ambient,4,5,3,In Stock,0.08,7,6,0,50.0,2026-02-09,280
INV00003017,DS011,Vadapalani,Medium,P0117,Maggi Masala Noodles 70g,Breakfast & Instant Food,14,High,Ambient,2,5,3,Low Stock,0.31,28,20,0,6.5,2026-02-09,28
INV00003018,DS011,Vadapalani,Medium,P0118,Maggi Masala Noodles 280g (4pack),Breakfast & Instant Food,52,High,Ambient,3,5,3,Low Stock,0.31,28,28,1,9.7,2026-02-13,156
INV00003019,DS011,Vadapalani,Medium,P0119,Maggi Atta Noodles 320g,Breakfast & Instant Food,54,Medium,Ambient,5,5,3,In Stock,0.13,12,10,0,38.5,2026-02-12,270
INV00003020,DS011,Vadapalani,Medium,P0120,Top Ramen Curry 280g,Breakfast & Instant Food,48,Medium,Ambient,2,5,3,Low Stock,0.19,17,15,2,10.5,2026-02-12,96
INV00003021,DS011,Vadapalani,Medium,P0121,Yippee Magic Masala 240g,Breakfast & Instant Food,42,Medium,Ambient,4,5,3,In Stock,0.09,8,7,2,44.4,2026-02-13,168
INV00003022,DS011,Vadapalani,Medium,P0122,Sunfeast Yippee 420g,Breakfast & Instant Food,60,High,Ambient,5,5,3,In Stock,0.38,34,29,2,13.2,2026-02-14,300
INV00003023,DS011,Vadapalani,Medium,P0123,Knorr Chicken Soup 40g,Breakfast & Instant Food,35,High,Ambient,3,5,3,Low Stock,0.32,29,24,2,9.4,2026-02-14,105
INV00003024,DS011,Vadapalani,Medium,P0124,Knorr Hot & Sour Veg Soup 42g,Breakfast & Instant Food,35,High,Ambient,4,5,3,In Stock,0.44,40,38,2,9.1,2026-02-12,140
INV00003025,DS011,Vadapalani,Medium,P0125,Maggi Hot Heads 73g,Breakfast & Instant Food,25,High,Ambient,3,5,3,Low Stock,0.32,29,25,0,9.4,2026-02-12,75
INV00003026,DS011,Vadapalani,Medium,P0126,Pasta Treat Penne 500g,Breakfast & Instant Food,85,High,Ambient,2,5,3,Low Stock,0.26,23,22,0,7.7,2026-02-10,170
INV00003027,DS011,Vadapalani,Medium,P0127,MTR Idli Mix 500g,Breakfast & Instant Food,75,Medium,Ambient,5,5,3,In Stock,0.07,6,6,2,71.4,2026-02-15,375
INV00003028,DS011,Vadapalani,Medium,P0128,MTR Dosa Mix 500g,Breakfast & Instant Food,75,High,Ambient,3,5,3,Low Stock,0.33,30,26,1,9.1,2026-02-09,225
INV00003029,DS011,Vadapalani,Medium,P0129,MTR Rava Idli 500g,Breakfast & Instant Food,70,Medium,Ambient,2,5,3,Low Stock,0.07,6,5,2,28.6,2026-02-10,140
INV00003030,DS011,Vadapalani,Medium,P0130,ID Fresh Idli Batter 1kg,Breakfast & Instant Food,75,Medium,Ambient,5,5,3,In Stock,0.11,10,8,0,45.5,2026-02-15,375
INV00003031,DS011,Vadapalani,Medium,P0131,ID Fresh Dosa Batter 1kg,Breakfast & Instant Food,75,Medium,Ambient,5,5,3,In Stock,0.1,9,9,2,50.0,2026-02-09,375
INV00003032,DS011,Vadapalani,Medium,P0132,Saffola Masala Oats 400g,Breakfast & Instant Food,145,High,Ambient,4,5,3,In Stock,0.24,22,18,1,16.7,2026-02-10,580
INV00003033,DS011,Vadapalani,Medium,P0133,Quaker Oats 1kg,Breakfast & Instant Food,185,High,Ambient,3,5,3,Low Stock,0.31,28,25,0,9.7,2026-02-11,555
INV00003034,DS011,Vadapalani,Medium,P0134,Kelloggs Corn Flakes 875g,Breakfast & Instant Food,340,High,Ambient,4,5,3,In Stock,0.34,31,27,2,11.8,2026-02-12,1360
INV00003035,DS011,Vadapalani,Medium,P0135,Kelloggs Chocos 375g,Breakfast & Instant Food,185,High,Ambient,5,5,3,In Stock,0.18,16,14,2,27.8,2026-02-14,925
INV00003036,DS011,Vadapalani,Medium,P0136,Nestle Ceregrow 300g,Breakfast & Instant Food,395,Medium,Ambient,5,5,3,In Stock,0.11,10,9,0,45.5,2026-02-10,1975
INV00003037,DS011,Vadapalani,Medium,P0137,MTR Vermicelli Roasted 440g,Breakfast & Instant Food,55,Medium,Ambient,2,5,3,Low Stock,0.17,15,10,2,11.8,2026-02-09,110
INV00003038,DS011,Vadapalani,Medium,P0138,Bambino Vermicelli 175g,Breakfast & Instant Food,25,High,Ambient,2,5,3,Low Stock,0.27,24,21,0,7.4,2026-02-09,50
INV00003039,DS011,Vadapalani,Medium,P0139,Haldiram Moong Dal 200g,Breakfast & Instant Food,55,High,Ambient,2,5,3,Low Stock,0.48,43,38,1,4.2,2026-02-14,110
INV00003040,DS011,Vadapalani,Medium,P0140,McCain French Fries 420g,Breakfast & Instant Food,145,High,Ambient,3,5,3,Low Stock,0.27,24,19,0,11.1,2026-02-12,435
INV00003041,DS011,Vadapalani,Medium,P0141,McCain Veggie Fingers 360g,Breakfast & Instant Food,180,High,Ambient,3,5,3,Low Stock,0.33,30,26,1,9.1,2026-02-15,540
INV00003042,DS011,Vadapalani,Medium,P0142,Aashirvaad Atta 5kg,"Atta, Rice & Dal",240,High,Ambient,3,5,3,Low Stock,0.21,19,15,0,14.3,2026-02-12,720
INV00003043,DS011,Vadapalani,Medium,P0143,Aashirvaad Atta 10kg,"Atta, Rice & Dal",475,High,Ambient,3,5,3,Low Stock,0.4,36,30,1,7.5,2026-02-11,1425
INV00003044,DS011,Vadapalani,Medium,P0144,Fortune Chakki Fresh Atta 5kg,"Atta, Rice & Dal",235,High,Ambient,5,5,3,In Stock,0.19,17,14,0,26.3,2026-02-15,1175
INV00003045,DS011,Vadapalani,Medium,P0145,Pillsbury Chakki Fresh Atta 5kg,"Atta, Rice & Dal",240,High,Ambient,5,5,3,In Stock,0.16,14,14,2,31.2,2026-02-14,1200
INV00003046,DS011,Vadapalani,Medium,P0146,India Gate Basmati Rice 1kg,"Atta, Rice & Dal",190,Medium,Ambient,4,5,3,In Stock,0.14,13,12,1,28.6,2026-02-15,760
INV00003047,DS011,Vadapalani,Medium,P0147,India Gate Basmati Rice 5kg,"Atta, Rice & Dal",900,High,Ambient,4,5,3,In Stock,0.29,26,20,0,13.8,2026-02-12,3600
INV00003048,DS011,Vadapalani,Medium,P0148,Daawat Basmati Rice 1kg,"Atta, Rice & Dal",180,High,Ambient,2,5,3,Low Stock,0.27,24,21,0,7.4,2026-02-12,360
INV00003049,DS011,Vadapalani,Medium,P0149,Fortune Biryani Special Basmati 1kg,"Atta, Rice & Dal",170,Medium,Ambient,2,5,3,Low Stock,0.07,6,6,0,28.6,2026-02-15,340
INV00003050,DS011,Vadapalani,Medium,P0150,Sona Masoori Rice 5kg,"Atta, Rice & Dal",280,High,Ambient,23,25,7,In Stock,0.0,0,0,0,999.0,2026-02-12,6440
INV00003051,DS011,Vadapalani,Medium,P0151,Ponni Boiled Rice 5kg,"Atta, Rice & Dal",250,High,Ambient,4,5,3,In Stock,0.32,29,23,0,12.5,2026-02-09,1000
INV00003052,DS011,Vadapalani,Medium,P0152,Tata Sampann Toor Dal 1kg,"Atta, Rice & Dal",160,High,Ambient,4,5,3,In Stock,0.32,29,25,2,12.5,2026-02-11,640
INV00003053,DS011,Vadapalani,Medium,P0153,Tata Sampann Moong Dal 500g,"Atta, Rice & Dal",85,Medium,Ambient,2,5,3,Low Stock,0.09,8,7,2,22.2,2026-02-10,170
INV00003054,DS011,Vadapalani,Medium,P0154,Tata Sampann Chana Dal 1kg,"Atta, Rice & Dal",155,High,Ambient,3,5,3,Low Stock,0.2,18,17,1,15.0,2026-02-10,465
INV00003055,DS011,Vadapalani,Medium,P0155,Tata Sampann Masoor Dal 500g,"Atta, Rice & Dal",75,High,Ambient,4,5,3,In Stock,0.22,20,19,2,18.2,2026-02-10,300
INV00003056,DS011,Vadapalani,Medium,P0156,Tata Sampann Urad Dal 500g,"Atta, Rice & Dal",90,High,Ambient,4,5,3,In Stock,0.2,18,16,2,20.0,2026-02-12,360
INV00003057,DS011,Vadapalani,Medium,P0157,Rajma 500g,"Atta, Rice & Dal",110,High,Ambient,5,5,3,In Stock,0.19,17,16,0,26.3,2026-02-15,550
INV00003058,DS011,Vadapalani,Medium,P0158,Kabuli Chana 500g,"Atta, Rice & Dal",95,High,Ambient,5,5,3,In Stock,0.34,31,27,0,14.7,2026-02-09,475
INV00003059,DS011,Vadapalani,Medium,P0159,Tata Salt 1kg,"Atta, Rice & Dal",22,Medium,Ambient,2,5,3,Low Stock,0.11,10,8,2,18.2,2026-02-15,44
INV00003060,DS011,Vadapalani,Medium,P0160,Tata Salt Lite 1kg,"Atta, Rice & Dal",52,High,Ambient,3,5,3,Low Stock,0.19,17,16,2,15.8,2026-02-12,156
INV00003061,DS011,Vadapalani,Medium,P0161,Catch Salt 1kg,"Atta, Rice & Dal",20,Medium,Ambient,2,5,3,Low Stock,0.11,10,9,0,18.2,2026-02-09,40
INV00003062,DS011,Vadapalani,Medium,P0162,Sugar 1kg,"Atta, Rice & Dal",45,High,Ambient,5,5,3,In Stock,0.23,21,16,2,21.7,2026-02-14,225
INV00003063,DS011,Vadapalani,Medium,P0163,Brown Sugar 500g,"Atta, Rice & Dal",50,High,Ambient,2,5,3,Low Stock,0.21,19,15,1,9.5,2026-02-14,100
INV00003064,DS011,Vadapalani,Medium,P0164,Jaggery Powder 500g,"Atta, Rice & Dal",65,High,Ambient,11,28,8,In Stock,0.0,0,0,0,999.0,2026-02-09,715
INV00003065,DS011,Vadapalani,Medium,P0165,Rava Medium 500g,"Atta, Rice & Dal",35,High,Ambient,2,5,3,Low Stock,0.24,22,18,0,8.3,2026-02-13,70
INV00003066,DS011,Vadapalani,Medium,P0166,Poha Thick 500g,"Atta, Rice & Dal",45,High,Ambient,2,5,3,Low Stock,0.28,25,21,1,7.1,2026-02-09,90
INV00003067,DS011,Vadapalani,Medium,P0167,Sabudana 500g,"Atta, Rice & Dal",75,High,Ambient,5,5,3,In Stock,0.19,17,15,1,26.3,2026-02-14,375
INV00003068,DS011,Vadapalani,Medium,P0168,MDH Deggi Mirch 100g,"Masala, Oil & More",85,Medium,Ambient,3,5,3,Low Stock,0.11,10,10,0,27.3,2026-02-09,255
INV00003069,DS011,Vadapalani,Medium,P0169,MDH Garam Masala 100g,"Masala, Oil & More",90,High,Ambient,2,5,3,Low Stock,0.13,12,12,2,15.4,2026-02-09,180
INV00003070,DS011,Vadapalani,Medium,P0170,MDH Chana Masala 100g,"Masala, Oil & More",85,Low,Ambient,3,5,3,Low Stock,0.02,2,2,0,150.0,2026-02-15,255
INV00003071,DS011,Vadapalani,Medium,P0171,Everest Turmeric Powder 200g,"Masala, Oil & More",95,High,Ambient,2,5,3,Low Stock,0.3,27,23,1,6.7,2026-02-11,190
INV00003072,DS011,Vadapalani,Medium,P0172,Everest Red Chilli Powder 200g,"Masala, Oil & More",105,Medium,Ambient,5,5,3,In Stock,0.11,10,9,2,45.5,2026-02-11,525
INV00003073,DS011,Vadapalani,Medium,P0173,Everest Coriander Powder 200g,"Masala, Oil & More",65,Medium,Ambient,3,5,3,Low Stock,0.14,13,12,0,21.4,2026-02-14,195
INV00003074,DS011,Vadapalani,Medium,P0174,Catch Cumin Powder 100g,"Masala, Oil & More",70,High,Ambient,4,5,3,In Stock,0.12,11,9,2,33.3,2026-02-14,280
INV00003075,DS011,Vadapalani,Medium,P0175,Catch Chat Masala 100g,"Masala, Oil & More",60,High,Ambient,3,5,3,Low Stock,0.22,20,17,0,13.6,2026-02-09,180
INV00003076,DS011,Vadapalani,Medium,P0176,Ching Secret Manchurian 60g,"Masala, Oil & More",65,Low,Ambient,3,5,3,Low Stock,0.03,3,3,1,100.0,2026-02-11,195
INV00003077,DS011,Vadapalani,Medium,P0177,Maggi Magic Cubes 40g,"Masala, Oil & More",20,Medium,Ambient,3,5,3,Low Stock,0.1,9,7,1,30.0,2026-02-13,60
INV00003078,DS011,Vadapalani,Medium,P0178,Kissan Fresh Tomato Ketchup 900g,"Masala, Oil & More",120,High,Ambient,4,5,3,In Stock,0.23,21,19,0,17.4,2026-02-10,480
INV00003079,DS011,Vadapalani,Medium,P0179,Kissan Tomato Sauce 1kg,"Masala, Oil & More",125,High,Ambient,3,5,3,Low Stock,0.24,22,19,0,12.5,2026-02-12,375
INV00003080,DS011,Vadapalani,Medium,P0180,Maggi Hot & Sweet Sauce 1kg,"Masala, Oil & More",140,High,Ambient,4,5,3,In Stock,0.17,15,13,2,23.5,2026-02-09,560
INV00003081,DS011,Vadapalani,Medium,P0181,Fortune Sunflower Oil 1L,"Masala, Oil & More",160,Low,Ambient,8,8,3,In Stock,0.0,0,0,0,999.0,2026-02-14,1280
INV00003082,DS011,Vadapalani,Medium,P0182,Fortune Refined Oil 5L,"Masala, Oil & More",750,Medium,Ambient,5,5,3,In Stock,0.12,11,7,2,41.7,2026-02-13,3750
INV00003083,DS011,Vadapalani,Medium,P0183,Sundrop Sunflower Oil 1L,"Masala, Oil & More",155,Medium,Ambient,2,5,3,Low Stock,0.1,9,8,2,20.0,2026-02-15,310
INV00003084,DS011,Vadapalani,Medium,P0184,Dhara Refined Oil 1L,"Masala, Oil & More",150,Medium,Ambient,5,5,3,In Stock,0.08,7,4,1,62.5,2026-02-12,750
INV00003085,DS011,Vadapalani,Medium,P0185,Fortune Mustard Oil 1L,"Masala, Oil & More",185,High,Ambient,5,5,3,In Stock,0.29,26,20,1,17.2,2026-02-09,925
INV00003086,DS011,Vadapalani,Medium,P0186,KS Gingelly Oil 500ml,"Masala, Oil & More",200,Medium,Ambient,2,5,3,Low Stock,0.1,9,7,1,20.0,2026-02-13,400
INV00003087,DS011,Vadapalani,Medium,P0187,Parachute Coconut Oil 500ml,"Masala, Oil & More",195,High,Ambient,3,5,3,Low Stock,0.21,19,19,1,14.3,2026-02-11,585
INV00003088,DS011,Vadapalani,Medium,P0188,Saffola Gold Oil 1L,"Masala, Oil & More",250,High,Ambient,2,5,3,Low Stock,0.14,13,11,1,14.3,2026-02-13,500
INV00003089,DS011,Vadapalani,Medium,P0189,Ghee 500ml,"Masala, Oil & More",295,Low,Ambient,3,5,3,Low Stock,0.06,5,4,0,50.0,2026-02-10,885
INV00003090,DS011,Vadapalani,Medium,P0190,Amul Pure Ghee 500ml,"Masala, Oil & More",340,Medium,Ambient,5,5,3,In Stock,0.07,6,5,2,71.4,2026-02-10,1700
INV00003091,DS011,Vadapalani,Medium,P0191,Dalda Vanaspati 1L,"Masala, Oil & More",200,High,Ambient,2,5,3,Low Stock,0.19,17,16,1,10.5,2026-02-11,400
INV00003092,DS011,Vadapalani,Medium,P0192,Nutella Hazelnut Spread 350g,Sauces & Spreads,385,Medium,Ambient,5,5,3,In Stock,0.08,7,5,2,62.5,2026-02-09,1925
INV00003093,DS011,Vadapalani,Medium,P0193,Kissan Mixed Fruit Jam 500g,Sauces & Spreads,140,Medium,Ambient,3,5,3,Low Stock,0.08,7,5,2,37.5,2026-02-10,420
INV00003094,DS011,Vadapalani,Medium,P0194,Kissan Pineapple Jam 500g,Sauces & Spreads,135,Medium,Ambient,3,5,3,Low Stock,0.11,10,8,0,27.3,2026-02-11,405
INV00003095,DS011,Vadapalani,Medium,P0195,Mapro Mango Jam 500g,Sauces & Spreads,155,Low,Ambient,3,5,3,Low Stock,0.03,3,3,2,100.0,2026-02-09,465
INV00003096,DS011,Vadapalani,Medium,P0196,Hersheys Chocolate Syrup 623g,Sauces & Spreads,325,Medium,Ambient,3,5,3,Low Stock,0.09,8,6,0,33.3,2026-02-12,975
INV00003097,DS011,Vadapalani,Medium,P0197,Veeba Mayonnaise 250g,Sauces & Spreads,85,Low,Ambient,2,5,3,Low Stock,0.06,5,5,0,33.3,2026-02-12,170
INV00003098,DS011,Vadapalani,Medium,P0198,Funfoods Peri Peri Sauce 325g,Sauces & Spreads,130,Medium,Ambient,3,5,3,Low Stock,0.07,6,4,1,42.9,2026-02-14,390
INV00003099,DS011,Vadapalani,Medium,P0199,Veeba Sandwich Spread 275g,Sauces & Spreads,90,Medium,Ambient,2,5,3,Low Stock,0.13,12,12,1,15.4,2026-02-10,180
INV00003100,DS011,Vadapalani,Medium,P0200,Ching Red Chilli Sauce 680g,Sauces & Spreads,115,Low,Ambient,4,5,3,In Stock,0.06,5,5,1,66.7,2026-02-13,460
INV00003101,DS011,Vadapalani,Medium,P0201,Ching Green Chilli Sauce 190g,Sauces & Spreads,60,Medium,Ambient,9,10,3,In Stock,0.0,0,0,0,999.0,2026-02-13,540
INV00003102,DS011,Vadapalani,Medium,P0202,Del Monte Pasta Sauce 400g,Sauces & Spreads,145,Low,Ambient,5,5,3,In Stock,0.04,4,3,0,125.0,2026-02-11,725
INV00003103,DS011,Vadapalani,Medium,P0203,Maggi Pichkoo 90g,Sauces & Spreads,45,Medium,Ambient,4,5,3,In Stock,0.17,15,13,0,23.5,2026-02-12,180
INV00003104,DS011,Vadapalani,Medium,P0204,Tata Tea Gold 1kg,"Tea, Coffee & Health Drinks",490,High,Ambient,2,5,3,Low Stock,0.26,23,20,0,7.7,2026-02-10,980
INV00003105,DS011,Vadapalani,Medium,P0205,Tata Tea Premium 1kg,"Tea, Coffee & Health Drinks",460,Medium,Ambient,2,5,3,Low Stock,0.14,13,11,0,14.3,2026-02-11,920
INV00003106,DS011,Vadapalani,Medium,P0206,Red Label Natural Care 1kg,"Tea, Coffee & Health Drinks",440,Medium,Ambient,2,5,3,Low Stock,0.12,11,10,0,16.7,2026-02-15,880
INV00003107,DS011,Vadapalani,Medium,P0207,Brooke Bond Taj Mahal 1kg,"Tea, Coffee & Health Drinks",520,High,Ambient,2,5,3,Low Stock,0.31,28,23,2,6.5,2026-02-09,1040
INV00003108,DS011,Vadapalani,Medium,P0208,Society Tea 1kg,"Tea, Coffee & Health Drinks",380,High,Ambient,3,5,3,Low Stock,0.2,18,15,1,15.0,2026-02-13,1140
INV00003109,DS011,Vadapalani,Medium,P0209,Nescafe Classic 50g,"Tea, Coffee & Health Drinks",215,High,Ambient,4,5,3,In Stock,0.32,29,25,2,12.5,2026-02-14,860
INV00003110,DS011,Vadapalani,Medium,P0210,Bru Instant Coffee 50g,"Tea, Coffee & Health Drinks",175,High,Ambient,2,5,3,Low Stock,0.3,27,22,2,6.7,2026-02-11,350
INV00003111,DS011,Vadapalani,Medium,P0211,Nescafe Sunrise Premium 50g,"Tea, Coffee & Health Drinks",145,High,Ambient,4,5,3,In Stock,0.29,26,21,0,13.8,2026-02-15,580
INV00003112,DS011,Vadapalani,Medium,P0212,Bru Gold 100g,"Tea, Coffee & Health Drinks",345,High,Ambient,5,5,3,In Stock,0.29,26,23,2,17.2,2026-02-12,1725
INV00003113,DS011,Vadapalani,Medium,P0213,Horlicks Classic Malt 500g,"Tea, Coffee & Health Drinks",285,Medium,Ambient,5,5,3,In Stock,0.12,11,10,2,41.7,2026-02-15,1425
INV00003114,DS011,Vadapalani,Medium,P0214,Boost Health Drink 500g,"Tea, Coffee & Health Drinks",265,High,Ambient,3,5,3,Low Stock,0.31,28,21,2,9.7,2026-02-11,795
INV00003115,DS011,Vadapalani,Medium,P0215,Complan Chocolate 500g,"Tea, Coffee & Health Drinks",360,Medium,Ambient,4,5,3,In Stock,0.08,7,7,1,50.0,2026-02-12,1440
INV00003116,DS011,Vadapalani,Medium,P0216,Bournvita 500g,"Tea, Coffee & Health Drinks",250,High,Ambient,2,5,3,Low Stock,0.49,44,34,0,4.1,2026-02-14,500
INV00003117,DS011,Vadapalani,Medium,P0217,Milo 400g,"Tea, Coffee & Health Drinks",245,Medium,Ambient,2,5,3,Low Stock,0.14,13,11,0,14.3,2026-02-10,490
INV00003118,DS011,Vadapalani,Medium,P0218,Proteinex Powder 250g,"Tea, Coffee & Health Drinks",285,High,Ambient,3,5,3,Low Stock,0.2,18,18,1,15.0,2026-02-09,855
INV00003119,DS011,Vadapalani,Medium,P0219,Green Tea 100 Bags,"Tea, Coffee & Health Drinks",350,High,Ambient,2,5,3,Low Stock,0.28,25,22,1,7.1,2026-02-14,700
INV00003120,DS011,Vadapalani,Medium,P0220,Lipton Green Tea 25 Bags,"Tea, Coffee & Health Drinks",125,High,Ambient,3,5,3,Low Stock,0.22,20,17,1,13.6,2026-02-10,375
INV00003121,DS011,Vadapalani,Medium,P0221,Vim Dishwash Gel 750ml,Cleaning & Household,95,High,Ambient,3,5,3,Low Stock,0.18,16,14,1,16.7,2026-02-14,285
INV00003122,DS011,Vadapalani,Medium,P0222,Vim Dishwash Bar 600g,Cleaning & Household,55,Medium,Ambient,4,5,3,In Stock,0.07,6,5,1,57.1,2026-02-14,220
INV00003123,DS011,Vadapalani,Medium,P0223,Pril Dishwash Liquid 750ml,Cleaning & Household,105,High,Ambient,3,5,3,Low Stock,0.28,25,21,0,10.7,2026-02-12,315
INV00003124,DS011,Vadapalani,Medium,P0224,Lizol Floor Cleaner 975ml,Cleaning & Household,185,Low,Ambient,3,5,3,Low Stock,0.04,4,4,2,75.0,2026-02-09,555
INV00003125,DS011,Vadapalani,Medium,P0225,Harpic Toilet Cleaner 1L,Cleaning & Household,165,Medium,Ambient,3,5,3,Low Stock,0.1,9,8,2,30.0,2026-02-10,495
INV00003126,DS011,Vadapalani,Medium,P0226,Domex Toilet Cleaner 1L,Cleaning & Household,135,High,Ambient,2,5,3,Low Stock,0.26,23,20,0,7.7,2026-02-09,270
INV00003127,DS011,Vadapalani,Medium,P0227,Colin Glass Cleaner 500ml,Cleaning & Household,155,Medium,Ambient,2,5,3,Low Stock,0.13,12,10,2,15.4,2026-02-12,310
INV00003128,DS011,Vadapalani,Medium,P0228,Surf Excel Matic 2kg,Cleaning & Household,365,Low,Ambient,2,5,3,Low Stock,0.02,2,2,1,100.0,2026-02-09,730
INV00003129,DS011,Vadapalani,Medium,P0229,Ariel Matic 2kg,Cleaning & Household,395,Medium,Ambient,2,5,3,Low Stock,0.02,2,2,2,100.0,2026-02-13,790
INV00003130,DS011,Vadapalani,Medium,P0230,Tide Plus 2kg,Cleaning & Household,285,High,Ambient,3,5,3,Low Stock,0.23,21,19,1,13.0,2026-02-13,855
INV00003131,DS011,Vadapalani,Medium,P0231,Comfort Fabric Conditioner 860ml,Cleaning & Household,195,Medium,Ambient,2,5,3,Low Stock,0.14,13,11,1,14.3,2026-02-15,390
INV00003132,DS011,Vadapalani,Medium,P0232,Rin Detergent Bar 250g,Cleaning & Household,35,Medium,Ambient,4,5,3,In Stock,0.06,5,5,0,66.7,2026-02-14,140
INV00003133,DS011,Vadapalani,Medium,P0233,Godrej aer Spray 240ml,Cleaning & Household,199,Low,Ambient,3,5,3,Low Stock,0.01,1,1,0,300.0,2026-02-11,597
INV00003134,DS011,Vadapalani,Medium,P0234,Good Knight Activ+ Refill 45ml,Cleaning & Household,115,High,Ambient,3,5,3,Low Stock,0.37,33,29,2,8.1,2026-02-11,345
INV00003135,DS011,Vadapalani,Medium,P0235,All Out Refill 45ml,Cleaning & Household,95,High,Ambient,16,29,8,In Stock,0.0,0,0,0,999.0,2026-02-14,1520
INV00003136,DS011,Vadapalani,Medium,P0236,Mortein Insect Spray 425ml,Cleaning & Household,225,Medium,Ambient,5,5,3,In Stock,0.08,7,6,2,62.5,2026-02-12,1125
INV00003137,DS011,Vadapalani,Medium,P0237,Hit Cockroach Killer 625ml,Cleaning & Household,245,High,Ambient,3,5,3,Low Stock,0.17,15,12,1,17.6,2026-02-13,735
INV00003138,DS011,Vadapalani,Medium,P0238,Scotch Brite Scrub Pad 3pc,Cleaning & Household,75,High,Ambient,2,5,3,Low Stock,0.33,30,25,1,6.1,2026-02-13,150
INV00003139,DS011,Vadapalani,Medium,P0239,Savlon Handwash 750ml,Cleaning & Household,135,High,Ambient,2,5,3,Low Stock,0.2,18,16,1,10.0,2026-02-14,270
INV00003140,DS011,Vadapalani,Medium,P0240,Dettol Handwash 750ml,Cleaning & Household,155,Low,Ambient,2,5,3,Low Stock,0.04,4,3,0,50.0,2026-02-15,310
INV00003141,DS011,Vadapalani,Medium,P0241,Origami Tissues 100 Pulls,Cleaning & Household,45,Medium,Ambient,2,5,3,Low Stock,0.09,8,8,0,22.2,2026-02-12,90
INV00003142,DS011,Vadapalani,Medium,P0242,Dettol Soap 125g (4 pack),Personal Care,145,High,Ambient,3,5,3,Low Stock,0.27,24,22,1,11.1,2026-02-14,435
INV00003143,DS011,Vadapalani,Medium,P0243,Lifebuoy Soap 125g (4 pack),Personal Care,115,High,Ambient,2,5,3,Low Stock,0.17,15,14,1,11.8,2026-02-13,230
INV00003144,DS011,Vadapalani,Medium,P0244,Dove Soap 125g (3 pack),Personal Care,180,Medium,Ambient,4,5,3,In Stock,0.07,6,5,0,57.1,2026-02-10,720
INV00003145,DS011,Vadapalani,Medium,P0245,Pears Soap 125g (3 pack),Personal Care,150,High,Ambient,10,18,5,In Stock,0.0,0,0,0,999.0,2026-02-14,1500
INV00003146,DS011,Vadapalani,Medium,P0246,Lux Soap 125g (3 pack),Personal Care,125,High,Ambient,4,5,3,In Stock,0.31,28,22,2,12.9,2026-02-11,500
INV00003147,DS011,Vadapalani,Medium,P0247,Clinic Plus Shampoo 650ml,Personal Care,265,Low,Ambient,4,5,3,In Stock,0.04,4,3,1,100.0,2026-02-11,1060
INV00003148,DS011,Vadapalani,Medium,P0248,Pantene Shampoo 650ml,Personal Care,385,High,Ambient,2,5,3,Low Stock,0.18,16,14,0,11.1,2026-02-14,770
INV00003149,DS011,Vadapalani,Medium,P0249,Dove Shampoo 650ml,Personal Care,425,Medium,Ambient,4,5,3,In Stock,0.04,4,3,0,100.0,2026-02-09,1700
INV00003150,DS011,Vadapalani,Medium,P0250,Head & Shoulders 650ml,Personal Care,485,High,Ambient,2,5,3,Low Stock,0.16,14,12,2,12.5,2026-02-09,970
INV00003151,DS011,Vadapalani,Medium,P0251,Sunsilk Shampoo 650ml,Personal Care,295,High,Ambient,4,5,3,In Stock,0.33,30,25,0,12.1,2026-02-09,1180
INV00003152,DS011,Vadapalani,Medium,P0252,Colgate Total 300g,Personal Care,185,Medium,Ambient,3,5,3,Low Stock,0.11,10,7,1,27.3,2026-02-15,555
INV00003153,DS011,Vadapalani,Medium,P0253,Colgate Maxfresh 150g,Personal Care,105,High,Ambient,2,5,3,Low Stock,0.18,16,14,2,11.1,2026-02-10,210
INV00003154,DS011,Vadapalani,Medium,P0254,Pepsodent 200g,Personal Care,85,High,Ambient,4,5,3,In Stock,0.26,23,18,0,15.4,2026-02-14,340
INV00003155,DS011,Vadapalani,Medium,P0255,Sensodyne Toothpaste 150g,Personal Care,265,Medium,Ambient,3,5,3,Low Stock,0.08,7,5,0,37.5,2026-02-11,795
INV00003156,DS011,Vadapalani,Medium,P0256,Oral B Toothbrush,Personal Care,95,High,Ambient,28,25,7,In Stock,0.0,0,0,0,999.0,2026-02-10,2660
INV00003157,DS011,Vadapalani,Medium,P0257,Gillette Shaving Cream 418g,Personal Care,265,Medium,Ambient,5,5,3,In Stock,0.03,3,3,2,166.7,2026-02-11,1325
INV00003158,DS011,Vadapalani,Medium,P0258,Gillette Mach 3 Razor,Personal Care,285,High,Ambient,5,5,3,In Stock,0.23,21,18,2,21.7,2026-02-09,1425
INV00003159,DS011,Vadapalani,Medium,P0259,Veet Hair Removal Cream 100g,Personal Care,215,High,Ambient,2,5,3,Low Stock,0.26,23,18,1,7.7,2026-02-13,430
INV00003160,DS011,Vadapalani,Medium,P0260,Nivea Body Lotion 400ml,Personal Care,295,High,Ambient,4,5,3,In Stock,0.22,20,18,0,18.2,2026-02-14,1180
INV00003161,DS011,Vadapalani,Medium,P0261,Vaseline Petroleum Jelly 100ml,Personal Care,105,High,Ambient,3,5,3,Low Stock,0.16,14,12,1,18.8,2026-02-12,315
INV00003162,DS011,Vadapalani,Medium,P0262,Ponds Face Cream 100ml,Personal Care,235,Medium,Ambient,2,5,3,Low Stock,0.09,8,8,1,22.2,2026-02-12,470
INV00003163,DS011,Vadapalani,Medium,P0263,Fair & Lovely 80g,Personal Care,175,High,Ambient,2,5,3,Low Stock,0.19,17,15,0,10.5,2026-02-11,350
INV00003164,DS011,Vadapalani,Medium,P0264,Garnier Face Wash 100g,Personal Care,145,Medium,Ambient,4,5,3,In Stock,0.07,6,4,1,57.1,2026-02-10,580
INV00003165,DS011,Vadapalani,Medium,P0265,Lakmé Face Cream 60g,Personal Care,295,High,Ambient,5,5,3,In Stock,0.21,19,15,1,23.8,2026-02-10,1475
INV00003166,DS011,Vadapalani,Medium,P0266,Johnson Baby Powder 400g,Personal Care,285,High,Ambient,5,5,3,In Stock,0.24,22,19,2,20.8,2026-02-12,1425
INV00003167,DS011,Vadapalani,Medium,P0267,Dettol Handwash Refill 750ml,Personal Care,145,High,Ambient,3,5,3,Low Stock,0.27,24,19,0,11.1,2026-02-14,435
INV00003168,DS011,Vadapalani,Medium,P0268,Savlon Antiseptic Liquid 500ml,Personal Care,165,High,Ambient,13,18,5,In Stock,0.0,0,0,0,999.0,2026-02-14,2145
INV00003169,DS011,Vadapalani,Medium,P0269,Band Aid 10pc,Personal Care,55,Medium,Ambient,5,5,3,In Stock,0.06,5,5,0,83.3,2026-02-10,275
INV00003170,DS011,Vadapalani,Medium,P0270,Vicks VapoRub 50ml,Personal Care,145,High,Ambient,2,5,3,Low Stock,0.27,24,20,2,7.4,2026-02-09,290
INV00003171,DS011,Vadapalani,Medium,P0271,Dettol Antiseptic Liquid 550ml,Personal Care,195,High,Ambient,4,5,3,In Stock,0.14,13,12,2,28.6,2026-02-12,780
INV00003172,DS011,Vadapalani,Medium,P0272,Cotton Buds 100pc,Personal Care,45,High,Ambient,5,5,3,In Stock,0.11,10,8,0,45.5,2026-02-09,225
INV00003173,DS011,Vadapalani,Medium,P0273,Whisper Ultra XL 15 Pads,Personal Care,185,Medium,Ambient,2,5,3,Low Stock,0.03,3,3,1,66.7,2026-02-11,370
INV00003174,DS011,Vadapalani,Medium,P0274,Stayfree Secure XL 20 Pads,Personal Care,195,High,Ambient,3,5,3,Low Stock,0.24,22,18,1,12.5,2026-02-12,585
INV00003175,DS011,Vadapalani,Medium,P0275,Sanfe Sanitary Napkins 10pc,Personal Care,155,Medium,Ambient,2,5,3,Low Stock,0.1,9,8,0,20.0,2026-02-09,310
INV00003176,DS011,Vadapalani,Medium,P0276,Pampers Baby Diapers S 20pc,Baby Care,495,Low,Ambient,3,5,3,Low Stock,0.04,4,3,1,75.0,2026-02-12,1485
INV00003177,DS011,Vadapalani,Medium,P0277,Pampers Baby Diapers M 18pc,Baby Care,595,Medium,Ambient,4,5,3,In Stock,0.08,7,6,1,50.0,2026-02-09,2380
INV00003178,DS011,Vadapalani,Medium,P0278,Pampers Baby Diapers L 16pc,Baby Care,695,Low,Ambient,2,5,3,Low Stock,0.01,1,1,2,200.0,2026-02-10,1390
INV00003179,DS011,Vadapalani,Medium,P0279,Huggies Diapers S 22pc,Baby Care,485,Medium,Ambient,4,5,3,In Stock,0.11,10,9,0,36.4,2026-02-12,1940
INV00003180,DS011,Vadapalani,Medium,P0280,Mamy Poko Pants M 20pc,Baby Care,575,Medium,Ambient,5,5,3,In Stock,0.09,8,8,0,55.6,2026-02-14,2875
INV00003181,DS011,Vadapalani,Medium,P0281,Johnson Baby Soap 100g,Baby Care,55,Medium,Ambient,3,5,3,Low Stock,0.1,9,8,1,30.0,2026-02-14,165
INV00003182,DS011,Vadapalani,Medium,P0282,Johnson Baby Shampoo 200ml,Baby Care,175,Medium,Ambient,4,5,3,In Stock,0.03,3,3,0,133.3,2026-02-09,700
INV00003183,DS011,Vadapalani,Medium,P0283,Johnson Baby Lotion 200ml,Baby Care,195,Low,Ambient,3,5,3,Low Stock,0.07,6,5,1,42.9,2026-02-15,585
INV00003184,DS011,Vadapalani,Medium,P0284,Johnson Baby Powder 200g,Baby Care,185,Low,Ambient,4,5,3,In Stock,0.04,4,4,0,100.0,2026-02-15,740
INV00003185,DS011,Vadapalani,Medium,P0285,Himalaya Baby Lotion 200ml,Baby Care,165,Low,Ambient,5,5,3,In Stock,0.0,0,0,0,999.0,2026-02-15,825
INV00003186,DS011,Vadapalani,Medium,P0286,Cerelac Wheat 300g,Baby Care,185,Low,Ambient,2,5,3,Low Stock,0.01,1,1,2,200.0,2026-02-12,370
INV00003187,DS011,Vadapalani,Medium,P0287,Cerelac Multi Grain 300g,Baby Care,195,Medium,Ambient,4,5,3,In Stock,0.06,5,5,0,66.7,2026-02-14,780
INV00003188,DS011,Vadapalani,Medium,P0288,Lactogen 1 (0-6 months) 400g,Baby Care,495,Medium,Ambient,3,5,3,Low Stock,0.06,5,5,2,50.0,2026-02-10,1485
INV00003189,DS011,Vadapalani,Medium,P0289,Farex Baby Food 300g,Baby Care,175,Medium,Ambient,5,5,3,In Stock,0.11,10,9,0,45.5,2026-02-12,875
INV00003190,DS011,Vadapalani,Medium,P0290,Himalaya Baby Wipes 72pc,Baby Care,165,Medium,Ambient,2,5,3,Low Stock,0.06,5,4,2,33.3,2026-02-10,330
INV00003191,DS012,Thiruvanmiyur,Medium,P0001,Amul Taaza Toned Milk 500ml,"Dairy, Bread & Eggs",28,High,Refrigerated,2,5,3,Low Stock,0.43,39,28,1,4.7,2026-02-11,56
INV00003192,DS012,Thiruvanmiyur,Medium,P0002,Amul Taaza Toned Milk 1L,"Dairy, Bread & Eggs",56,High,Refrigerated,5,5,3,In Stock,0.52,47,32,0,9.6,2026-02-15,280
INV00003193,DS012,Thiruvanmiyur,Medium,P0003,Amul Gold Full Cream Milk 500ml,"Dairy, Bread & Eggs",32,High,Refrigerated,4,5,3,In Stock,0.62,56,34,0,6.5,2026-02-13,128
INV00003194,DS012,Thiruvanmiyur,Medium,P0004,Amul Gold Full Cream Milk 1L,"Dairy, Bread & Eggs",64,High,Refrigerated,2,5,3,Low Stock,0.3,27,19,2,6.7,2026-02-09,128
INV00003195,DS012,Thiruvanmiyur,Medium,P0005,Heritage Fresh Milk 500ml,"Dairy, Bread & Eggs",30,High,Refrigerated,5,5,3,In Stock,0.56,50,31,0,8.9,2026-02-15,150
INV00003196,DS012,Thiruvanmiyur,Medium,P0006,Nandini Milk 500ml,"Dairy, Bread & Eggs",26,Medium,Refrigerated,5,5,3,In Stock,0.12,11,11,0,41.7,2026-02-12,130
INV00003197,DS012,Thiruvanmiyur,Medium,P0007,Amul Fresh Cream 250ml,"Dairy, Bread & Eggs",85,High,Refrigerated,3,5,3,Low Stock,0.62,56,34,0,4.8,2026-02-11,255
INV00003198,DS012,Thiruvanmiyur,Medium,P0008,Amul Masti Curd 400g,"Dairy, Bread & Eggs",32,High,Refrigerated,2,5,3,Low Stock,0.4,36,23,2,5.0,2026-02-14,64
INV00003199,DS012,Thiruvanmiyur,Medium,P0009,Mother Dairy Curd 400g,"Dairy, Bread & Eggs",30,High,Refrigerated,5,5,3,In Stock,0.4,36,27,2,12.5,2026-02-15,150
INV00003200,DS012,Thiruvanmiyur,Medium,P0010,Nestle Dahi 400g,"Dairy, Bread & Eggs",35,High,Refrigerated,3,5,3,Low Stock,0.58,52,34,2,5.2,2026-02-14,105
INV00003201,DS012,Thiruvanmiyur,Medium,P0011,Amul Salted Butter 100g,"Dairy, Bread & Eggs",56,High,Refrigerated,5,5,3,In Stock,0.51,46,30,0,9.8,2026-02-12,280
INV00003202,DS012,Thiruvanmiyur,Medium,P0012,Amul Salted Butter 500g,"Dairy, Bread & Eggs",270,Medium,Refrigerated,3,5,3,Low Stock,0.34,31,18,0,8.8,2026-02-10,810
INV00003203,DS012,Thiruvanmiyur,Medium,P0013,Britannia Butter 100g,"Dairy, Bread & Eggs",54,High,Refrigerated,3,5,3,Low Stock,0.29,26,19,0,10.3,2026-02-12,162
INV00003204,DS012,Thiruvanmiyur,Medium,P0014,Amul Cheese Slices 200g,"Dairy, Bread & Eggs",130,Medium,Refrigerated,5,5,3,In Stock,0.08,7,6,2,62.5,2026-02-09,650
INV00003205,DS012,Thiruvanmiyur,Medium,P0015,Britannia Cheese Slices 200g,"Dairy, Bread & Eggs",125,Medium,Refrigerated,4,5,3,In Stock,0.14,13,8,1,28.6,2026-02-12,500
INV00003206,DS012,Thiruvanmiyur,Medium,P0016,Amul Processed Cheese Block 200g,"Dairy, Bread & Eggs",110,High,Refrigerated,4,5,3,In Stock,0.51,46,27,0,7.8,2026-02-12,440
INV00003207,DS012,Thiruvanmiyur,Medium,P0017,Mother Dairy Paneer 200g,"Dairy, Bread & Eggs",95,Medium,Refrigerated,2,5,3,Low Stock,0.28,25,14,0,7.1,2026-02-15,190
INV00003208,DS012,Thiruvanmiyur,Medium,P0018,Amul Fresh Paneer 200g,"Dairy, Bread & Eggs",90,High,Refrigerated,5,5,3,In Stock,0.43,39,27,0,11.6,2026-02-10,450
INV00003209,DS012,Thiruvanmiyur,Medium,P0019,Nandini Paneer 200g,"Dairy, Bread & Eggs",85,High,Refrigerated,2,5,3,Low Stock,0.38,34,24,0,5.3,2026-02-15,170
INV00003210,DS012,Thiruvanmiyur,Medium,P0020,Farm Fresh White Eggs 6 pcs,"Dairy, Bread & Eggs",48,High,Refrigerated,4,5,3,In Stock,0.51,46,36,1,7.8,2026-02-10,192
INV00003211,DS012,Thiruvanmiyur,Medium,P0021,Farm Fresh Brown Eggs 6 pcs,"Dairy, Bread & Eggs",60,High,Refrigerated,4,5,3,In Stock,0.46,41,25,2,8.7,2026-02-14,240
INV00003212,DS012,Thiruvanmiyur,Medium,P0022,Farm Fresh White Eggs 10 pcs,"Dairy, Bread & Eggs",75,High,Refrigerated,3,5,3,Low Stock,0.33,30,24,0,9.1,2026-02-10,225
INV00003213,DS012,Thiruvanmiyur,Medium,P0023,Amul Kool Milk Drink 200ml,"Dairy, Bread & Eggs",20,High,Refrigerated,2,5,3,Low Stock,0.68,61,39,0,2.9,2026-02-11,40
INV00003214,DS012,Thiruvanmiyur,Medium,P0024,Amul Lassi 200ml,"Dairy, Bread & Eggs",25,High,Refrigerated,3,5,3,Low Stock,0.38,34,23,0,7.9,2026-02-12,75
INV00003215,DS012,Thiruvanmiyur,Medium,P0025,Mother Dairy Mishti Doi 400g,"Dairy, Bread & Eggs",42,Medium,Refrigerated,4,5,3,In Stock,0.17,15,11,1,23.5,2026-02-09,168
INV00003216,DS012,Thiruvanmiyur,Medium,P0026,Britannia Bread Large,"Dairy, Bread & Eggs",40,High,Refrigerated,4,5,3,In Stock,0.52,47,28,0,7.7,2026-02-15,160
INV00003217,DS012,Thiruvanmiyur,Medium,P0027,Modern Bread Sandwich,"Dairy, Bread & Eggs",45,Medium,Refrigerated,5,5,3,In Stock,0.17,15,9,2,29.4,2026-02-13,225
INV00003218,DS012,Thiruvanmiyur,Medium,P0028,Harvest Gold Bread,"Dairy, Bread & Eggs",42,High,Refrigerated,3,5,3,Low Stock,0.52,47,34,2,5.8,2026-02-10,126
INV00003219,DS012,Thiruvanmiyur,Medium,P0029,English Oven Brown Bread,"Dairy, Bread & Eggs",50,High,Refrigerated,14,20,6,In Stock,0.0,0,0,0,999.0,2026-02-11,700
INV00003220,DS012,Thiruvanmiyur,Medium,P0030,Onion 1kg,Fruits & Vegetables,35,High,Ambient,5,5,3,In Stock,0.28,25,25,0,17.9,2026-02-13,175
INV00003221,DS012,Thiruvanmiyur,Medium,P0031,Tomato 1kg,Fruits & Vegetables,45,High,Ambient,4,5,3,In Stock,0.26,23,23,0,15.4,2026-02-14,180
INV00003222,DS012,Thiruvanmiyur,Medium,P0032,Potato 1kg,Fruits & Vegetables,28,High,Ambient,2,5,3,Low Stock,0.38,34,34,0,5.3,2026-02-15,56
INV00003223,DS012,Thiruvanmiyur,Medium,P0033,Green Chilli 100g,Fruits & Vegetables,15,High,Ambient,4,5,3,In Stock,0.31,28,28,0,12.9,2026-02-09,60
INV00003224,DS012,Thiruvanmiyur,Medium,P0034,Ginger 200g,Fruits & Vegetables,40,High,Ambient,2,5,3,Low Stock,0.22,20,20,1,9.1,2026-02-11,80
INV00003225,DS012,Thiruvanmiyur,Medium,P0035,Garlic 250g,Fruits & Vegetables,55,High,Ambient,2,5,3,Low Stock,0.31,28,28,0,6.5,2026-02-10,110
INV00003226,DS012,Thiruvanmiyur,Medium,P0036,Coriander Leaves 100g,Fruits & Vegetables,15,High,Refrigerated,3,5,3,Low Stock,0.29,26,26,0,10.3,2026-02-11,45
INV00003227,DS012,Thiruvanmiyur,Medium,P0037,Curry Leaves 100g,Fruits & Vegetables,20,High,Refrigerated,4,5,3,In Stock,0.17,15,15,1,23.5,2026-02-12,80
INV00003228,DS012,Thiruvanmiyur,Medium,P0038,Lemon 250g (4-5pcs),Fruits & Vegetables,25,High,Ambient,5,5,3,In Stock,0.36,32,32,2,13.9,2026-02-10,125
INV00003229,DS012,Thiruvanmiyur,Medium,P0039,Carrot 500g,Fruits & Vegetables,30,High,Ambient,2,5,3,Low Stock,0.28,25,25,1,7.1,2026-02-14,60
INV00003230,DS012,Thiruvanmiyur,Medium,P0040,Beans 500g,Fruits & Vegetables,45,High,Ambient,2,5,3,Low Stock,0.26,23,23,1,7.7,2026-02-13,90
INV00003231,DS012,Thiruvanmiyur,Medium,P0041,Capsicum Green 500g,Fruits & Vegetables,50,High,Ambient,2,5,3,Low Stock,0.28,25,25,0,7.1,2026-02-11,100
INV00003232,DS012,Thiruvanmiyur,Medium,P0042,Cabbage 1pc,Fruits & Vegetables,35,High,Ambient,3,5,3,Low Stock,0.3,27,27,2,10.0,2026-02-09,105
INV00003233,DS012,Thiruvanmiyur,Medium,P0043,Cauliflower 1pc,Fruits & Vegetables,40,High,Ambient,5,5,3,In Stock,0.24,22,22,1,20.8,2026-02-13,200
INV00003234,DS012,Thiruvanmiyur,Medium,P0044,Brinjal 500g,Fruits & Vegetables,35,High,Ambient,3,5,3,Low Stock,0.2,18,18,0,15.0,2026-02-09,105
INV00003235,DS012,Thiruvanmiyur,Medium,P0045,Ladies Finger 500g,Fruits & Vegetables,40,High,Ambient,4,5,3,In Stock,0.27,24,24,2,14.8,2026-02-13,160
INV00003236,DS012,Thiruvanmiyur,Medium,P0046,Beetroot 500g,Fruits & Vegetables,35,High,Ambient,3,5,3,Low Stock,0.22,20,20,0,13.6,2026-02-13,105
INV00003237,DS012,Thiruvanmiyur,Medium,P0047,Radish White 500g,Fruits & Vegetables,30,High,Ambient,2,5,3,Low Stock,0.36,32,32,2,5.6,2026-02-15,60
INV00003238,DS012,Thiruvanmiyur,Medium,P0048,Bottle Gourd 1pc,Fruits & Vegetables,35,High,Ambient,3,5,3,Low Stock,0.26,23,23,1,11.5,2026-02-14,105
INV00003239,DS012,Thiruvanmiyur,Medium,P0049,Bitter Gourd 500g,Fruits & Vegetables,45,High,Ambient,4,5,3,In Stock,0.33,30,30,1,12.1,2026-02-11,180
INV00003240,DS012,Thiruvanmiyur,Medium,P0050,Banana Robusta 6pcs,Fruits & Vegetables,35,High,Ambient,3,5,3,Low Stock,0.28,25,25,0,10.7,2026-02-10,105
INV00003241,DS012,Thiruvanmiyur,Medium,P0051,Apple Shimla 4pcs,Fruits & Vegetables,140,High,Ambient,2,5,3,Low Stock,0.3,27,27,0,6.7,2026-02-14,280
INV00003242,DS012,Thiruvanmiyur,Medium,P0052,Pomegranate 1pc,Fruits & Vegetables,85,High,Ambient,5,5,3,In Stock,0.2,18,18,1,25.0,2026-02-13,425
INV00003243,DS012,Thiruvanmiyur,Medium,P0053,Orange 500g,Fruits & Vegetables,50,High,Ambient,5,5,3,In Stock,0.21,19,19,1,23.8,2026-02-11,250
INV00003244,DS012,Thiruvanmiyur,Medium,P0054,Sweet Lime 500g,Fruits & Vegetables,45,High,Ambient,4,5,3,In Stock,0.23,21,21,2,17.4,2026-02-14,180
INV00003245,DS012,Thiruvanmiyur,Medium,P0055,Watermelon 1pc (3-4kg),Fruits & Vegetables,80,High,Ambient,2,5,3,Low Stock,0.19,17,17,1,10.5,2026-02-13,160
INV00003246,DS012,Thiruvanmiyur,Medium,P0056,Papaya 1pc,Fruits & Vegetables,45,High,Ambient,5,5,3,In Stock,0.29,26,26,0,17.2,2026-02-09,225
INV00003247,DS012,Thiruvanmiyur,Medium,P0057,Grapes Green 500g,Fruits & Vegetables,90,High,Ambient,3,5,3,Low Stock,0.18,16,16,0,16.7,2026-02-09,270
INV00003248,DS012,Thiruvanmiyur,Medium,P0058,Mango (Seasonal),Fruits & Vegetables,120,High,Ambient,4,5,3,In Stock,0.31,28,28,1,12.9,2026-02-13,480
INV00003249,DS012,Thiruvanmiyur,Medium,P0059,Pineapple 1pc,Fruits & Vegetables,55,High,Ambient,3,5,3,Low Stock,0.29,26,26,0,10.3,2026-02-15,165
INV00003250,DS012,Thiruvanmiyur,Medium,P0060,Coca Cola 750ml,Cold Drinks & Juices,40,High,Refrigerated,3,5,3,Low Stock,0.5,45,28,2,6.0,2026-02-13,120
INV00003251,DS012,Thiruvanmiyur,Medium,P0061,Coca Cola 2.25L,Cold Drinks & Juices,95,Medium,Refrigerated,2,5,3,Low Stock,0.11,10,8,2,18.2,2026-02-14,190
INV00003252,DS012,Thiruvanmiyur,Medium,P0062,Pepsi 750ml,Cold Drinks & Juices,40,Medium,Refrigerated,5,5,3,In Stock,0.17,15,10,1,29.4,2026-02-09,200
INV00003253,DS012,Thiruvanmiyur,Medium,P0063,Pepsi 2L,Cold Drinks & Juices,90,High,Refrigerated,2,5,3,Low Stock,0.29,26,17,2,6.9,2026-02-09,180
INV00003254,DS012,Thiruvanmiyur,Medium,P0064,Sprite 750ml,Cold Drinks & Juices,40,Medium,Refrigerated,5,5,3,In Stock,0.24,22,14,0,20.8,2026-02-10,200
INV00003255,DS012,Thiruvanmiyur,Medium,P0065,Thumbs Up 750ml,Cold Drinks & Juices,40,Medium,Refrigerated,5,5,3,In Stock,0.22,20,13,1,22.7,2026-02-11,200
INV00003256,DS012,Thiruvanmiyur,Medium,P0066,Fanta 750ml,Cold Drinks & Juices,40,High,Refrigerated,4,5,3,In Stock,0.46,41,26,1,8.7,2026-02-12,160
INV00003257,DS012,Thiruvanmiyur,Medium,P0067,Mountain Dew 750ml,Cold Drinks & Juices,40,High,Refrigerated,3,5,3,Low Stock,0.48,43,26,0,6.2,2026-02-10,120
INV00003258,DS012,Thiruvanmiyur,Medium,P0068,Thums Up 2.25L,Cold Drinks & Juices,95,High,Refrigerated,3,5,3,Low Stock,0.34,31,22,0,8.8,2026-02-11,285
INV00003259,DS012,Thiruvanmiyur,Medium,P0069,Bisleri Water 1L,Cold Drinks & Juices,20,High,Ambient,4,5,3,In Stock,0.34,31,27,1,11.8,2026-02-14,80
INV00003260,DS012,Thiruvanmiyur,Medium,P0070,Bisleri Water 2L,Cold Drinks & Juices,35,High,Ambient,3,5,3,Low Stock,0.36,32,21,1,8.3,2026-02-12,105
INV00003261,DS012,Thiruvanmiyur,Medium,P0071,Kinley Water 1L,Cold Drinks & Juices,20,High,Ambient,4,5,3,In Stock,0.48,43,27,2,8.3,2026-02-13,80
INV00003262,DS012,Thiruvanmiyur,Medium,P0072,Aquafina Water 1L,Cold Drinks & Juices,20,Medium,Ambient,4,5,3,In Stock,0.23,21,15,0,17.4,2026-02-09,80
INV00003263,DS012,Thiruvanmiyur,Medium,P0073,Red Bull Energy Drink 250ml,Cold Drinks & Juices,125,Medium,Refrigerated,5,5,3,In Stock,0.12,11,8,2,41.7,2026-02-13,625
INV00003264,DS012,Thiruvanmiyur,Medium,P0074,Sting Energy Drink 250ml,Cold Drinks & Juices,20,Medium,Refrigerated,2,5,3,Low Stock,0.16,14,12,0,12.5,2026-02-09,40
INV00003265,DS012,Thiruvanmiyur,Medium,P0075,Monster Energy Drink 500ml,Cold Drinks & Juices,150,Medium,Refrigerated,3,5,3,Low Stock,0.11,10,7,2,27.3,2026-02-12,450
INV00003266,DS012,Thiruvanmiyur,Medium,P0076,Real Fruit Juice Mixed Fruit 1L,Cold Drinks & Juices,130,Medium,Refrigerated,4,5,3,In Stock,0.11,10,7,1,36.4,2026-02-10,520
INV00003267,DS012,Thiruvanmiyur,Medium,P0077,Real Fruit Juice Mango 1L,Cold Drinks & Juices,130,High,Refrigerated,3,5,3,Low Stock,0.29,26,18,2,10.3,2026-02-10,390
INV00003268,DS012,Thiruvanmiyur,Medium,P0078,Tropicana Orange 1L,Cold Drinks & Juices,145,High,Refrigerated,5,5,3,In Stock,0.36,32,23,2,13.9,2026-02-12,725
INV00003269,DS012,Thiruvanmiyur,Medium,P0079,Tropicana Mixed Fruit 1L,Cold Drinks & Juices,145,High,Refrigerated,27,27,8,In Stock,0.0,0,0,0,999.0,2026-02-14,3915
INV00003270,DS012,Thiruvanmiyur,Medium,P0080,Minute Maid Pulpy Orange 400ml,Cold Drinks & Juices,45,Medium,Refrigerated,5,5,3,In Stock,0.11,10,7,2,45.5,2026-02-12,225
INV00003271,DS012,Thiruvanmiyur,Medium,P0081,Frooti Mango Drink 160ml,Cold Drinks & Juices,10,High,Refrigerated,5,5,3,In Stock,0.51,46,33,0,9.8,2026-02-13,50
INV00003272,DS012,Thiruvanmiyur,Medium,P0082,Frooti Mango Drink 1.2L,Cold Drinks & Juices,60,High,Refrigerated,3,5,3,Low Stock,0.56,50,30,0,5.4,2026-02-11,180
INV00003273,DS012,Thiruvanmiyur,Medium,P0083,Maaza Mango Drink 1.2L,Cold Drinks & Juices,60,High,Refrigerated,5,5,3,In Stock,0.51,46,30,0,9.8,2026-02-09,300
INV00003274,DS012,Thiruvanmiyur,Medium,P0084,Paper Boat Aam Panna 250ml,Cold Drinks & Juices,40,Medium,Refrigerated,4,5,3,In Stock,0.07,6,4,1,57.1,2026-02-12,160
INV00003275,DS012,Thiruvanmiyur,Medium,P0085,Paper Boat Jaljeera 250ml,Cold Drinks & Juices,40,High,Refrigerated,4,5,3,In Stock,0.32,29,20,1,12.5,2026-02-10,160
INV00003276,DS012,Thiruvanmiyur,Medium,P0086,Rasna Orange 750ml,Cold Drinks & Juices,35,High,Refrigerated,2,5,3,Low Stock,0.28,25,19,2,7.1,2026-02-15,70
INV00003277,DS012,Thiruvanmiyur,Medium,P0087,Tang Instant Drink 750g,Cold Drinks & Juices,320,Medium,Refrigerated,4,5,3,In Stock,0.26,23,13,0,15.4,2026-02-14,1280
INV00003278,DS012,Thiruvanmiyur,Medium,P0088,Nestle Iced Tea Lemon 500ml,Cold Drinks & Juices,40,High,Refrigerated,2,5,3,Low Stock,0.51,46,30,2,3.9,2026-02-11,80
INV00003279,DS012,Thiruvanmiyur,Medium,P0089,Lays Classic Salted 50g,Snacks & Munchies,20,High,Ambient,5,5,3,In Stock,0.3,27,22,1,16.7,2026-02-11,100
INV00003280,DS012,Thiruvanmiyur,Medium,P0090,Lays Classic Salted 90g,Snacks & Munchies,35,Medium,Ambient,3,5,3,Low Stock,0.13,12,10,2,23.1,2026-02-10,105
INV00003281,DS012,Thiruvanmiyur,Medium,P0091,Lays American Style Cream & Onion 50g,Snacks & Munchies,20,High,Ambient,5,5,3,In Stock,0.37,33,27,1,13.5,2026-02-15,100
INV00003282,DS012,Thiruvanmiyur,Medium,P0092,Kurkure Masala Munch 90g,Snacks & Munchies,20,High,Ambient,4,5,3,In Stock,0.27,24,22,2,14.8,2026-02-15,80
INV00003283,DS012,Thiruvanmiyur,Medium,P0093,Kurkure Solid Masti 90g,Snacks & Munchies,20,Medium,Ambient,6,9,3,In Stock,0.0,0,0,0,999.0,2026-02-11,120
INV00003284,DS012,Thiruvanmiyur,Medium,P0094,Bingo Mad Angles 72g,Snacks & Munchies,20,High,Ambient,3,5,3,Low Stock,0.24,22,20,2,12.5,2026-02-12,60
INV00003285,DS012,Thiruvanmiyur,Medium,P0095,Doritos Nacho Cheese 150g,Snacks & Munchies,75,High,Ambient,5,5,3,In Stock,0.43,39,31,2,11.6,2026-02-09,375
INV00003286,DS012,Thiruvanmiyur,Medium,P0096,Pringles Original 107g,Snacks & Munchies,130,High,Ambient,2,5,3,Low Stock,0.33,30,25,1,6.1,2026-02-15,260
INV00003287,DS012,Thiruvanmiyur,Medium,P0097,Haldirams Aloo Bhujia 200g,Snacks & Munchies,50,High,Ambient,3,5,3,Low Stock,0.28,25,24,1,10.7,2026-02-10,150
INV00003288,DS012,Thiruvanmiyur,Medium,P0098,Haldirams Moong Dal 200g,Snacks & Munchies,55,High,Ambient,3,5,3,Low Stock,0.38,34,30,0,7.9,2026-02-11,165
INV00003289,DS012,Thiruvanmiyur,Medium,P0099,Haldirams Sev Bhujia 400g,Snacks & Munchies,95,High,Ambient,4,5,3,In Stock,0.41,37,30,1,9.8,2026-02-15,380
INV00003290,DS012,Thiruvanmiyur,Medium,P0100,Bikaji Bhujia 200g,Snacks & Munchies,48,High,Ambient,3,5,3,Low Stock,0.37,33,27,0,8.1,2026-02-09,144
INV00003291,DS012,Thiruvanmiyur,Medium,P0101,Parle G Biscuits 376g,Snacks & Munchies,40,High,Ambient,3,5,3,Low Stock,0.37,33,26,2,8.1,2026-02-13,120
INV00003292,DS012,Thiruvanmiyur,Medium,P0102,Britannia Good Day Butter 600g,Snacks & Munchies,80,High,Ambient,3,5,3,Low Stock,0.33,30,27,0,9.1,2026-02-10,240
INV00003293,DS012,Thiruvanmiyur,Medium,P0103,Britannia Marie Gold 250g,Snacks & Munchies,32,High,Ambient,4,5,3,In Stock,0.23,21,20,1,17.4,2026-02-11,128
INV00003294,DS012,Thiruvanmiyur,Medium,P0104,Sunfeast Dark Fantasy 300g,Snacks & Munchies,110,High,Ambient,2,5,3,Low Stock,0.24,22,21,0,8.3,2026-02-12,220
INV00003295,DS012,Thiruvanmiyur,Medium,P0105,Oreo Original 300g,Snacks & Munchies,40,High,Ambient,2,5,3,Low Stock,0.39,35,31,2,5.1,2026-02-14,80
INV00003296,DS012,Thiruvanmiyur,Medium,P0106,Hide & Seek 240g,Snacks & Munchies,50,High,Ambient,2,5,3,Low Stock,0.28,25,21,2,7.1,2026-02-14,100
INV00003297,DS012,Thiruvanmiyur,Medium,P0107,Monaco Classic 200g,Snacks & Munchies,25,Medium,Ambient,3,5,3,Low Stock,0.18,16,14,1,16.7,2026-02-13,75
INV00003298,DS012,Thiruvanmiyur,Medium,P0108,Parle 20-20 Cashew Cookies 400g,Snacks & Munchies,55,Medium,Ambient,5,5,3,In Stock,0.08,7,6,2,62.5,2026-02-11,275
INV00003299,DS012,Thiruvanmiyur,Medium,P0109,Cadbury Dairy Milk Silk 60g,Snacks & Munchies,100,High,Ambient,5,5,3,In Stock,0.44,40,35,2,11.4,2026-02-14,500
INV00003300,DS012,Thiruvanmiyur,Medium,P0110,KitKat 4 Finger 37.3g,Snacks & Munchies,40,High,Ambient,16,20,6,In Stock,0.0,0,0,0,999.0,2026-02-14,640
INV00003301,DS012,Thiruvanmiyur,Medium,P0111,5 Star Chocolate 40g,Snacks & Munchies,25,High,Ambient,3,5,3,Low Stock,0.29,26,23,1,10.3,2026-02-12,75
INV00003302,DS012,Thiruvanmiyur,Medium,P0112,Snickers 50g,Snacks & Munchies,40,High,Ambient,5,5,3,In Stock,0.21,19,18,2,23.8,2026-02-13,200
INV00003303,DS012,Thiruvanmiyur,Medium,P0113,Munch Chocolate 30g,Snacks & Munchies,20,High,Ambient,5,5,3,In Stock,0.28,25,23,1,17.9,2026-02-10,100
INV00003304,DS012,Thiruvanmiyur,Medium,P0114,Too Yumm Veggie Stix 56g,Snacks & Munchies,35,High,Ambient,4,5,3,In Stock,0.44,40,35,0,9.1,2026-02-15,140
INV00003305,DS012,Thiruvanmiyur,Medium,P0115,Act II Popcorn Butter 60g,Snacks & Munchies,50,High,Ambient,4,5,3,In Stock,0.42,38,31,1,9.5,2026-02-14,200
INV00003306,DS012,Thiruvanmiyur,Medium,P0116,Cornitos Nacho Chips 150g,Snacks & Munchies,70,Medium,Ambient,4,5,3,In Stock,0.19,17,15,0,21.1,2026-02-11,280
INV00003307,DS012,Thiruvanmiyur,Medium,P0117,Maggi Masala Noodles 70g,Breakfast & Instant Food,14,High,Ambient,2,5,3,Low Stock,0.49,44,35,0,4.1,2026-02-15,28
INV00003308,DS012,Thiruvanmiyur,Medium,P0118,Maggi Masala Noodles 280g (4pack),Breakfast & Instant Food,52,High,Ambient,5,5,3,In Stock,0.36,32,25,2,13.9,2026-02-12,260
INV00003309,DS012,Thiruvanmiyur,Medium,P0119,Maggi Atta Noodles 320g,Breakfast & Instant Food,54,Medium,Ambient,3,5,3,Low Stock,0.12,11,11,2,25.0,2026-02-12,162
INV00003310,DS012,Thiruvanmiyur,Medium,P0120,Top Ramen Curry 280g,Breakfast & Instant Food,48,Medium,Ambient,3,5,3,Low Stock,0.17,15,14,1,17.6,2026-02-14,144
INV00003311,DS012,Thiruvanmiyur,Medium,P0121,Yippee Magic Masala 240g,Breakfast & Instant Food,42,Medium,Ambient,4,5,3,In Stock,0.16,14,12,0,25.0,2026-02-13,168
INV00003312,DS012,Thiruvanmiyur,Medium,P0122,Sunfeast Yippee 420g,Breakfast & Instant Food,60,High,Ambient,2,5,3,Low Stock,0.31,28,24,0,6.5,2026-02-10,120
INV00003313,DS012,Thiruvanmiyur,Medium,P0123,Knorr Chicken Soup 40g,Breakfast & Instant Food,35,High,Ambient,5,5,3,In Stock,0.31,28,26,2,16.1,2026-02-09,175
INV00003314,DS012,Thiruvanmiyur,Medium,P0124,Knorr Hot & Sour Veg Soup 42g,Breakfast & Instant Food,35,High,Ambient,5,5,3,In Stock,0.28,25,25,0,17.9,2026-02-14,175
INV00003315,DS012,Thiruvanmiyur,Medium,P0125,Maggi Hot Heads 73g,Breakfast & Instant Food,25,High,Ambient,4,5,3,In Stock,0.37,33,30,2,10.8,2026-02-15,100
INV00003316,DS012,Thiruvanmiyur,Medium,P0126,Pasta Treat Penne 500g,Breakfast & Instant Food,85,High,Ambient,4,5,3,In Stock,0.28,25,24,0,14.3,2026-02-09,340
INV00003317,DS012,Thiruvanmiyur,Medium,P0127,MTR Idli Mix 500g,Breakfast & Instant Food,75,Medium,Ambient,3,5,3,Low Stock,0.16,14,13,0,18.8,2026-02-13,225
INV00003318,DS012,Thiruvanmiyur,Medium,P0128,MTR Dosa Mix 500g,Breakfast & Instant Food,75,High,Ambient,4,5,3,In Stock,0.38,34,30,0,10.5,2026-02-11,300
INV00003319,DS012,Thiruvanmiyur,Medium,P0129,MTR Rava Idli 500g,Breakfast & Instant Food,70,Medium,Ambient,3,5,3,Low Stock,0.16,14,12,1,18.8,2026-02-15,210
INV00003320,DS012,Thiruvanmiyur,Medium,P0130,ID Fresh Idli Batter 1kg,Breakfast & Instant Food,75,Medium,Ambient,4,5,3,In Stock,0.14,13,12,1,28.6,2026-02-11,300
INV00003321,DS012,Thiruvanmiyur,Medium,P0131,ID Fresh Dosa Batter 1kg,Breakfast & Instant Food,75,Medium,Ambient,2,5,3,Low Stock,0.12,11,8,1,16.7,2026-02-13,150
INV00003322,DS012,Thiruvanmiyur,Medium,P0132,Saffola Masala Oats 400g,Breakfast & Instant Food,145,High,Ambient,5,5,3,In Stock,0.41,37,33,1,12.2,2026-02-14,725
INV00003323,DS012,Thiruvanmiyur,Medium,P0133,Quaker Oats 1kg,Breakfast & Instant Food,185,High,Ambient,2,5,3,Low Stock,0.36,32,28,1,5.6,2026-02-12,370
INV00003324,DS012,Thiruvanmiyur,Medium,P0134,Kelloggs Corn Flakes 875g,Breakfast & Instant Food,340,High,Ambient,4,5,3,In Stock,0.32,29,27,2,12.5,2026-02-10,1360
INV00003325,DS012,Thiruvanmiyur,Medium,P0135,Kelloggs Chocos 375g,Breakfast & Instant Food,185,High,Ambient,5,5,3,In Stock,0.32,29,25,1,15.6,2026-02-11,925
INV00003326,DS012,Thiruvanmiyur,Medium,P0136,Nestle Ceregrow 300g,Breakfast & Instant Food,395,Medium,Ambient,3,5,3,Low Stock,0.16,14,12,2,18.8,2026-02-10,1185
INV00003327,DS012,Thiruvanmiyur,Medium,P0137,MTR Vermicelli Roasted 440g,Breakfast & Instant Food,55,Medium,Ambient,5,5,3,In Stock,0.12,11,11,0,41.7,2026-02-09,275
INV00003328,DS012,Thiruvanmiyur,Medium,P0138,Bambino Vermicelli 175g,Breakfast & Instant Food,25,High,Ambient,2,5,3,Low Stock,0.24,22,20,0,8.3,2026-02-14,50
INV00003329,DS012,Thiruvanmiyur,Medium,P0139,Haldiram Moong Dal 200g,Breakfast & Instant Food,55,High,Ambient,4,5,3,In Stock,0.41,37,31,2,9.8,2026-02-14,220
INV00003330,DS012,Thiruvanmiyur,Medium,P0140,McCain French Fries 420g,Breakfast & Instant Food,145,High,Ambient,4,5,3,In Stock,0.29,26,25,1,13.8,2026-02-14,580
INV00003331,DS012,Thiruvanmiyur,Medium,P0141,McCain Veggie Fingers 360g,Breakfast & Instant Food,180,High,Ambient,3,5,3,Low Stock,0.24,22,20,2,12.5,2026-02-11,540
INV00003332,DS012,Thiruvanmiyur,Medium,P0142,Aashirvaad Atta 5kg,"Atta, Rice & Dal",240,High,Ambient,4,5,3,In Stock,0.32,29,25,2,12.5,2026-02-13,960
INV00003333,DS012,Thiruvanmiyur,Medium,P0143,Aashirvaad Atta 10kg,"Atta, Rice & Dal",475,High,Ambient,5,5,3,In Stock,0.23,21,17,2,21.7,2026-02-11,2375
INV00003334,DS012,Thiruvanmiyur,Medium,P0144,Fortune Chakki Fresh Atta 5kg,"Atta, Rice & Dal",235,High,Ambient,5,5,3,In Stock,0.31,28,21,1,16.1,2026-02-10,1175
INV00003335,DS012,Thiruvanmiyur,Medium,P0145,Pillsbury Chakki Fresh Atta 5kg,"Atta, Rice & Dal",240,High,Ambient,4,5,3,In Stock,0.23,21,18,2,17.4,2026-02-15,960
INV00003336,DS012,Thiruvanmiyur,Medium,P0146,India Gate Basmati Rice 1kg,"Atta, Rice & Dal",190,Medium,Ambient,4,5,3,In Stock,0.12,11,9,1,33.3,2026-02-10,760
INV00003337,DS012,Thiruvanmiyur,Medium,P0147,India Gate Basmati Rice 5kg,"Atta, Rice & Dal",900,High,Ambient,4,5,3,In Stock,0.2,18,14,2,20.0,2026-02-10,3600
INV00003338,DS012,Thiruvanmiyur,Medium,P0148,Daawat Basmati Rice 1kg,"Atta, Rice & Dal",180,High,Ambient,3,5,3,Low Stock,0.23,21,18,2,13.0,2026-02-12,540
INV00003339,DS012,Thiruvanmiyur,Medium,P0149,Fortune Biryani Special Basmati 1kg,"Atta, Rice & Dal",170,Medium,Ambient,5,5,3,In Stock,0.08,7,7,0,62.5,2026-02-15,850
INV00003340,DS012,Thiruvanmiyur,Medium,P0150,Sona Masoori Rice 5kg,"Atta, Rice & Dal",280,High,Ambient,13,27,8,In Stock,0.0,0,0,0,999.0,2026-02-14,3640
INV00003341,DS012,Thiruvanmiyur,Medium,P0151,Ponni Boiled Rice 5kg,"Atta, Rice & Dal",250,High,Ambient,5,5,3,In Stock,0.26,23,21,1,19.2,2026-02-10,1250
INV00003342,DS012,Thiruvanmiyur,Medium,P0152,Tata Sampann Toor Dal 1kg,"Atta, Rice & Dal",160,High,Ambient,5,5,3,In Stock,0.26,23,18,2,19.2,2026-02-15,800
INV00003343,DS012,Thiruvanmiyur,Medium,P0153,Tata Sampann Moong Dal 500g,"Atta, Rice & Dal",85,Medium,Ambient,5,5,3,In Stock,0.17,15,13,2,29.4,2026-02-14,425
INV00003344,DS012,Thiruvanmiyur,Medium,P0154,Tata Sampann Chana Dal 1kg,"Atta, Rice & Dal",155,High,Ambient,2,5,3,Low Stock,0.22,20,16,0,9.1,2026-02-09,310
INV00003345,DS012,Thiruvanmiyur,Medium,P0155,Tata Sampann Masoor Dal 500g,"Atta, Rice & Dal",75,High,Ambient,2,5,3,Low Stock,0.18,16,15,2,11.1,2026-02-12,150
INV00003346,DS012,Thiruvanmiyur,Medium,P0156,Tata Sampann Urad Dal 500g,"Atta, Rice & Dal",90,High,Ambient,5,5,3,In Stock,0.27,24,22,0,18.5,2026-02-13,450
INV00003347,DS012,Thiruvanmiyur,Medium,P0157,Rajma 500g,"Atta, Rice & Dal",110,High,Ambient,5,5,3,In Stock,0.26,23,21,1,19.2,2026-02-13,550
INV00003348,DS012,Thiruvanmiyur,Medium,P0158,Kabuli Chana 500g,"Atta, Rice & Dal",95,High,Ambient,4,5,3,In Stock,0.1,9,9,0,40.0,2026-02-11,380
INV00003349,DS012,Thiruvanmiyur,Medium,P0159,Tata Salt 1kg,"Atta, Rice & Dal",22,Medium,Ambient,4,5,3,In Stock,0.1,9,7,2,40.0,2026-02-11,88
INV00003350,DS012,Thiruvanmiyur,Medium,P0160,Tata Salt Lite 1kg,"Atta, Rice & Dal",52,High,Ambient,2,5,3,Low Stock,0.18,16,13,2,11.1,2026-02-10,104
INV00003351,DS012,Thiruvanmiyur,Medium,P0161,Catch Salt 1kg,"Atta, Rice & Dal",20,Medium,Ambient,3,5,3,Low Stock,0.02,2,2,0,150.0,2026-02-14,60
INV00003352,DS012,Thiruvanmiyur,Medium,P0162,Sugar 1kg,"Atta, Rice & Dal",45,High,Ambient,2,5,3,Low Stock,0.3,27,23,2,6.7,2026-02-15,90
INV00003353,DS012,Thiruvanmiyur,Medium,P0163,Brown Sugar 500g,"Atta, Rice & Dal",50,High,Ambient,3,5,3,Low Stock,0.23,21,18,0,13.0,2026-02-15,150
INV00003354,DS012,Thiruvanmiyur,Medium,P0164,Jaggery Powder 500g,"Atta, Rice & Dal",65,High,Ambient,12,15,4,In Stock,0.0,0,0,0,999.0,2026-02-14,780
INV00003355,DS012,Thiruvanmiyur,Medium,P0165,Rava Medium 500g,"Atta, Rice & Dal",35,High,Ambient,2,5,3,Low Stock,0.26,23,20,0,7.7,2026-02-09,70
INV00003356,DS012,Thiruvanmiyur,Medium,P0166,Poha Thick 500g,"Atta, Rice & Dal",45,High,Ambient,2,5,3,Low Stock,0.17,15,15,1,11.8,2026-02-09,90
INV00003357,DS012,Thiruvanmiyur,Medium,P0167,Sabudana 500g,"Atta, Rice & Dal",75,High,Ambient,2,5,3,Low Stock,0.26,23,21,0,7.7,2026-02-14,150
INV00003358,DS012,Thiruvanmiyur,Medium,P0168,MDH Deggi Mirch 100g,"Masala, Oil & More",85,Medium,Ambient,4,5,3,In Stock,0.08,7,6,0,50.0,2026-02-10,340
INV00003359,DS012,Thiruvanmiyur,Medium,P0169,MDH Garam Masala 100g,"Masala, Oil & More",90,High,Ambient,2,5,3,Low Stock,0.14,13,13,2,14.3,2026-02-11,180
INV00003360,DS012,Thiruvanmiyur,Medium,P0170,MDH Chana Masala 100g,"Masala, Oil & More",85,Low,Ambient,3,5,3,Low Stock,0.03,3,2,1,100.0,2026-02-10,255
INV00003361,DS012,Thiruvanmiyur,Medium,P0171,Everest Turmeric Powder 200g,"Masala, Oil & More",95,High,Ambient,4,5,3,In Stock,0.09,8,8,1,44.4,2026-02-14,380
INV00003362,DS012,Thiruvanmiyur,Medium,P0172,Everest Red Chilli Powder 200g,"Masala, Oil & More",105,Medium,Ambient,5,5,3,In Stock,0.06,5,5,0,83.3,2026-02-15,525
INV00003363,DS012,Thiruvanmiyur,Medium,P0173,Everest Coriander Powder 200g,"Masala, Oil & More",65,Medium,Ambient,4,5,3,In Stock,0.13,12,11,0,30.8,2026-02-13,260
INV00003364,DS012,Thiruvanmiyur,Medium,P0174,Catch Cumin Powder 100g,"Masala, Oil & More",70,High,Ambient,4,5,3,In Stock,0.26,23,18,1,15.4,2026-02-09,280
INV00003365,DS012,Thiruvanmiyur,Medium,P0175,Catch Chat Masala 100g,"Masala, Oil & More",60,High,Ambient,2,5,3,Low Stock,0.18,16,15,0,11.1,2026-02-14,120
INV00003366,DS012,Thiruvanmiyur,Medium,P0176,Ching Secret Manchurian 60g,"Masala, Oil & More",65,Low,Ambient,2,5,3,Low Stock,0.02,2,2,1,100.0,2026-02-14,130
INV00003367,DS012,Thiruvanmiyur,Medium,P0177,Maggi Magic Cubes 40g,"Masala, Oil & More",20,Medium,Ambient,5,5,3,In Stock,0.06,5,4,0,83.3,2026-02-11,100
INV00003368,DS012,Thiruvanmiyur,Medium,P0178,Kissan Fresh Tomato Ketchup 900g,"Masala, Oil & More",120,High,Ambient,2,5,3,Low Stock,0.18,16,16,2,11.1,2026-02-15,240
INV00003369,DS012,Thiruvanmiyur,Medium,P0179,Kissan Tomato Sauce 1kg,"Masala, Oil & More",125,High,Ambient,4,5,3,In Stock,0.2,18,16,1,20.0,2026-02-10,500
INV00003370,DS012,Thiruvanmiyur,Medium,P0180,Maggi Hot & Sweet Sauce 1kg,"Masala, Oil & More",140,High,Ambient,5,5,3,In Stock,0.27,24,22,0,18.5,2026-02-15,700
INV00003371,DS012,Thiruvanmiyur,Medium,P0181,Fortune Sunflower Oil 1L,"Masala, Oil & More",160,Low,Ambient,5,6,3,In Stock,0.0,0,0,0,999.0,2026-02-11,800
INV00003372,DS012,Thiruvanmiyur,Medium,P0182,Fortune Refined Oil 5L,"Masala, Oil & More",750,Medium,Ambient,4,5,3,In Stock,0.11,10,9,2,36.4,2026-02-11,3000
INV00003373,DS012,Thiruvanmiyur,Medium,P0183,Sundrop Sunflower Oil 1L,"Masala, Oil & More",155,Medium,Ambient,2,5,3,Low Stock,0.06,5,5,1,33.3,2026-02-10,310
INV00003374,DS012,Thiruvanmiyur,Medium,P0184,Dhara Refined Oil 1L,"Masala, Oil & More",150,Medium,Ambient,4,5,3,In Stock,0.01,1,1,1,400.0,2026-02-12,600
INV00003375,DS012,Thiruvanmiyur,Medium,P0185,Fortune Mustard Oil 1L,"Masala, Oil & More",185,High,Ambient,5,5,3,In Stock,0.26,23,22,1,19.2,2026-02-11,925
INV00003376,DS012,Thiruvanmiyur,Medium,P0186,KS Gingelly Oil 500ml,"Masala, Oil & More",200,Medium,Ambient,2,5,3,Low Stock,0.11,10,9,0,18.2,2026-02-13,400
INV00003377,DS012,Thiruvanmiyur,Medium,P0187,Parachute Coconut Oil 500ml,"Masala, Oil & More",195,High,Ambient,2,5,3,Low Stock,0.19,17,14,2,10.5,2026-02-12,390
INV00003378,DS012,Thiruvanmiyur,Medium,P0188,Saffola Gold Oil 1L,"Masala, Oil & More",250,High,Ambient,4,5,3,In Stock,0.22,20,18,1,18.2,2026-02-09,1000
INV00003379,DS012,Thiruvanmiyur,Medium,P0189,Ghee 500ml,"Masala, Oil & More",295,Low,Ambient,5,5,3,In Stock,0.03,3,2,2,166.7,2026-02-11,1475
INV00003380,DS012,Thiruvanmiyur,Medium,P0190,Amul Pure Ghee 500ml,"Masala, Oil & More",340,Medium,Ambient,5,5,3,In Stock,0.08,7,6,2,62.5,2026-02-12,1700
INV00003381,DS012,Thiruvanmiyur,Medium,P0191,Dalda Vanaspati 1L,"Masala, Oil & More",200,High,Ambient,2,5,3,Low Stock,0.32,29,24,0,6.2,2026-02-14,400
INV00003382,DS012,Thiruvanmiyur,Medium,P0192,Nutella Hazelnut Spread 350g,Sauces & Spreads,385,Medium,Ambient,4,5,3,In Stock,0.04,4,3,0,100.0,2026-02-10,1540
INV00003383,DS012,Thiruvanmiyur,Medium,P0193,Kissan Mixed Fruit Jam 500g,Sauces & Spreads,140,Medium,Ambient,2,5,3,Low Stock,0.07,6,6,1,28.6,2026-02-15,280
INV00003384,DS012,Thiruvanmiyur,Medium,P0194,Kissan Pineapple Jam 500g,Sauces & Spreads,135,Medium,Ambient,2,5,3,Low Stock,0.09,8,7,0,22.2,2026-02-10,270
INV00003385,DS012,Thiruvanmiyur,Medium,P0195,Mapro Mango Jam 500g,Sauces & Spreads,155,Low,Ambient,2,5,3,Low Stock,0.09,8,7,1,22.2,2026-02-13,310
INV00003386,DS012,Thiruvanmiyur,Medium,P0196,Hersheys Chocolate Syrup 623g,Sauces & Spreads,325,Medium,Ambient,3,5,3,Low Stock,0.01,1,1,2,300.0,2026-02-14,975
INV00003387,DS012,Thiruvanmiyur,Medium,P0197,Veeba Mayonnaise 250g,Sauces & Spreads,85,Low,Ambient,3,5,3,Low Stock,0.02,2,2,2,150.0,2026-02-11,255
INV00003388,DS012,Thiruvanmiyur,Medium,P0198,Funfoods Peri Peri Sauce 325g,Sauces & Spreads,130,Medium,Ambient,3,5,3,Low Stock,0.07,6,6,1,42.9,2026-02-13,390
INV00003389,DS012,Thiruvanmiyur,Medium,P0199,Veeba Sandwich Spread 275g,Sauces & Spreads,90,Medium,Ambient,4,5,3,In Stock,0.07,6,6,1,57.1,2026-02-15,360
INV00003390,DS012,Thiruvanmiyur,Medium,P0200,Ching Red Chilli Sauce 680g,Sauces & Spreads,115,Low,Ambient,2,5,3,Low Stock,0.04,4,4,2,50.0,2026-02-15,230
INV00003391,DS012,Thiruvanmiyur,Medium,P0201,Ching Green Chilli Sauce 190g,Sauces & Spreads,60,Medium,Ambient,10,13,3,In Stock,0.0,0,0,0,999.0,2026-02-10,600
INV00003392,DS012,Thiruvanmiyur,Medium,P0202,Del Monte Pasta Sauce 400g,Sauces & Spreads,145,Low,Ambient,2,5,3,Low Stock,0.06,5,4,1,33.3,2026-02-10,290
INV00003393,DS012,Thiruvanmiyur,Medium,P0203,Maggi Pichkoo 90g,Sauces & Spreads,45,Medium,Ambient,3,5,3,Low Stock,0.02,2,2,2,150.0,2026-02-09,135
INV00003394,DS012,Thiruvanmiyur,Medium,P0204,Tata Tea Gold 1kg,"Tea, Coffee & Health Drinks",490,High,Ambient,2,5,3,Low Stock,0.44,40,35,0,4.5,2026-02-10,980
INV00003395,DS012,Thiruvanmiyur,Medium,P0205,Tata Tea Premium 1kg,"Tea, Coffee & Health Drinks",460,Medium,Ambient,2,5,3,Low Stock,0.11,10,9,0,18.2,2026-02-12,920
INV00003396,DS012,Thiruvanmiyur,Medium,P0206,Red Label Natural Care 1kg,"Tea, Coffee & Health Drinks",440,Medium,Ambient,5,5,3,In Stock,0.11,10,8,1,45.5,2026-02-09,2200
INV00003397,DS012,Thiruvanmiyur,Medium,P0207,Brooke Bond Taj Mahal 1kg,"Tea, Coffee & Health Drinks",520,High,Ambient,2,5,3,Low Stock,0.31,28,24,2,6.5,2026-02-10,1040
INV00003398,DS012,Thiruvanmiyur,Medium,P0208,Society Tea 1kg,"Tea, Coffee & Health Drinks",380,High,Ambient,5,5,3,In Stock,0.26,23,23,0,19.2,2026-02-13,1900
INV00003399,DS012,Thiruvanmiyur,Medium,P0209,Nescafe Classic 50g,"Tea, Coffee & Health Drinks",215,High,Ambient,5,5,3,In Stock,0.23,21,17,1,21.7,2026-02-11,1075
INV00003400,DS012,Thiruvanmiyur,Medium,P0210,Bru Instant Coffee 50g,"Tea, Coffee & Health Drinks",175,High,Ambient,2,5,3,Low Stock,0.29,26,25,2,6.9,2026-02-09,350
INV00003401,DS012,Thiruvanmiyur,Medium,P0211,Nescafe Sunrise Premium 50g,"Tea, Coffee & Health Drinks",145,High,Ambient,5,5,3,In Stock,0.3,27,24,1,16.7,2026-02-15,725
INV00003402,DS012,Thiruvanmiyur,Medium,P0212,Bru Gold 100g,"Tea, Coffee & Health Drinks",345,High,Ambient,5,5,3,In Stock,0.27,24,21,1,18.5,2026-02-10,1725
INV00003403,DS012,Thiruvanmiyur,Medium,P0213,Horlicks Classic Malt 500g,"Tea, Coffee & Health Drinks",285,Medium,Ambient,4,5,3,In Stock,0.14,13,9,1,28.6,2026-02-10,1140
INV00003404,DS012,Thiruvanmiyur,Medium,P0214,Boost Health Drink 500g,"Tea, Coffee & Health Drinks",265,High,Ambient,3,5,3,Low Stock,0.17,15,14,1,17.6,2026-02-10,795
INV00003405,DS012,Thiruvanmiyur,Medium,P0215,Complan Chocolate 500g,"Tea, Coffee & Health Drinks",360,Medium,Ambient,2,5,3,Low Stock,0.12,11,11,1,16.7,2026-02-13,720
INV00003406,DS012,Thiruvanmiyur,Medium,P0216,Bournvita 500g,"Tea, Coffee & Health Drinks",250,High,Ambient,2,5,3,Low Stock,0.33,30,25,1,6.1,2026-02-13,500
INV00003407,DS012,Thiruvanmiyur,Medium,P0217,Milo 400g,"Tea, Coffee & Health Drinks",245,Medium,Ambient,2,5,3,Low Stock,0.2,18,16,0,10.0,2026-02-10,490
INV00003408,DS012,Thiruvanmiyur,Medium,P0218,Proteinex Powder 250g,"Tea, Coffee & Health Drinks",285,High,Ambient,5,5,3,In Stock,0.23,21,16,0,21.7,2026-02-15,1425
INV00003409,DS012,Thiruvanmiyur,Medium,P0219,Green Tea 100 Bags,"Tea, Coffee & Health Drinks",350,High,Ambient,3,5,3,Low Stock,0.39,35,29,2,7.7,2026-02-12,1050
INV00003410,DS012,Thiruvanmiyur,Medium,P0220,Lipton Green Tea 25 Bags,"Tea, Coffee & Health Drinks",125,High,Ambient,4,5,3,In Stock,0.37,33,28,2,10.8,2026-02-12,500
INV00003411,DS012,Thiruvanmiyur,Medium,P0221,Vim Dishwash Gel 750ml,Cleaning & Household,95,High,Ambient,3,5,3,Low Stock,0.18,16,15,0,16.7,2026-02-13,285
INV00003412,DS012,Thiruvanmiyur,Medium,P0222,Vim Dishwash Bar 600g,Cleaning & Household,55,Medium,Ambient,3,5,3,Low Stock,0.11,10,8,0,27.3,2026-02-11,165
INV00003413,DS012,Thiruvanmiyur,Medium,P0223,Pril Dishwash Liquid 750ml,Cleaning & Household,105,High,Ambient,5,5,3,In Stock,0.24,22,20,0,20.8,2026-02-09,525
INV00003414,DS012,Thiruvanmiyur,Medium,P0224,Lizol Floor Cleaner 975ml,Cleaning & Household,185,Low,Ambient,2,5,3,Low Stock,0.03,3,2,2,66.7,2026-02-09,370
INV00003415,DS012,Thiruvanmiyur,Medium,P0225,Harpic Toilet Cleaner 1L,Cleaning & Household,165,Medium,Ambient,5,5,3,In Stock,0.13,12,12,0,38.5,2026-02-09,825
INV00003416,DS012,Thiruvanmiyur,Medium,P0226,Domex Toilet Cleaner 1L,Cleaning & Household,135,High,Ambient,2,5,3,Low Stock,0.1,9,8,1,20.0,2026-02-10,270
INV00003417,DS012,Thiruvanmiyur,Medium,P0227,Colin Glass Cleaner 500ml,Cleaning & Household,155,Medium,Ambient,2,5,3,Low Stock,0.09,8,7,1,22.2,2026-02-13,310
INV00003418,DS012,Thiruvanmiyur,Medium,P0228,Surf Excel Matic 2kg,Cleaning & Household,365,Low,Ambient,4,5,3,In Stock,0.08,7,6,0,50.0,2026-02-10,1460
INV00003419,DS012,Thiruvanmiyur,Medium,P0229,Ariel Matic 2kg,Cleaning & Household,395,Medium,Ambient,2,5,3,Low Stock,0.08,7,6,2,25.0,2026-02-10,790
INV00003420,DS012,Thiruvanmiyur,Medium,P0230,Tide Plus 2kg,Cleaning & Household,285,High,Ambient,2,5,3,Low Stock,0.22,20,18,2,9.1,2026-02-14,570
INV00003421,DS012,Thiruvanmiyur,Medium,P0231,Comfort Fabric Conditioner 860ml,Cleaning & Household,195,Medium,Ambient,5,5,3,In Stock,0.09,8,8,2,55.6,2026-02-15,975
INV00003422,DS012,Thiruvanmiyur,Medium,P0232,Rin Detergent Bar 250g,Cleaning & Household,35,Medium,Ambient,4,5,3,In Stock,0.06,5,5,1,66.7,2026-02-14,140
INV00003423,DS012,Thiruvanmiyur,Medium,P0233,Godrej aer Spray 240ml,Cleaning & Household,199,Low,Ambient,2,5,3,Low Stock,0.08,7,6,0,25.0,2026-02-10,398
INV00003424,DS012,Thiruvanmiyur,Medium,P0234,Good Knight Activ+ Refill 45ml,Cleaning & Household,115,High,Ambient,4,5,3,In Stock,0.23,21,19,2,17.4,2026-02-12,460
INV00003425,DS012,Thiruvanmiyur,Medium,P0235,All Out Refill 45ml,Cleaning & Household,95,High,Ambient,15,16,4,In Stock,0.0,0,0,0,999.0,2026-02-15,1425
INV00003426,DS012,Thiruvanmiyur,Medium,P0236,Mortein Insect Spray 425ml,Cleaning & Household,225,Medium,Ambient,3,5,3,Low Stock,0.12,11,9,1,25.0,2026-02-14,675
INV00003427,DS012,Thiruvanmiyur,Medium,P0237,Hit Cockroach Killer 625ml,Cleaning & Household,245,High,Ambient,5,5,3,In Stock,0.19,17,17,2,26.3,2026-02-10,1225
INV00003428,DS012,Thiruvanmiyur,Medium,P0238,Scotch Brite Scrub Pad 3pc,Cleaning & Household,75,High,Ambient,4,5,3,In Stock,0.17,15,14,0,23.5,2026-02-13,300
INV00003429,DS012,Thiruvanmiyur,Medium,P0239,Savlon Handwash 750ml,Cleaning & Household,135,High,Ambient,4,5,3,In Stock,0.17,15,13,2,23.5,2026-02-13,540
INV00003430,DS012,Thiruvanmiyur,Medium,P0240,Dettol Handwash 750ml,Cleaning & Household,155,Low,Ambient,3,5,3,Low Stock,0.06,5,4,1,50.0,2026-02-09,465
INV00003431,DS012,Thiruvanmiyur,Medium,P0241,Origami Tissues 100 Pulls,Cleaning & Household,45,Medium,Ambient,3,5,3,Low Stock,0.1,9,9,2,30.0,2026-02-13,135
INV00003432,DS012,Thiruvanmiyur,Medium,P0242,Dettol Soap 125g (4 pack),Personal Care,145,High,Ambient,4,5,3,In Stock,0.21,19,16,2,19.0,2026-02-09,580
INV00003433,DS012,Thiruvanmiyur,Medium,P0243,Lifebuoy Soap 125g (4 pack),Personal Care,115,High,Ambient,4,5,3,In Stock,0.27,24,21,0,14.8,2026-02-12,460
INV00003434,DS012,Thiruvanmiyur,Medium,P0244,Dove Soap 125g (3 pack),Personal Care,180,Medium,Ambient,4,5,3,In Stock,0.13,12,9,0,30.8,2026-02-10,720
INV00003435,DS012,Thiruvanmiyur,Medium,P0245,Pears Soap 125g (3 pack),Personal Care,150,High,Ambient,13,30,9,In Stock,0.0,0,0,0,999.0,2026-02-14,1950
INV00003436,DS012,Thiruvanmiyur,Medium,P0246,Lux Soap 125g (3 pack),Personal Care,125,High,Ambient,4,5,3,In Stock,0.27,24,21,2,14.8,2026-02-15,500
INV00003437,DS012,Thiruvanmiyur,Medium,P0247,Clinic Plus Shampoo 650ml,Personal Care,265,Low,Ambient,4,5,3,In Stock,0.04,4,3,2,100.0,2026-02-14,1060
INV00003438,DS012,Thiruvanmiyur,Medium,P0248,Pantene Shampoo 650ml,Personal Care,385,High,Ambient,3,5,3,Low Stock,0.21,19,17,2,14.3,2026-02-13,1155
INV00003439,DS012,Thiruvanmiyur,Medium,P0249,Dove Shampoo 650ml,Personal Care,425,Medium,Ambient,2,5,3,Low Stock,0.09,8,8,1,22.2,2026-02-09,850
INV00003440,DS012,Thiruvanmiyur,Medium,P0250,Head & Shoulders 650ml,Personal Care,485,High,Ambient,3,5,3,Low Stock,0.23,21,18,1,13.0,2026-02-15,1455
INV00003441,DS012,Thiruvanmiyur,Medium,P0251,Sunsilk Shampoo 650ml,Personal Care,295,High,Ambient,4,5,3,In Stock,0.26,23,20,2,15.4,2026-02-14,1180
INV00003442,DS012,Thiruvanmiyur,Medium,P0252,Colgate Total 300g,Personal Care,185,Medium,Ambient,5,5,3,In Stock,0.09,8,7,1,55.6,2026-02-15,925
INV00003443,DS012,Thiruvanmiyur,Medium,P0253,Colgate Maxfresh 150g,Personal Care,105,High,Ambient,5,5,3,In Stock,0.21,19,16,0,23.8,2026-02-15,525
INV00003444,DS012,Thiruvanmiyur,Medium,P0254,Pepsodent 200g,Personal Care,85,High,Ambient,2,5,3,Low Stock,0.19,17,15,2,10.5,2026-02-11,170
INV00003445,DS012,Thiruvanmiyur,Medium,P0255,Sensodyne Toothpaste 150g,Personal Care,265,Medium,Ambient,2,5,3,Low Stock,0.03,3,3,1,66.7,2026-02-13,530
INV00003446,DS012,Thiruvanmiyur,Medium,P0256,Oral B Toothbrush,Personal Care,95,High,Ambient,22,20,6,In Stock,0.0,0,0,0,999.0,2026-02-09,2090
INV00003447,DS012,Thiruvanmiyur,Medium,P0257,Gillette Shaving Cream 418g,Personal Care,265,Medium,Ambient,2,5,3,Low Stock,0.07,6,6,0,28.6,2026-02-14,530
INV00003448,DS012,Thiruvanmiyur,Medium,P0258,Gillette Mach 3 Razor,Personal Care,285,High,Ambient,4,5,3,In Stock,0.18,16,14,1,22.2,2026-02-09,1140
INV00003449,DS012,Thiruvanmiyur,Medium,P0259,Veet Hair Removal Cream 100g,Personal Care,215,High,Ambient,4,5,3,In Stock,0.28,25,21,2,14.3,2026-02-10,860
INV00003450,DS012,Thiruvanmiyur,Medium,P0260,Nivea Body Lotion 400ml,Personal Care,295,High,Ambient,5,5,3,In Stock,0.16,14,13,2,31.2,2026-02-11,1475
INV00003451,DS012,Thiruvanmiyur,Medium,P0261,Vaseline Petroleum Jelly 100ml,Personal Care,105,High,Ambient,3,5,3,Low Stock,0.28,25,21,0,10.7,2026-02-11,315
INV00003452,DS012,Thiruvanmiyur,Medium,P0262,Ponds Face Cream 100ml,Personal Care,235,Medium,Ambient,3,5,3,Low Stock,0.09,8,7,0,33.3,2026-02-15,705
INV00003453,DS012,Thiruvanmiyur,Medium,P0263,Fair & Lovely 80g,Personal Care,175,High,Ambient,4,5,3,In Stock,0.23,21,16,1,17.4,2026-02-11,700
INV00003454,DS012,Thiruvanmiyur,Medium,P0264,Garnier Face Wash 100g,Personal Care,145,Medium,Ambient,5,5,3,In Stock,0.06,5,5,2,83.3,2026-02-13,725
INV00003455,DS012,Thiruvanmiyur,Medium,P0265,Lakmé Face Cream 60g,Personal Care,295,High,Ambient,3,5,3,Low Stock,0.17,15,13,2,17.6,2026-02-09,885
INV00003456,DS012,Thiruvanmiyur,Medium,P0266,Johnson Baby Powder 400g,Personal Care,285,High,Ambient,5,5,3,In Stock,0.17,15,14,0,29.4,2026-02-12,1425
INV00003457,DS012,Thiruvanmiyur,Medium,P0267,Dettol Handwash Refill 750ml,Personal Care,145,High,Ambient,2,5,3,Low Stock,0.21,19,15,0,9.5,2026-02-10,290
INV00003458,DS012,Thiruvanmiyur,Medium,P0268,Savlon Antiseptic Liquid 500ml,Personal Care,165,High,Ambient,12,19,5,In Stock,0.0,0,0,0,999.0,2026-02-11,1980
INV00003459,DS012,Thiruvanmiyur,Medium,P0269,Band Aid 10pc,Personal Care,55,Medium,Ambient,2,5,3,Low Stock,0.04,4,4,1,50.0,2026-02-13,110
INV00003460,DS012,Thiruvanmiyur,Medium,P0270,Vicks VapoRub 50ml,Personal Care,145,High,Ambient,3,5,3,Low Stock,0.18,16,15,0,16.7,2026-02-14,435
INV00003461,DS012,Thiruvanmiyur,Medium,P0271,Dettol Antiseptic Liquid 550ml,Personal Care,195,High,Ambient,4,5,3,In Stock,0.36,32,26,0,11.1,2026-02-14,780
INV00003462,DS012,Thiruvanmiyur,Medium,P0272,Cotton Buds 100pc,Personal Care,45,High,Ambient,3,5,3,Low Stock,0.3,27,22,2,10.0,2026-02-12,135
INV00003463,DS012,Thiruvanmiyur,Medium,P0273,Whisper Ultra XL 15 Pads,Personal Care,185,Medium,Ambient,2,5,3,Low Stock,0.1,9,7,0,20.0,2026-02-13,370
INV00003464,DS012,Thiruvanmiyur,Medium,P0274,Stayfree Secure XL 20 Pads,Personal Care,195,High,Ambient,2,5,3,Low Stock,0.28,25,22,2,7.1,2026-02-12,390
INV00003465,DS012,Thiruvanmiyur,Medium,P0275,Sanfe Sanitary Napkins 10pc,Personal Care,155,Medium,Ambient,5,5,3,In Stock,0.11,10,8,0,45.5,2026-02-13,775
INV00003466,DS012,Thiruvanmiyur,Medium,P0276,Pampers Baby Diapers S 20pc,Baby Care,495,Low,Ambient,3,5,3,Low Stock,0.03,3,3,0,100.0,2026-02-12,1485
INV00003467,DS012,Thiruvanmiyur,Medium,P0277,Pampers Baby Diapers M 18pc,Baby Care,595,Medium,Ambient,2,5,3,Low Stock,0.03,3,3,2,66.7,2026-02-10,1190
INV00003468,DS012,Thiruvanmiyur,Medium,P0278,Pampers Baby Diapers L 16pc,Baby Care,695,Low,Ambient,2,5,3,Low Stock,0.11,10,8,0,18.2,2026-02-15,1390
INV00003469,DS012,Thiruvanmiyur,Medium,P0279,Huggies Diapers S 22pc,Baby Care,485,Medium,Ambient,4,5,3,In Stock,0.07,6,6,0,57.1,2026-02-12,1940
INV00003470,DS012,Thiruvanmiyur,Medium,P0280,Mamy Poko Pants M 20pc,Baby Care,575,Medium,Ambient,3,5,3,Low Stock,0.1,9,8,1,30.0,2026-02-14,1725
INV00003471,DS012,Thiruvanmiyur,Medium,P0281,Johnson Baby Soap 100g,Baby Care,55,Medium,Ambient,3,5,3,Low Stock,0.09,8,7,1,33.3,2026-02-14,165
INV00003472,DS012,Thiruvanmiyur,Medium,P0282,Johnson Baby Shampoo 200ml,Baby Care,175,Medium,Ambient,4,5,3,In Stock,0.07,6,5,1,57.1,2026-02-09,700
INV00003473,DS012,Thiruvanmiyur,Medium,P0283,Johnson Baby Lotion 200ml,Baby Care,195,Low,Ambient,4,5,3,In Stock,0.03,3,3,2,133.3,2026-02-14,780
INV00003474,DS012,Thiruvanmiyur,Medium,P0284,Johnson Baby Powder 200g,Baby Care,185,Low,Ambient,2,5,3,Low Stock,0.02,2,2,1,100.0,2026-02-10,370
INV00003475,DS012,Thiruvanmiyur,Medium,P0285,Himalaya Baby Lotion 200ml,Baby Care,165,Low,Ambient,4,5,3,In Stock,0.02,2,2,2,200.0,2026-02-13,660
INV00003476,DS012,Thiruvanmiyur,Medium,P0286,Cerelac Wheat 300g,Baby Care,185,Low,Ambient,5,5,3,In Stock,0.06,5,4,1,83.3,2026-02-15,925
INV00003477,DS012,Thiruvanmiyur,Medium,P0287,Cerelac Multi Grain 300g,Baby Care,195,Medium,Ambient,2,5,3,Low Stock,0.09,8,7,0,22.2,2026-02-14,390
INV00003478,DS012,Thiruvanmiyur,Medium,P0288,Lactogen 1 (0-6 months) 400g,Baby Care,495,Medium,Ambient,5,5,3,In Stock,0.09,8,7,0,55.6,2026-02-11,2475
INV00003479,DS012,Thiruvanmiyur,Medium,P0289,Farex Baby Food 300g,Baby Care,175,Medium,Ambient,4,5,3,In Stock,0.1,9,8,2,40.0,2026-02-10,700
INV00003480,DS012,Thiruvanmiyur,Medium,P0290,Himalaya Baby Wipes 72pc,Baby Care,165,Medium,Ambient,4,5,3,In Stock,0.07,6,5,1,57.1,2026-02-12,660
